timestamp,open,high,low,close,volume
2024-11-01 00:00:00+00:00,2518.7,2532.62,2466.02,2502.91,23642.69622
2024-11-01 04:00:00+00:00,2502.91,2516.2,2485.41,2503.9,12498.475419
2024-11-01 08:00:00+00:00,2503.91,2526.0,2494.42,2515.6,12477.567052
2024-11-01 12:00:00+00:00,2515.61,2587.0,2481.75,2500.11,50642.954236
2024-11-01 16:00:00+00:00,2500.1,2538.0,2495.34,2514.45,21009.915102
2024-11-01 20:00:00+00:00,2514.66,2527.56,2485.02,2511.76,9105.509421
2024-11-02 00:00:00+00:00,2511.77,2523.46,2501.8,2506.79,4577.063394
2024-11-02 04:00:00+00:00,2506.8,2514.0,2499.6,2507.74,3745.97968
2024-11-02 08:00:00+00:00,2507.7,2510.45,2490.99,2502.08,4588.755497
2024-11-02 12:00:00+00:00,2502.09,2504.59,2470.0,2488.79,16864.410399
2024-11-02 16:00:00+00:00,2488.79,2497.79,2479.56,2492.81,4379.411669
2024-11-02 20:00:00+00:00,2492.9,2497.79,2485.2,2494.3,3234.009768
2024-11-03 00:00:00+00:00,2494.31,2496.3,2421.27,2449.4,19803.87013
2024-11-03 04:00:00+00:00,2449.41,2463.7,2441.5,2450.27,7161.394814
2024-11-03 08:00:00+00:00,2450.32,2462.68,2444.15,2454.66,13975.122305
2024-11-03 12:00:00+00:00,2454.67,2460.41,2413.08,2442.75,20517.228037
2024-11-03 16:00:00+00:00,2442.74,2459.43,2410.0,2452.87,13554.780255
2024-11-03 20:00:00+00:00,2452.85,2475.2,2447.27,2457.52,10095.07789
2024-11-04 00:00:00+00:00,2457.59,2491.4,2434.81,2473.61,11044.71039
2024-11-04 04:00:00+00:00,2473.72,2482.43,2457.4,2459.46,5979.129597
2024-11-04 08:00:00+00:00,2459.46,2478.14,2447.41,2470.42,8149.239377
2024-11-04 12:00:00+00:00,2470.44,2485.77,2432.0,2442.8,13198.897122
2024-11-04 16:00:00+00:00,2442.93,2446.37,2405.78,2430.36,22107.98455
2024-11-04 20:00:00+00:00,2430.37,2431.73,2357.33,2398.15,38069.418637
2024-11-05 00:00:00+00:00,2398.21,2421.66,2380.98,2420.58,19693.395951
2024-11-05 04:00:00+00:00,2420.57,2445.64,2417.4,2443.19,8815.904229
2024-11-05 08:00:00+00:00,2443.29,2448.0,2430.31,2440.71,8119.91695
2024-11-05 12:00:00+00:00,2440.72,2480.53,2427.22,2440.85,36102.268821
2024-11-05 16:00:00+00:00,2440.96,2474.97,2400.77,2408.24,20615.221699
2024-11-05 20:00:00+00:00,2408.29,2440.21,2401.77,2422.4,11271.615972
2024-11-06 00:00:00+00:00,2422.51,2636.16,2420.52,2579.5,102587.73949
2024-11-06 04:00:00+00:00,2579.51,2643.22,2560.49,2594.45,70864.99373
2024-11-06 08:00:00+00:00,2594.45,2637.5,2571.01,2629.59,40944.013914
2024-11-06 12:00:00+00:00,2629.65,2666.66,2608.39,2634.21,41147.006536
2024-11-06 16:00:00+00:00,2634.21,2687.4,2633.33,2687.39,22271.491719
2024-11-06 20:00:00+00:00,2687.39,2745.0,2669.43,2721.85,33238.717092
2024-11-07 00:00:00+00:00,2721.86,2880.08,2699.6,2852.59,80658.19218
2024-11-07 04:00:00+00:00,2852.61,2855.16,2780.02,2820.2,46353.48259
2024-11-07 08:00:00+00:00,2820.2,2830.96,2790.01,2792.4,19766.562951
2024-11-07 12:00:00+00:00,2792.4,2848.82,2775.15,2847.49,31073.448852
2024-11-07 16:00:00+00:00,2847.78,2893.81,2823.37,2885.39,41300.935025
2024-11-07 20:00:00+00:00,2885.39,2916.32,2864.14,2895.42,31055.776207
2024-11-08 00:00:00+00:00,2895.42,2955.0,2886.4,2902.67,44076.606949
2024-11-08 04:00:00+00:00,2902.66,2924.56,2892.26,2912.24,28198.694728
2024-11-08 08:00:00+00:00,2912.03,2931.0,2893.73,2914.57,18530.499965
2024-11-08 12:00:00+00:00,2914.56,2956.49,2903.06,2936.8,35770.889257
2024-11-08 16:00:00+00:00,2936.89,2982.59,2890.32,2949.82,43961.334687
2024-11-08 20:00:00+00:00,2949.83,2975.59,2915.67,2962.15,19581.236452
2024-11-09 00:00:00+00:00,2962.14,2995.51,2954.66,2965.49,35381.937923
2024-11-09 04:00:00+00:00,2965.6,3059.51,2955.0,3030.55,42386.166174
2024-11-09 08:00:00+00:00,3030.59,3056.0,3021.57,3051.6,18751.756457
2024-11-09 12:00:00+00:00,3051.53,3054.62,3028.38,3041.22,12269.158088
2024-11-09 16:00:00+00:00,3041.0,3095.0,2991.18,3070.54,29797.391516
2024-11-09 20:00:00+00:00,3070.54,3158.26,3065.66,3126.35,30011.391709
2024-11-10 00:00:00+00:00,3126.34,3151.3,3103.45,3135.14,29216.499518
2024-11-10 04:00:00+00:00,3135.14,3218.15,3130.13,3185.0,63796.733068
2024-11-10 08:00:00+00:00,3185.0,3230.66,3168.16,3220.2,30101.761963
2024-11-10 12:00:00+00:00,3220.2,3237.78,3168.33,3209.49,38262.002767
2024-11-10 16:00:00+00:00,3209.55,3248.95,3142.27,3163.94,51764.93076
2024-11-10 20:00:00+00:00,3163.94,3227.48,3069.48,3183.15,63187.781507
2024-11-11 00:00:00+00:00,3183.35,3221.99,3170.95,3194.57,27559.881194
2024-11-11 04:00:00+00:00,3194.57,3197.03,3105.0,3139.75,38351.33881
2024-11-11 08:00:00+00:00,3139.87,3212.0,3131.52,3197.09,26159.54201
2024-11-11 12:00:00+00:00,3197.59,3258.51,3137.64,3237.35,71901.342978
2024-11-11 16:00:00+00:00,3237.34,3346.32,3233.36,3300.0,79460.438848
2024-11-11 20:00:00+00:00,3299.51,3388.0,3280.0,3371.46,67765.271011
2024-11-12 00:00:00+00:00,3371.45,3374.99,3247.17,3336.18,68527.614119
2024-11-12 04:00:00+00:00,3336.18,3395.57,3316.51,3368.59,80449.091667
2024-11-12 08:00:00+00:00,3368.96,3444.22,3210.05,3282.1,110907.82603
2024-11-12 12:00:00+00:00,3282.01,3296.99,3208.08,3261.47,65943.720833
2024-11-12 16:00:00+00:00,3262.05,3303.87,3209.0,3272.92,37745.961107
2024-11-12 20:00:00+00:00,3273.01,3304.8,3238.22,3243.8,22448.067378
2024-11-13 00:00:00+00:00,3243.81,3285.42,3202.38,3207.66,37150.294105
2024-11-13 04:00:00+00:00,3207.67,3230.0,3116.72,3161.11,53419.127871
2024-11-13 08:00:00+00:00,3161.12,3192.38,3140.0,3167.6,23517.451435
2024-11-13 12:00:00+00:00,3167.79,3327.7,3152.69,3309.47,80218.514777
2024-11-13 16:00:00+00:00,3309.47,3331.0,3154.97,3158.86,61267.11008
2024-11-13 20:00:00+00:00,3158.86,3197.82,3118.3,3187.18,31473.522304
2024-11-14 00:00:00+00:00,3187.19,3228.19,3163.64,3217.41,26750.977376
2024-11-14 04:00:00+00:00,3217.06,3239.99,3174.0,3217.49,26692.853041
2024-11-14 08:00:00+00:00,3217.47,3230.62,3155.0,3184.99,24753.036318
2024-11-14 12:00:00+00:00,3184.93,3198.73,3056.85,3077.61,57687.34431
2024-11-14 16:00:00+00:00,3077.62,3184.19,3070.29,3145.6,30002.498602
2024-11-14 20:00:00+00:00,3145.6,3145.6,3027.0,3058.97,29006.941127
2024-11-15 00:00:00+00:00,3058.79,3092.46,3034.82,3082.78,19246.783645
2024-11-15 04:00:00+00:00,3082.0,3082.41,3015.0,3038.94,22449.335095
2024-11-15 08:00:00+00:00,3038.94,3114.42,3021.87,3104.25,24338.794284
2024-11-15 12:00:00+00:00,3104.26,3131.59,3015.0,3023.7,39532.373627
2024-11-15 16:00:00+00:00,3023.61,3060.0,3015.6,3039.59,21026.539211
2024-11-15 20:00:00+00:00,3039.8,3120.32,3038.06,3089.66,26479.539401
2024-11-16 00:00:00+00:00,3089.67,3157.2,3071.82,3154.55,17502.333658
2024-11-16 04:00:00+00:00,3154.45,3164.82,3101.6,3106.6,15247.819264
2024-11-16 08:00:00+00:00,3106.61,3196.0,3103.61,3195.24,18314.293471
2024-11-16 12:00:00+00:00,3195.25,3220.0,3120.68,3141.02,35199.412986
2024-11-16 16:00:00+00:00,3141.02,3185.0,3128.29,3169.07,11778.833711
2024-11-16 20:00:00+00:00,3169.07,3175.35,3122.22,3133.05,7603.935956
2024-11-17 00:00:00+00:00,3133.33,3154.48,3035.0,3080.4,28429.615881
2024-11-17 04:00:00+00:00,3080.4,3147.71,3075.79,3136.86,22796.005242
2024-11-17 08:00:00+00:00,3136.87,3162.2,3100.72,3105.19,18169.717712
2024-11-17 12:00:00+00:00,3105.12,3126.89,3067.39,3086.37,18421.051672
2024-11-17 16:00:00+00:00,3086.75,3115.66,3071.81,3098.2,12107.907619
2024-11-17 20:00:00+00:00,3098.2,3107.29,3042.95,3076.26,18068.796783
2024-11-18 00:00:00+00:00,3076.39,3124.29,3069.07,3111.93,15058.917796
2024-11-18 04:00:00+00:00,3111.93,3150.0,3096.39,3130.39,17558.306833
2024-11-18 08:00:00+00:00,3130.39,3139.97,3050.51,3056.33,26151.905431
2024-11-18 12:00:00+00:00,3056.67,3157.75,3052.02,3143.81,46436.367313
2024-11-18 16:00:00+00:00,3143.52,3199.39,3090.16,3127.2,52635.207789
2024-11-18 20:00:00+00:00,3127.06,3224.72,3122.38,3208.01,32749.260447
2024-11-19 00:00:00+00:00,3208.0,3221.71,3142.8,3148.78,23310.064498
2024-11-19 04:00:00+00:00,3148.85,3159.4,3108.6,3118.21,16730.066666
2024-11-19 08:00:00+00:00,3118.21,3130.4,3091.47,3126.37,16796.612731
2024-11-19 12:00:00+00:00,3126.59,3150.0,3075.39,3103.94,41454.157215
2024-11-19 16:00:00+00:00,3104.7,3144.66,3099.2,3122.22,21910.043262
2024-11-19 20:00:00+00:00,3122.22,3131.57,3065.21,3107.69,20995.612643
2024-11-20 00:00:00+00:00,3107.68,3125.0,3071.85,3096.27,17602.185056
2024-11-20 04:00:00+00:00,3095.87,3115.22,3086.36,3109.3,12985.552733
2024-11-20 08:00:00+00:00,3109.3,3134.91,3084.04,3099.98,20266.468003
2024-11-20 12:00:00+00:00,3100.16,3159.18,3081.75,3129.6,52430.060862
2024-11-20 16:00:00+00:00,3129.59,3135.1,3029.51,3057.9,39458.987524
2024-11-20 20:00:00+00:00,3057.6,3092.81,3044.34,3070.0,14216.414764
2024-11-21 00:00:00+00:00,3070.0,3100.6,3032.05,3081.81,27473.289092
2024-11-21 04:00:00+00:00,3081.82,3143.79,3079.95,3136.92,44885.6603
2024-11-21 08:00:00+00:00,3136.92,3154.86,3118.01,3147.64,25626.342703
2024-11-21 12:00:00+00:00,3147.61,3371.62,3146.1,3277.21,159296.253126
2024-11-21 16:00:00+00:00,3277.2,3386.98,3277.2,3347.04,47274.541263
2024-11-21 20:00:00+00:00,3347.04,3378.99,3334.22,3356.15,19709.539816
2024-11-22 00:00:00+00:00,3356.11,3380.37,3304.09,3366.05,35135.652031
2024-11-22 04:00:00+00:00,3366.06,3426.46,3354.7,3362.58,46820.911834
2024-11-22 08:00:00+00:00,3362.58,3383.97,3311.72,3344.66,33852.474196
2024-11-22 12:00:00+00:00,3344.66,3357.41,3258.06,3314.01,67161.481641
2024-11-22 16:00:00+00:00,3313.88,3321.42,3265.0,3282.52,27047.38671
2024-11-22 20:00:00+00:00,3282.51,3330.5,3272.83,3327.68,17369.965472
2024-11-23 00:00:00+00:00,3327.83,3364.83,3313.0,3345.85,29911.807898
2024-11-23 04:00:00+00:00,3345.86,3362.0,3327.01,3341.23,23030.940527
2024-11-23 08:00:00+00:00,3341.33,3403.51,3336.11,3354.21,29830.817224
2024-11-23 12:00:00+00:00,3354.4,3500.0,3349.39,3460.47,73931.895982
2024-11-23 16:00:00+00:00,3460.75,3470.9,3379.06,3407.84,40864.87563
2024-11-23 20:00:00+00:00,3407.49,3428.11,3378.98,3394.16,14021.15954
2024-11-24 00:00:00+00:00,3394.17,3449.36,3388.89,3427.16,14860.123827
2024-11-24 04:00:00+00:00,3427.16,3432.37,3398.0,3422.5,10786.394942
2024-11-24 08:00:00+00:00,3422.5,3428.43,3339.54,3344.05,24008.202254
2024-11-24 12:00:00+00:00,3343.75,3357.51,3281.53,3294.33,38430.511567
2024-11-24 16:00:00+00:00,3294.33,3334.17,3286.64,3326.23,17213.350113
2024-11-24 20:00:00+00:00,3326.11,3372.49,3321.13,3361.2,15123.022106
2024-11-25 00:00:00+00:00,3361.02,3370.0,3300.18,3362.08,17354.600151
2024-11-25 04:00:00+00:00,3362.31,3420.0,3361.03,3399.42,23308.991847
2024-11-25 08:00:00+00:00,3399.22,3526.0,3396.47,3471.62,55905.567972
2024-11-25 12:00:00+00:00,3471.61,3537.6,3348.09,3518.0,102702.082186
2024-11-25 16:00:00+00:00,3517.99,3546.77,3423.62,3464.01,56135.789273
2024-11-25 20:00:00+00:00,3464.01,3505.26,3364.1,3415.0,40807.795853
2024-11-26 00:00:00+00:00,3414.49,3462.37,3396.14,3434.18,25652.697301
2024-11-26 04:00:00+00:00,3434.19,3443.22,3382.4,3394.68,20586.215422
2024-11-26 08:00:00+00:00,3394.68,3397.39,3280.27,3323.99,54250.720586
2024-11-26 12:00:00+00:00,3323.19,3362.26,3290.26,3296.61,32219.788561
2024-11-26 16:00:00+00:00,3296.61,3338.39,3252.59,3300.58,25956.250359
2024-11-26 20:00:00+00:00,3300.49,3344.58,3288.56,3325.13,16230.054157
2024-11-27 00:00:00+00:00,3325.14,3372.02,3302.13,3360.52,21792.191774
2024-11-27 04:00:00+00:00,3360.51,3445.86,3358.85,3423.59,29702.521756
2024-11-27 08:00:00+00:00,3423.58,3484.95,3402.51,3460.41,23872.429868
2024-11-27 12:00:00+00:00,3460.4,3573.07,3441.5,3552.2,58296.397329
2024-11-27 16:00:00+00:00,3552.21,3612.0,3534.28,3589.95,43492.845897
2024-11-27 20:00:00+00:00,3589.84,3685.31,3588.06,3653.43,42362.319133
2024-11-28 00:00:00+00:00,3653.21,3662.0,3564.7,3598.88,36765.304166
2024-11-28 04:00:00+00:00,3599.4,3618.88,3566.67,3592.57,20268.438968
2024-11-28 08:00:00+00:00,3592.63,3638.6,3574.76,3620.78,21365.485314
2024-11-28 12:00:00+00:00,3620.2,3641.78,3537.11,3541.98,42343.222186
2024-11-28 16:00:00+00:00,3542.07,3585.0,3530.11,3575.7,13600.283364
2024-11-28 20:00:00+00:00,3575.7,3599.99,3550.1,3578.42,9419.188382
2024-11-29 00:00:00+00:00,3578.95,3602.28,3550.18,3583.69,15873.943141
2024-11-29 04:00:00+00:00,3583.69,3596.0,3535.0,3544.99,25466.748709
2024-11-29 08:00:00+00:00,3544.99,3599.9,3544.98,3594.43,16351.170415
2024-11-29 12:00:00+00:00,3594.49,3645.8,3573.66,3613.8,27730.376243
2024-11-29 16:00:00+00:00,3613.8,3620.0,3559.12,3583.36,21712.316215
2024-11-29 20:00:00+00:00,3583.37,3604.67,3575.15,3591.99,6974.951898
2024-11-30 00:00:00+00:00,3592.0,3661.0,3568.01,3657.53,25834.347982
2024-11-30 04:00:00+00:00,3657.56,3726.87,3635.0,3702.62,34458.220001
2024-11-30 08:00:00+00:00,3702.63,3717.7,3630.97,3653.73,25028.470496
2024-11-30 12:00:00+00:00,3653.74,3685.36,3651.57,3674.29,20643.730517
2024-11-30 16:00:00+00:00,3674.29,3696.87,3657.21,3689.9,11127.276517
2024-11-30 20:00:00+00:00,3689.6,3739.0,3686.9,3703.63,18326.103727
2024-12-01 00:00:00+00:00,3703.64,3731.43,3658.63,3707.12,23532.78017
2024-12-01 04:00:00+00:00,3707.18,3716.85,3681.21,3701.88,9413.330613
2024-12-01 08:00:00+00:00,3701.87,3717.18,3675.11,3692.0,12107.477292
2024-12-01 12:00:00+00:00,3692.0,3746.12,3678.45,3728.07,17861.176534
2024-12-01 16:00:00+00:00,3728.07,3744.0,3693.4,3707.61,16387.773469
2024-12-01 20:00:00+00:00,3707.61,3734.66,3678.78,3707.45,18537.563035
2024-12-02 00:00:00+00:00,3707.41,3760.35,3675.0,3685.33,38277.672012
2024-12-02 04:00:00+00:00,3685.21,3709.0,3650.0,3666.43,36577.52238
2024-12-02 08:00:00+00:00,3666.42,3672.0,3569.4,3589.06,49494.960713
2024-12-02 12:00:00+00:00,3589.45,3679.48,3582.61,3671.39,29175.588979
2024-12-02 16:00:00+00:00,3671.6,3681.0,3556.33,3612.0,30342.590827
2024-12-02 20:00:00+00:00,3612.21,3644.84,3597.99,3643.79,11689.063232
2024-12-03 00:00:00+00:00,3643.8,3658.09,3607.83,3639.74,18686.461418
2024-12-03 04:00:00+00:00,3639.75,3670.4,3600.01,3616.42,23658.65105
2024-12-03 08:00:00+00:00,3616.43,3634.4,3585.4,3613.36,21737.15446
2024-12-03 12:00:00+00:00,3613.37,3617.56,3500.22,3571.47,59880.012356
2024-12-03 16:00:00+00:00,3571.47,3594.28,3538.29,3577.07,20679.336584
2024-12-03 20:00:00+00:00,3577.36,3633.84,3574.72,3614.65,19456.061972
2024-12-04 00:00:00+00:00,3614.66,3706.6,3614.37,3661.85,48979.664426
2024-12-04 04:00:00+00:00,3661.85,3721.77,3658.49,3714.93,25135.493506
2024-12-04 08:00:00+00:00,3714.94,3750.99,3697.0,3727.91,32497.136297
2024-12-04 12:00:00+00:00,3727.9,3854.2,3690.0,3821.08,69809.422149
2024-12-04 16:00:00+00:00,3821.09,3844.16,3734.2,3841.37,56330.202112
2024-12-04 20:00:00+00:00,3841.75,3888.4,3821.76,3837.55,42597.595548
2024-12-05 00:00:00+00:00,3837.56,3904.44,3766.12,3832.58,68655.7183
2024-12-05 04:00:00+00:00,3832.59,3879.88,3819.33,3850.57,34461.589827
2024-12-05 08:00:00+00:00,3850.74,3944.0,3850.45,3931.0,44914.595637
2024-12-05 12:00:00+00:00,3931.01,3956.32,3860.28,3888.0,35791.782431
2024-12-05 16:00:00+00:00,3888.01,3926.0,3820.0,3831.15,28711.187746
2024-12-05 20:00:00+00:00,3831.01,3861.76,3650.0,3785.63,85379.046406
2024-12-06 00:00:00+00:00,3785.62,3914.05,3778.1,3907.21,38089.725837
2024-12-06 04:00:00+00:00,3907.38,3929.9,3873.86,3894.15,23143.693178
2024-12-06 08:00:00+00:00,3894.15,3910.0,3844.53,3866.4,26883.734122
2024-12-06 12:00:00+00:00,3866.57,4040.51,3832.83,3992.99,78566.730054
2024-12-06 16:00:00+00:00,3993.0,4074.31,3981.01,4067.61,36538.174335
2024-12-06 20:00:00+00:00,4067.6,4087.8,3989.73,3998.81,24797.830041
2024-12-07 00:00:00+00:00,3998.82,4024.59,3969.78,3987.2,19280.125094
2024-12-07 04:00:00+00:00,3987.21,4003.08,3966.61,3986.06,14922.485799
2024-12-07 08:00:00+00:00,3986.24,4009.18,3973.52,3997.99,10609.208975
2024-12-07 12:00:00+00:00,3998.0,4008.54,3976.01,4004.57,12334.972407
2024-12-07 16:00:00+00:00,4004.58,4020.8,3985.49,4012.39,11115.361508
2024-12-07 20:00:00+00:00,4012.55,4024.0,3992.98,3996.59,7834.174905
2024-12-08 00:00:00+00:00,3996.59,4009.14,3985.05,3989.0,11265.7386
2024-12-08 04:00:00+00:00,3989.0,3995.9,3959.01,3980.81,16880.531326
2024-12-08 08:00:00+00:00,3980.82,3982.0,3922.41,3971.95,18160.838022
2024-12-08 12:00:00+00:00,3971.96,4004.41,3956.19,3990.93,17277.931459
2024-12-08 16:00:00+00:00,3990.94,3999.6,3964.01,3989.99,9184.900111
2024-12-08 20:00:00+00:00,3990.0,4016.01,3975.2,4004.53,7681.321524
2024-12-09 00:00:00+00:00,4004.77,4006.46,3905.03,3929.78,25486.917475
2024-12-09 04:00:00+00:00,3929.78,3948.34,3880.96,3918.19,28114.586385
2024-12-09 08:00:00+00:00,3918.2,3921.81,3842.18,3851.01,27032.944285
2024-12-09 12:00:00+00:00,3851.0,3945.0,3804.59,3824.34,45592.842665
2024-12-09 16:00:00+00:00,3824.39,3865.89,3785.26,3795.69,31296.298283
2024-12-09 20:00:00+00:00,3795.79,3804.0,3465.83,3712.05,186276.132538
2024-12-10 00:00:00+00:00,3712.17,3780.54,3614.55,3682.12,73102.056726
2024-12-10 04:00:00+00:00,3682.19,3742.4,3636.73,3733.89,30376.174303
2024-12-10 08:00:00+00:00,3733.62,3772.83,3713.04,3749.89,27333.138578
2024-12-10 12:00:00+00:00,3749.9,3754.61,3556.01,3568.21,92842.562676
2024-12-10 16:00:00+00:00,3568.22,3634.03,3515.86,3628.49,89135.227186
2024-12-10 20:00:00+00:00,3628.34,3672.97,3612.47,3627.81,25364.445488
2024-12-11 00:00:00+00:00,3627.82,3668.76,3562.56,3664.98,32703.818795
2024-12-11 04:00:00+00:00,3665.44,3681.46,3646.4,3652.01,18636.108081
2024-12-11 08:00:00+00:00,3652.01,3728.0,3650.82,3716.65,20470.570908
2024-12-11 12:00:00+00:00,3716.66,3821.75,3708.7,3787.0,55802.751587
2024-12-11 16:00:00+00:00,3787.19,3813.68,3753.12,3803.64,27177.308872
2024-12-11 20:00:00+00:00,3803.65,3848.31,3802.61,3831.53,19911.887867
2024-12-12 00:00:00+00:00,3831.53,3949.12,3796.46,3935.11,32494.308481
2024-12-12 04:00:00+00:00,3935.01,3946.5,3895.0,3905.81,32394.674233
2024-12-12 08:00:00+00:00,3905.81,3938.0,3891.0,3913.14,27286.282793
2024-12-12 12:00:00+00:00,3913.33,3987.89,3913.33,3958.13,64492.925212
2024-12-12 16:00:00+00:00,3958.58,3986.0,3853.91,3871.34,40531.581585
2024-12-12 20:00:00+00:00,3871.58,3902.58,3836.0,3881.75,24535.019325
2024-12-13 00:00:00+00:00,3881.78,3942.62,3852.18,3933.02,26475.811715
2024-12-13 04:00:00+00:00,3933.03,3936.58,3870.9,3885.32,18657.676933
2024-12-13 08:00:00+00:00,3885.32,3923.8,3872.26,3901.58,18135.14497
2024-12-13 12:00:00+00:00,3901.59,3968.39,3878.85,3885.63,39359.091369
2024-12-13 16:00:00+00:00,3885.62,3946.93,3880.01,3917.62,28539.178144
2024-12-13 20:00:00+00:00,3917.78,3935.45,3891.2,3906.79,13198.395094
2024-12-14 00:00:00+00:00,3906.79,3945.48,3895.83,3911.05,15786.322142
2024-12-14 04:00:00+00:00,3911.06,3935.73,3906.66,3920.85,8326.268806
2024-12-14 08:00:00+00:00,3920.99,3931.62,3886.26,3894.66,11100.534955
2024-12-14 12:00:00+00:00,3894.67,3898.98,3846.7,3888.67,23691.427178
2024-12-14 16:00:00+00:00,3888.61,3898.42,3826.83,3859.0,22228.665701
2024-12-14 20:00:00+00:00,3859.01,3875.99,3825.11,3870.27,13850.547344
2024-12-15 00:00:00+00:00,3870.28,3895.8,3855.58,3874.44,9653.890496
2024-12-15 04:00:00+00:00,3874.45,3911.82,3831.88,3845.6,18124.171092
2024-12-15 08:00:00+00:00,3845.61,3878.55,3837.02,3877.61,12462.268596
2024-12-15 12:00:00+00:00,3877.63,3911.34,3869.0,3894.72,17429.213321
2024-12-15 16:00:00+00:00,3894.72,3920.19,3885.09,3904.01,12682.243956
2024-12-15 20:00:00+00:00,3904.04,3975.8,3843.43,3959.77,36957.218577
2024-12-16 00:00:00+00:00,3959.82,4025.0,3928.79,3942.62,52886.481359
2024-12-16 04:00:00+00:00,3942.8,3982.98,3936.5,3973.62,16771.301348
2024-12-16 08:00:00+00:00,3973.95,3975.85,3902.37,3909.97,23807.56028
2024-12-16 12:00:00+00:00,3909.98,3959.36,3883.6,3941.41,38496.990343
2024-12-16 16:00:00+00:00,3941.53,4108.12,3939.46,4057.19,69134.265759
2024-12-16 20:00:00+00:00,4057.48,4071.99,3977.9,3986.37,28776.043324
2024-12-17 00:00:00+00:00,3986.48,4041.3,3943.76,4035.05,25366.353776
2024-12-17 04:00:00+00:00,4035.06,4035.06,3980.04,3994.61,16468.146789
2024-12-17 08:00:00+00:00,3994.55,4031.23,3989.99,3997.26,17563.124189
2024-12-17 12:00:00+00:00,3997.03,4025.26,3916.47,3938.66,47854.445305
2024-12-17 16:00:00+00:00,3938.66,3984.77,3916.96,3944.44,24726.040211
2024-12-17 20:00:00+00:00,3944.43,3951.83,3846.0,3892.62,31078.069008
2024-12-18 00:00:00+00:00,3892.62,3903.61,3834.1,3849.52,26289.901862
2024-12-18 04:00:00+00:00,3849.52,3861.93,3803.46,3847.32,30716.313019
2024-12-18 08:00:00+00:00,3847.32,3887.4,3841.56,3882.4,16190.840797
2024-12-18 12:00:00+00:00,3881.99,3890.98,3824.54,3868.24,31117.219242
2024-12-18 16:00:00+00:00,3868.24,3907.61,3768.8,3769.06,44876.021336
2024-12-18 20:00:00+00:00,3768.77,3785.91,3617.5,3627.03,127858.137147
2024-12-19 00:00:00+00:00,3627.14,3672.99,3541.68,3668.86,70058.418641
2024-12-19 04:00:00+00:00,3668.86,3696.97,3652.56,3693.18,25725.59704
2024-12-19 08:00:00+00:00,3693.39,3719.67,3664.23,3705.93,21573.757339
2024-12-19 12:00:00+00:00,3705.93,3710.39,3572.78,3614.0,51818.693995
2024-12-19 16:00:00+00:00,3613.73,3637.18,3375.12,3439.94,150364.490356
2024-12-19 20:00:00+00:00,3440.06,3465.1,3322.0,3417.21,78172.638353
2024-12-20 00:00:00+00:00,3417.21,3465.0,3370.42,3414.04,51468.139288
2024-12-20 04:00:00+00:00,3413.97,3431.25,3329.0,3390.7,52961.91924
2024-12-20 08:00:00+00:00,3390.4,3390.89,3102.55,3105.11,211445.223906
2024-12-20 12:00:00+00:00,3105.25,3395.83,3101.09,3374.35,140737.659302
2024-12-20 16:00:00+00:00,3374.58,3497.84,3366.34,3479.75,61926.764428
2024-12-20 20:00:00+00:00,3479.84,3489.06,3393.74,3472.3,28602.341559
2024-12-21 00:00:00+00:00,3471.85,3490.0,3446.84,3467.97,18906.447602
2024-12-21 04:00:00+00:00,3467.98,3555.53,3461.01,3523.1,36014.364338
2024-12-21 08:00:00+00:00,3523.1,3527.64,3423.38,3442.19,35069.778171
2024-12-21 12:00:00+00:00,3442.44,3444.48,3346.46,3390.6,43557.702895
2024-12-21 16:00:00+00:00,3390.37,3401.51,3326.83,3360.35,24651.191401
2024-12-21 20:00:00+00:00,3360.34,3388.53,3293.41,3338.88,24504.977897
2024-12-22 00:00:00+00:00,3339.21,3375.0,3318.14,3356.42,20716.375964
2024-12-22 04:00:00+00:00,3355.85,3361.86,3295.01,3332.29,17897.271901
2024-12-22 08:00:00+00:00,3332.49,3403.0,3331.01,3381.25,16140.762292
2024-12-22 12:00:00+00:00,3381.1,3398.32,3274.1,3302.52,31231.790147
2024-12-22 16:00:00+00:00,3302.52,3338.69,3237.93,3247.6,27406.357007
2024-12-22 20:00:00+00:00,3247.94,3310.39,3220.24,3281.8,26567.547908
2024-12-23 00:00:00+00:00,3281.87,3357.84,3216.01,3351.37,47778.629936
2024-12-23 04:00:00+00:00,3351.38,3363.58,3260.57,3305.63,34137.958912
2024-12-23 08:00:00+00:00,3305.63,3356.0,3293.53,3339.41,20334.533875
2024-12-23 12:00:00+00:00,3339.4,3362.4,3269.46,3277.47,42153.005016
2024-12-23 16:00:00+00:00,3277.38,3384.02,3271.02,3338.2,40890.596473
2024-12-23 20:00:00+00:00,3338.2,3466.86,3329.72,3422.2,38788.830315
2024-12-24 00:00:00+00:00,3422.2,3426.66,3357.08,3397.0,22403.701739
2024-12-24 04:00:00+00:00,3397.01,3434.6,3385.33,3401.19,20214.349489
2024-12-24 08:00:00+00:00,3401.18,3416.66,3385.36,3414.4,13697.907952
2024-12-24 12:00:00+00:00,3414.27,3510.4,3395.33,3493.78,39212.822156
2024-12-24 16:00:00+00:00,3493.54,3540.0,3465.11,3465.46,37355.320389
2024-12-24 20:00:00+00:00,3465.47,3506.0,3432.0,3493.2,16410.828598
2024-12-25 00:00:00+00:00,3493.1,3496.24,3458.2,3478.18,15672.722266
2024-12-25 04:00:00+00:00,3478.4,3510.45,3469.85,3489.25,12063.310178
2024-12-25 08:00:00+00:00,3489.26,3548.99,3466.25,3472.0,27770.614561
2024-12-25 12:00:00+00:00,3472.2,3502.0,3458.15,3473.42,21856.055184
2024-12-25 16:00:00+00:00,3473.5,3488.99,3441.04,3481.01,10426.307462
2024-12-25 20:00:00+00:00,3481.6,3500.56,3450.09,3496.99,9940.292801
2024-12-26 00:00:00+00:00,3497.39,3515.0,3450.37,3455.61,17575.879165
2024-12-26 04:00:00+00:00,3455.61,3455.61,3418.0,3421.63,20485.359431
2024-12-26 08:00:00+00:00,3422.19,3425.67,3346.46,3372.94,37875.601919
2024-12-26 12:00:00+00:00,3372.78,3373.8,3328.26,3344.24,21195.798765
2024-12-26 16:00:00+00:00,3344.24,3364.98,3313.28,3340.09,20500.413862
2024-12-26 20:00:00+00:00,3339.67,3351.0,3303.56,3334.56,16134.693937
2024-12-27 00:00:00+00:00,3334.69,3388.78,3317.27,3379.84,21853.987151
2024-12-27 04:00:00+00:00,3379.3,3398.58,3317.23,3325.53,20139.212199
2024-12-27 08:00:00+00:00,3325.67,3445.0,3325.21,3419.39,28727.623516
2024-12-27 12:00:00+00:00,3419.33,3423.08,3307.59,3326.01,35605.594762
2024-12-27 16:00:00+00:00,3326.29,3366.8,3307.94,3354.99,23345.657205
2024-12-27 20:00:00+00:00,3354.99,3355.78,3310.0,3333.41,13334.611603
2024-12-28 00:00:00+00:00,3333.41,3352.06,3322.2,3345.6,9328.728395
2024-12-28 04:00:00+00:00,3345.21,3360.83,3333.0,3335.6,7869.961751
2024-12-28 08:00:00+00:00,3335.6,3363.43,3333.0,3359.2,7413.684353
2024-12-28 12:00:00+00:00,3359.2,3396.0,3351.0,3368.2,14668.03358
2024-12-28 16:00:00+00:00,3368.2,3413.4,3365.66,3401.0,9214.194125
2024-12-28 20:00:00+00:00,3400.99,3428.37,3390.1,3404.2,6077.289082
2024-12-29 00:00:00+00:00,3404.21,3406.56,3375.81,3382.91,6108.353614
2024-12-29 04:00:00+00:00,3383.0,3408.0,3380.02,3407.28,7688.250676
2024-12-29 08:00:00+00:00,3407.29,3413.72,3390.0,3398.19,8530.590675
2024-12-29 12:00:00+00:00,3398.25,3410.98,3354.59,3374.0,13387.252479
2024-12-29 16:00:00+00:00,3374.01,3376.93,3345.61,3362.41,14008.137009
2024-12-29 20:00:00+00:00,3362.41,3368.37,3326.66,3356.41,14943.706539
2024-12-30 00:00:00+00:00,3356.41,3437.0,3348.13,3403.47,27390.814776
2024-12-30 04:00:00+00:00,3403.47,3432.75,3388.22,3427.01,18988.198583
2024-12-30 08:00:00+00:00,3427.0,3434.35,3395.44,3424.03,13562.121556
2024-12-30 12:00:00+00:00,3423.84,3431.3,3305.17,3324.0,40616.19257
2024-12-30 16:00:00+00:00,3323.99,3408.97,3317.36,3401.99,34329.566452
2024-12-30 20:00:00+00:00,3401.99,3419.94,3309.0,3361.85,33942.080938
2024-12-31 00:00:00+00:00,3361.85,3364.94,3316.0,3340.8,22809.730782
2024-12-31 04:00:00+00:00,3340.8,3363.33,3328.99,3353.86,10235.183136
2024-12-31 08:00:00+00:00,3353.87,3409.85,3352.9,3394.97,19106.703424
2024-12-31 12:00:00+00:00,3394.84,3451.56,3393.1,3413.19,34962.50351
2024-12-31 16:00:00+00:00,3413.02,3416.59,3330.11,3355.05,25609.951767
2024-12-31 20:00:00+00:00,3355.15,3364.71,3328.07,3337.41,14014.159866
2025-01-01 00:00:00+00:00,3337.41,3367.99,3336.22,3355.25,10192.594342
2025-01-01 04:00:00+00:00,3355.21,3356.77,3336.63,3346.81,5296.654324
2025-01-01 08:00:00+00:00,3347.04,3349.0,3314.29,3341.0,12669.043568
2025-01-01 12:00:00+00:00,3341.01,3360.0,3328.34,3353.24,11496.185616
2025-01-01 16:00:00+00:00,3353.39,3364.8,3322.74,3356.81,12793.642906
2025-01-01 20:00:00+00:00,3356.82,3374.65,3352.0,3360.38,8254.564534
2025-01-02 00:00:00+00:00,3360.38,3406.45,3354.65,3388.55,19486.337187
2025-01-02 04:00:00+00:00,3388.79,3427.0,3387.87,3419.99,15826.615967
2025-01-02 08:00:00+00:00,3420.04,3476.5,3413.63,3471.1,21838.855219
2025-01-02 12:00:00+00:00,3471.2,3510.41,3440.0,3463.34,31236.314112
2025-01-02 16:00:00+00:00,3463.59,3489.86,3428.88,3463.2,20871.882227
2025-01-02 20:00:00+00:00,3463.32,3475.99,3422.16,3456.25,9183.807367
2025-01-03 00:00:00+00:00,3456.25,3476.65,3441.98,3470.18,10641.408637
2025-01-03 04:00:00+00:00,3470.63,3471.01,3432.14,3433.01,12840.408956
2025-01-03 08:00:00+00:00,3433.0,3467.66,3423.02,3465.89,12638.552318
2025-01-03 12:00:00+00:00,3465.89,3575.8,3461.38,3564.86,41559.812638
2025-01-03 16:00:00+00:00,3565.16,3630.56,3565.16,3622.81,41150.40223
2025-01-03 20:00:00+00:00,3622.86,3624.0,3595.0,3609.19,12503.9939
2025-01-04 00:00:00+00:00,3609.26,3621.0,3582.58,3598.0,9605.651479
2025-01-04 04:00:00+00:00,3598.0,3610.0,3584.22,3593.91,10928.550229
2025-01-04 08:00:00+00:00,3593.91,3605.44,3572.46,3602.0,11332.941746
2025-01-04 12:00:00+00:00,3602.01,3663.0,3592.39,3608.01,29117.108832
2025-01-04 16:00:00+00:00,3608.01,3644.79,3601.62,3630.91,9511.923233
2025-01-04 20:00:00+00:00,3630.92,3671.71,3630.92,3656.88,10887.760409
2025-01-05 00:00:00+00:00,3656.88,3676.0,3629.34,3637.99,9318.125038
2025-01-05 04:00:00+00:00,3637.99,3650.0,3629.0,3631.98,5137.169338
2025-01-05 08:00:00+00:00,3631.98,3633.56,3603.04,3613.81,12717.187881
2025-01-05 12:00:00+00:00,3613.32,3639.34,3593.62,3629.76,12473.504243
2025-01-05 16:00:00+00:00,3629.89,3648.0,3612.53,3637.61,9821.034423
2025-01-05 20:00:00+00:00,3637.62,3657.55,3629.19,3635.99,7082.119318
2025-01-06 00:00:00+00:00,3636.0,3684.47,3610.65,3664.49,20505.056648
2025-01-06 04:00:00+00:00,3664.71,3698.67,3643.0,3650.99,14784.717845
2025-01-06 08:00:00+00:00,3650.99,3660.5,3633.02,3654.94,11606.800036
2025-01-06 12:00:00+00:00,3654.86,3714.0,3622.22,3714.0,37777.997535
2025-01-06 16:00:00+00:00,3713.99,3745.12,3655.61,3687.35,31061.471282
2025-01-06 20:00:00+00:00,3687.35,3703.27,3666.26,3687.55,11250.317847
2025-01-07 00:00:00+00:00,3687.56,3701.35,3663.17,3682.08,10190.036288
2025-01-07 04:00:00+00:00,3682.33,3686.17,3658.4,3667.58,9903.841305
2025-01-07 08:00:00+00:00,3667.57,3679.22,3626.24,3639.97,14928.575416
2025-01-07 12:00:00+00:00,3640.0,3646.15,3410.1,3462.41,123043.630302
2025-01-07 16:00:00+00:00,3462.4,3491.66,3369.55,3386.22,42293.447001
2025-01-07 20:00:00+00:00,3385.84,3414.07,3356.75,3380.81,22613.220301
2025-01-08 00:00:00+00:00,3380.86,3415.24,3341.91,3360.4,20745.182203
2025-01-08 04:00:00+00:00,3360.41,3373.61,3307.0,3354.05,48797.899473
2025-01-08 08:00:00+00:00,3354.05,3376.52,3322.62,3349.78,20533.615089
2025-01-08 12:00:00+00:00,3349.78,3386.74,3332.91,3347.38,19410.162353
2025-01-08 16:00:00+00:00,3347.19,3347.98,3208.68,3281.1,58075.306033
2025-01-08 20:00:00+00:00,3280.8,3335.0,3266.11,3327.08,14948.449074
2025-01-09 00:00:00+00:00,3327.32,3357.72,3306.91,3324.67,24692.231095
2025-01-09 04:00:00+00:00,3324.67,3343.98,3282.12,3289.47,18245.262612
2025-01-09 08:00:00+00:00,3289.28,3328.26,3265.16,3301.4,22721.95673
2025-01-09 12:00:00+00:00,3301.41,3336.42,3210.4,3320.59,41941.858185
2025-01-09 16:00:00+00:00,3320.6,3327.99,3189.1,3195.41,38796.383965
2025-01-09 20:00:00+00:00,3195.41,3239.59,3157.19,3219.3,29428.532021
2025-01-10 00:00:00+00:00,3219.5,3260.91,3213.86,3254.42,14031.483884
2025-01-10 04:00:00+00:00,3254.42,3314.07,3243.01,3295.95,18332.608047
2025-01-10 08:00:00+00:00,3295.71,3322.5,3287.91,3311.29,17680.121561
2025-01-10 12:00:00+00:00,3311.29,3316.92,3194.73,3245.37,70276.45279
2025-01-10 16:00:00+00:00,3245.19,3323.16,3232.33,3295.95,26470.54398
2025-01-10 20:00:00+00:00,3295.94,3295.94,3256.75,3267.1,9049.324839
2025-01-11 00:00:00+00:00,3267.1,3270.8,3231.85,3237.08,9554.727906
2025-01-11 04:00:00+00:00,3237.22,3250.89,3224.68,3235.83,6168.279192
2025-01-11 08:00:00+00:00,3235.84,3280.46,3218.93,3273.75,11390.299108
2025-01-11 12:00:00+00:00,3273.75,3283.87,3258.21,3271.2,7266.823662
2025-01-11 16:00:00+00:00,3271.21,3283.48,3258.66,3278.51,5413.191844
2025-01-11 20:00:00+00:00,3278.5,3320.7,3275.74,3283.2,8234.397169
2025-01-12 00:00:00+00:00,3283.4,3291.14,3274.29,3286.55,5345.197418
2025-01-12 04:00:00+00:00,3286.56,3290.0,3263.12,3266.85,5325.017205
2025-01-12 08:00:00+00:00,3266.85,3271.62,3224.11,3253.23,8642.234179
2025-01-12 12:00:00+00:00,3253.21,3295.49,3248.0,3285.69,8554.222806
2025-01-12 16:00:00+00:00,3285.7,3300.0,3268.75,3280.32,5707.955425
2025-01-12 20:00:00+00:00,3280.32,3289.45,3233.89,3267.49,7025.254742
2025-01-13 00:00:00+00:00,3267.49,3338.65,3235.71,3243.01,25788.090049
2025-01-13 04:00:00+00:00,3242.88,3260.99,3181.22,3201.8,17093.59484
2025-01-13 08:00:00+00:00,3201.8,3205.94,3055.6,3056.97,60625.427693
2025-01-13 12:00:00+00:00,3056.85,3091.0,2910.0,3049.1,116827.967117
2025-01-13 16:00:00+00:00,3049.11,3060.41,2986.48,3025.47,31595.506491
2025-01-13 20:00:00+00:00,3025.07,3143.47,3011.69,3137.61,25644.888063
2025-01-14 00:00:00+00:00,3137.88,3175.78,3125.95,3158.8,20088.729702
2025-01-14 04:00:00+00:00,3158.81,3191.16,3158.12,3171.1,12661.792587
2025-01-14 08:00:00+00:00,3171.11,3256.61,3169.11,3217.7,26384.891762
2025-01-14 12:00:00+00:00,3217.58,3234.15,3178.89,3199.51,33828.840386
2025-01-14 16:00:00+00:00,3199.51,3235.99,3172.48,3214.67,13619.119125
2025-01-14 20:00:00+00:00,3214.33,3240.47,3194.55,3225.68,6477.625319
2025-01-15 00:00:00+00:00,3225.31,3245.5,3205.35,3241.34,14211.141967
2025-01-15 04:00:00+00:00,3241.49,3252.45,3215.41,3232.62,10772.097608
2025-01-15 08:00:00+00:00,3232.63,3248.38,3186.41,3199.31,13152.779852
2025-01-15 12:00:00+00:00,3199.31,3354.0,3186.59,3334.51,52270.176652
2025-01-15 16:00:00+00:00,3334.51,3443.0,3323.82,3435.13,25809.387473
2025-01-15 20:00:00+00:00,3435.14,3473.99,3418.51,3451.29,24752.354721
2025-01-16 00:00:00+00:00,3451.11,3460.0,3346.21,3363.23,29458.309043
2025-01-16 04:00:00+00:00,3363.24,3391.64,3362.0,3383.94,14587.91524
2025-01-16 08:00:00+00:00,3383.93,3385.33,3300.58,3351.3,30419.441495
2025-01-16 12:00:00+00:00,3351.3,3365.0,3265.53,3333.0,46358.54347
2025-01-16 16:00:00+00:00,3332.99,3365.98,3310.0,3344.83,23786.766502
2025-01-16 20:00:00+00:00,3344.97,3353.68,3268.73,3307.96,17206.633299
2025-01-17 00:00:00+00:00,3307.97,3396.99,3307.51,3360.82,32993.674532
2025-01-17 04:00:00+00:00,3360.83,3388.8,3347.95,3373.42,12365.500856
2025-01-17 08:00:00+00:00,3373.01,3439.61,3372.49,3423.27,28658.29916
2025-01-17 12:00:00+00:00,3423.21,3450.66,3395.24,3421.74,32392.170436
2025-01-17 16:00:00+00:00,3422.09,3449.0,3407.65,3432.36,19221.015889
2025-01-17 20:00:00+00:00,3432.7,3525.94,3425.49,3473.77,33230.8627
2025-01-18 00:00:00+00:00,3473.9,3494.72,3368.68,3384.16,23625.095088
2025-01-18 04:00:00+00:00,3384.16,3395.51,3280.92,3287.95,50965.789261
2025-01-18 08:00:00+00:00,3288.25,3323.74,3226.91,3311.88,61353.73038
2025-01-18 12:00:00+00:00,3311.99,3346.75,3274.5,3307.34,36268.140294
2025-01-18 16:00:00+00:00,3307.39,3316.61,3250.0,3289.86,32146.633485
2025-01-18 20:00:00+00:00,3290.0,3321.11,3258.4,3307.91,20491.657515
2025-01-19 00:00:00+00:00,3307.85,3378.0,3298.51,3335.28,32325.533077
2025-01-19 04:00:00+00:00,3335.29,3337.99,3259.36,3275.8,35463.252914
2025-01-19 08:00:00+00:00,3275.9,3277.99,3130.85,3150.11,79200.856072
2025-01-19 12:00:00+00:00,3150.5,3426.54,3145.09,3384.29,130717.529497
2025-01-19 16:00:00+00:00,3384.17,3449.0,3378.03,3419.41,42392.848596
2025-01-19 20:00:00+00:00,3419.42,3432.85,3153.59,3215.35,164700.127559
2025-01-20 00:00:00+00:00,3215.2,3280.76,3142.4,3272.3,76729.45203
2025-01-20 04:00:00+00:00,3271.93,3455.0,3250.51,3382.82,93582.913769
2025-01-20 08:00:00+00:00,3382.99,3412.6,3334.53,3375.63,43766.338928
2025-01-20 12:00:00+00:00,3375.67,3379.48,3257.0,3336.32,77703.252735
2025-01-20 16:00:00+00:00,3336.32,3390.09,3203.19,3343.06,132626.309671
2025-01-20 20:00:00+00:00,3343.01,3344.49,3256.19,3284.4,29574.181467
2025-01-21 00:00:00+00:00,3284.3,3290.5,3204.12,3262.99,51582.878049
2025-01-21 04:00:00+00:00,3263.16,3266.47,3212.89,3255.01,22333.126347
2025-01-21 08:00:00+00:00,3254.69,3313.98,3234.21,3305.21,25311.757782
2025-01-21 12:00:00+00:00,3305.21,3335.15,3265.33,3295.15,32556.377341
2025-01-21 16:00:00+00:00,3295.15,3368.09,3290.4,3332.38,31300.523386
2025-01-21 20:00:00+00:00,3332.39,3347.6,3301.98,3327.5,16800.729811
2025-01-22 00:00:00+00:00,3327.51,3365.76,3321.42,3331.09,16483.659096
2025-01-22 04:00:00+00:00,3331.19,3339.82,3286.28,3287.6,16172.636463
2025-01-22 08:00:00+00:00,3287.51,3329.59,3272.8,3326.16,18513.036716
2025-01-22 12:00:00+00:00,3326.16,3332.34,3267.75,3278.7,21520.085742
2025-01-22 16:00:00+00:00,3278.95,3292.73,3239.3,3262.4,18108.756003
2025-01-22 20:00:00+00:00,3262.41,3277.78,3222.15,3243.15,13460.258326
2025-01-23 00:00:00+00:00,3243.21,3261.44,3204.11,3226.8,11743.222215
2025-01-23 04:00:00+00:00,3227.0,3233.79,3182.6,3233.4,14502.89608
2025-01-23 08:00:00+00:00,3233.41,3233.6,3188.88,3213.6,12055.353059
2025-01-23 12:00:00+00:00,3213.62,3287.72,3189.59,3259.25,43248.797829
2025-01-23 16:00:00+00:00,3259.24,3297.64,3194.68,3204.69,26601.372975
2025-01-23 20:00:00+00:00,3204.64,3348.85,3195.42,3338.98,62784.802832
2025-01-24 00:00:00+00:00,3338.98,3350.0,3275.66,3302.7,25520.302638
2025-01-24 04:00:00+00:00,3302.32,3421.0,3292.49,3381.0,34497.730419
2025-01-24 08:00:00+00:00,3381.0,3417.88,3375.59,3399.68,17317.446283
2025-01-24 12:00:00+00:00,3399.68,3428.53,3356.23,3383.89,24669.97594
2025-01-24 16:00:00+00:00,3383.89,3409.77,3365.0,3368.98,17481.666961
2025-01-24 20:00:00+00:00,3369.08,3379.19,3303.91,3310.21,20912.220616
2025-01-25 00:00:00+00:00,3310.41,3324.8,3269.0,3319.86,17782.042394
2025-01-25 04:00:00+00:00,3319.86,3320.5,3283.34,3291.8,11613.288273
2025-01-25 08:00:00+00:00,3291.79,3311.77,3271.99,3307.29,11248.622516
2025-01-25 12:00:00+00:00,3307.3,3344.99,3294.01,3334.6,12423.074638
2025-01-25 16:00:00+00:00,3334.51,3350.0,3330.44,3340.26,10821.262514
2025-01-25 20:00:00+00:00,3340.25,3351.08,3315.0,3319.4,6226.489071
2025-01-26 00:00:00+00:00,3319.4,3350.73,3313.75,3339.09,8723.522567
2025-01-26 04:00:00+00:00,3339.1,3362.16,3330.11,3338.81,7868.827955
2025-01-26 08:00:00+00:00,3338.81,3343.56,3292.18,3312.01,12640.84973
2025-01-26 12:00:00+00:00,3312.01,3321.16,3297.52,3315.1,7025.857715
2025-01-26 16:00:00+00:00,3315.02,3344.8,3307.71,3338.81,6604.035357
2025-01-26 20:00:00+00:00,3338.8,3342.52,3230.0,3232.81,21949.203712
2025-01-27 00:00:00+00:00,3232.81,3254.03,3161.19,3183.57,34588.864113
2025-01-27 04:00:00+00:00,3183.57,3183.69,3020.04,3070.51,68024.606679
2025-01-27 08:00:00+00:00,3070.38,3090.18,3033.76,3059.1,28227.341506
2025-01-27 12:00:00+00:00,3059.1,3153.3,3053.22,3133.13,33405.443003
2025-01-27 16:00:00+00:00,3133.28,3133.28,3046.27,3075.64,21586.873139
2025-01-27 20:00:00+00:00,3075.73,3241.01,3072.92,3183.0,32270.067623
2025-01-28 00:00:00+00:00,3183.1,3218.87,3151.75,3203.09,17111.665591
2025-01-28 04:00:00+00:00,3203.09,3223.75,3189.0,3196.16,11965.254722
2025-01-28 08:00:00+00:00,3196.16,3208.0,3177.26,3186.55,7553.100416
2025-01-28 12:00:00+00:00,3186.6,3214.93,3156.6,3181.4,16441.085405
2025-01-28 16:00:00+00:00,3181.5,3183.36,3121.36,3147.29,14430.136922
2025-01-28 20:00:00+00:00,3147.7,3155.75,3039.38,3077.28,30382.117633
2025-01-29 00:00:00+00:00,3077.7,3132.78,3076.92,3130.7,10417.971018
2025-01-29 04:00:00+00:00,3130.69,3160.15,3116.71,3157.15,9614.193578
2025-01-29 08:00:00+00:00,3157.14,3163.85,3120.46,3134.8,9550.992984
2025-01-29 12:00:00+00:00,3134.8,3140.09,3080.11,3100.93,14328.588967
2025-01-29 16:00:00+00:00,3101.28,3152.76,3054.0,3126.58,30630.200561
2025-01-29 20:00:00+00:00,3126.55,3182.55,3090.68,3113.81,21298.506133
2025-01-30 00:00:00+00:00,3113.81,3202.93,3091.07,3201.0,15036.213359
2025-01-30 04:00:00+00:00,3200.9,3215.69,3178.53,3191.04,15570.218198
2025-01-30 08:00:00+00:00,3190.99,3230.0,3181.44,3222.6,15178.293756
2025-01-30 12:00:00+00:00,3222.51,3281.11,3209.2,3255.59,40505.050625
2025-01-30 16:00:00+00:00,3255.7,3283.77,3249.12,3271.1,18271.697437
2025-01-30 20:00:00+00:00,3271.1,3272.85,3227.73,3247.47,13412.366974
2025-01-31 00:00:00+00:00,3247.41,3279.65,3220.96,3231.0,22219.283772
2025-01-31 04:00:00+00:00,3231.02,3277.3,3213.77,3241.59,13697.707678
2025-01-31 08:00:00+00:00,3241.69,3338.6,3234.0,3335.17,26557.549571
2025-01-31 12:00:00+00:00,3335.49,3427.86,3325.13,3427.27,64029.900283
2025-01-31 16:00:00+00:00,3427.27,3437.38,3294.89,3339.16,51727.113646
2025-01-31 20:00:00+00:00,3339.05,3339.05,3277.93,3301.1,24898.497164
2025-02-01 00:00:00+00:00,3301.11,3332.25,3283.2,3292.44,15764.74422
2025-02-01 04:00:00+00:00,3292.5,3307.11,3272.85,3279.88,9433.725134
2025-02-01 08:00:00+00:00,3279.88,3286.66,3224.31,3252.49,20435.856613
2025-02-01 12:00:00+00:00,3252.5,3273.0,3228.65,3251.16,11874.278891
2025-02-01 16:00:00+00:00,3251.16,3267.46,3179.01,3196.95,15773.281252
2025-02-01 20:00:00+00:00,3196.95,3197.36,3101.56,3117.31,23870.22707
2025-02-02 00:00:00+00:00,3117.31,3162.78,3068.1,3077.59,55097.194458
2025-02-02 04:00:00+00:00,3077.52,3138.2,3073.87,3101.22,32093.059807
2025-02-02 08:00:00+00:00,3101.1,3123.79,3051.69,3064.56,27498.473923
2025-02-02 12:00:00+00:00,3064.57,3102.0,3050.0,3080.8,20192.844962
2025-02-02 16:00:00+00:00,3080.9,3081.81,2894.0,2958.99,84702.004529
2025-02-02 20:00:00+00:00,2959.19,2986.96,2739.56,2869.91,99664.589555
2025-02-03 00:00:00+00:00,2870.04,2872.99,2100.0,2527.01,622763.500476
2025-02-03 04:00:00+00:00,2527.01,2631.97,2447.37,2621.58,132387.759506
2025-02-03 08:00:00+00:00,2621.58,2621.79,2525.02,2581.03,124632.931337
2025-02-03 12:00:00+00:00,2581.21,2727.91,2529.32,2700.71,220837.127014
2025-02-03 16:00:00+00:00,2700.41,2770.2,2667.4,2764.19,73074.120952
2025-02-03 20:00:00+00:00,2764.39,2920.0,2695.36,2879.38,83636.214523
2025-02-04 00:00:00+00:00,2879.28,2888.72,2791.71,2810.7,56875.041097
2025-02-04 04:00:00+00:00,2810.61,2837.87,2662.5,2703.75,103787.586817
2025-02-04 08:00:00+00:00,2703.76,2789.48,2677.0,2758.11,52398.047889
2025-02-04 12:00:00+00:00,2758.53,2845.65,2730.59,2777.21,60628.135011
2025-02-04 16:00:00+00:00,2777.21,2869.58,2765.0,2771.12,50566.938396
2025-02-04 20:00:00+00:00,2771.27,2794.26,2632.85,2731.55,60254.774017
2025-02-05 00:00:00+00:00,2731.63,2769.9,2698.85,2720.58,32616.220503
2025-02-05 04:00:00+00:00,2720.35,2788.39,2708.6,2759.23,36228.642251
2025-02-05 08:00:00+00:00,2759.22,2818.93,2747.2,2800.68,46003.377162
2025-02-05 12:00:00+00:00,2800.68,2828.53,2757.61,2773.24,46088.271275
2025-02-05 16:00:00+00:00,2773.21,2787.36,2715.29,2775.9,39362.760058
2025-02-05 20:00:00+00:00,2775.9,2803.33,2738.98,2788.22,23782.470995
2025-02-06 00:00:00+00:00,2788.22,2819.41,2755.82,2806.3,26530.33336
2025-02-06 04:00:00+00:00,2806.15,2856.25,2805.84,2831.68,23287.151228
2025-02-06 08:00:00+00:00,2831.67,2857.95,2793.36,2804.01,36104.464301
2025-02-06 12:00:00+00:00,2804.01,2807.79,2683.74,2705.8,47705.05853
2025-02-06 16:00:00+00:00,2705.71,2726.8,2673.03,2689.91,41191.384932
2025-02-06 20:00:00+00:00,2689.71,2725.68,2655.18,2686.92,18972.727645
2025-02-07 00:00:00+00:00,2686.8,2740.62,2679.3,2715.9,24234.8088
2025-02-07 04:00:00+00:00,2715.9,2731.0,2668.11,2713.5,25623.904201
2025-02-07 08:00:00+00:00,2713.51,2764.52,2705.3,2762.6,18071.957972
2025-02-07 12:00:00+00:00,2762.51,2797.91,2710.35,2722.06,57660.110892
2025-02-07 16:00:00+00:00,2722.07,2727.99,2656.0,2659.2,33180.537255
2025-02-07 20:00:00+00:00,2659.11,2661.84,2562.12,2622.2,41103.214975
2025-02-08 00:00:00+00:00,2622.21,2667.59,2615.7,2641.66,19724.782011
2025-02-08 04:00:00+00:00,2641.66,2649.09,2594.72,2629.71,18944.199691
2025-02-08 08:00:00+00:00,2629.71,2632.79,2601.13,2613.71,17220.313749
2025-02-08 12:00:00+00:00,2613.62,2637.19,2588.69,2605.5,25410.592001
2025-02-08 16:00:00+00:00,2605.51,2649.97,2589.74,2637.8,16966.586729
2025-02-08 20:00:00+00:00,2637.61,2645.9,2622.78,2632.29,8201.875877
2025-02-09 00:00:00+00:00,2632.31,2699.08,2626.83,2678.59,21128.078855
2025-02-09 04:00:00+00:00,2678.41,2678.9,2649.33,2662.1,11389.949848
2025-02-09 08:00:00+00:00,2662.1,2673.39,2651.07,2654.79,14768.713451
2025-02-09 12:00:00+00:00,2654.8,2662.0,2611.11,2653.1,19215.713025
2025-02-09 16:00:00+00:00,2653.2,2666.37,2616.97,2624.29,10717.429538
2025-02-09 20:00:00+00:00,2624.09,2649.83,2520.12,2627.22,38986.817429
2025-02-10 00:00:00+00:00,2627.22,2658.9,2559.86,2626.0,34854.006068
2025-02-10 04:00:00+00:00,2625.88,2660.59,2617.36,2637.18,15575.435525
2025-02-10 08:00:00+00:00,2637.04,2662.77,2634.7,2653.2,19681.039375
2025-02-10 12:00:00+00:00,2653.11,2684.98,2631.42,2658.39,35229.021622
2025-02-10 16:00:00+00:00,2658.39,2693.91,2650.0,2672.36,20138.786295
2025-02-10 20:00:00+00:00,2672.37,2686.66,2651.6,2661.22,8986.667938
2025-02-11 00:00:00+00:00,2661.22,2726.16,2660.61,2679.01,37526.506362
2025-02-11 04:00:00+00:00,2679.02,2725.0,2676.3,2711.95,17103.276242
2025-02-11 08:00:00+00:00,2711.63,2721.26,2691.72,2708.8,13669.967025
2025-02-11 12:00:00+00:00,2708.89,2710.54,2626.29,2662.64,25032.287559
2025-02-11 16:00:00+00:00,2662.88,2671.56,2582.27,2590.41,32012.846955
2025-02-11 20:00:00+00:00,2590.01,2631.88,2559.0,2602.6,26113.882765
2025-02-12 00:00:00+00:00,2602.6,2624.6,2568.78,2586.83,15233.611214
2025-02-12 04:00:00+00:00,2586.9,2623.98,2577.69,2618.62,12440.597982
2025-02-12 08:00:00+00:00,2618.61,2639.7,2611.15,2627.09,13618.514597
2025-02-12 12:00:00+00:00,2627.1,2665.0,2547.02,2606.8,64357.517414
2025-02-12 16:00:00+00:00,2607.61,2684.0,2583.34,2678.49,34086.072117
2025-02-12 20:00:00+00:00,2678.5,2795.97,2669.73,2738.34,40580.81007
2025-02-13 00:00:00+00:00,2738.35,2757.88,2716.16,2744.19,17805.739515
2025-02-13 04:00:00+00:00,2744.19,2745.4,2671.2,2681.59,21332.822292
2025-02-13 08:00:00+00:00,2681.32,2688.5,2650.6,2656.17,16156.94294
2025-02-13 12:00:00+00:00,2656.02,2678.74,2615.71,2647.92,33094.09126
2025-02-13 16:00:00+00:00,2647.81,2661.7,2612.88,2640.79,20942.773594
2025-02-13 20:00:00+00:00,2640.8,2680.0,2640.41,2675.81,15028.023544
2025-02-14 00:00:00+00:00,2675.82,2721.64,2664.45,2715.26,16110.302065
2025-02-14 04:00:00+00:00,2715.26,2716.5,2688.88,2699.56,12526.26177
2025-02-14 08:00:00+00:00,2699.56,2717.39,2682.16,2684.76,31917.862933
2025-02-14 12:00:00+00:00,2684.75,2747.5,2677.35,2734.58,32021.017275
2025-02-14 16:00:00+00:00,2734.09,2791.54,2709.4,2737.3,33105.113718
2025-02-14 20:00:00+00:00,2738.09,2751.84,2706.21,2725.52,14631.526148
2025-02-15 00:00:00+00:00,2726.31,2739.15,2704.01,2724.54,12406.454019
2025-02-15 04:00:00+00:00,2724.52,2734.53,2693.94,2697.9,8520.692283
2025-02-15 08:00:00+00:00,2697.6,2715.26,2696.02,2708.51,7102.635927
2025-02-15 12:00:00+00:00,2708.51,2714.0,2660.0,2690.98,13835.068627
2025-02-15 16:00:00+00:00,2690.99,2708.29,2678.0,2691.41,4946.490351
2025-02-15 20:00:00+00:00,2691.66,2704.78,2678.55,2693.3,7538.890122
2025-02-16 00:00:00+00:00,2693.3,2706.61,2687.96,2699.02,4287.251089
2025-02-16 04:00:00+00:00,2699.02,2727.55,2690.35,2695.71,9111.068181
2025-02-16 08:00:00+00:00,2695.71,2712.98,2689.47,2711.28,6117.711927
2025-02-16 12:00:00+00:00,2711.11,2712.97,2676.77,2694.24,8784.960886
2025-02-16 16:00:00+00:00,2694.12,2703.72,2658.0,2683.52,8776.846862
2025-02-16 20:00:00+00:00,2683.52,2689.6,2650.98,2661.21,11176.46471
2025-02-17 00:00:00+00:00,2661.21,2684.35,2658.0,2672.2,8667.090194
2025-02-17 04:00:00+00:00,2672.2,2695.45,2637.12,2681.91,23961.810462
2025-02-17 08:00:00+00:00,2681.9,2774.92,2676.5,2755.31,39548.064667
2025-02-17 12:00:00+00:00,2755.23,2849.68,2746.01,2756.09,54356.050025
2025-02-17 16:00:00+00:00,2755.79,2765.83,2687.0,2717.95,37308.320524
2025-02-17 20:00:00+00:00,2717.71,2778.4,2716.56,2744.46,12987.169672
2025-02-18 00:00:00+00:00,2744.47,2757.52,2707.29,2711.76,13446.247372
2025-02-18 04:00:00+00:00,2711.77,2717.94,2652.13,2672.5,34015.501549
2025-02-18 08:00:00+00:00,2672.58,2706.35,2653.06,2679.24,23153.686664
2025-02-18 12:00:00+00:00,2679.23,2732.65,2659.99,2673.99,25385.912967
2025-02-18 16:00:00+00:00,2674.21,2684.75,2605.67,2630.1,39616.443883
2025-02-18 20:00:00+00:00,2630.4,2672.4,2618.19,2672.0,13856.490568
2025-02-19 00:00:00+00:00,2672.18,2700.5,2656.0,2694.1,11015.909765
2025-02-19 04:00:00+00:00,2694.1,2717.42,2664.51,2708.33,14349.496234
2025-02-19 08:00:00+00:00,2708.33,2736.97,2703.71,2727.21,17194.294414
2025-02-19 12:00:00+00:00,2727.23,2731.81,2677.5,2697.09,20354.959821
2025-02-19 16:00:00+00:00,2697.0,2724.43,2694.7,2712.19,11472.059446
2025-02-19 20:00:00+00:00,2712.0,2735.0,2706.1,2715.5,11054.684231
2025-02-20 00:00:00+00:00,2715.58,2751.33,2709.78,2741.97,22335.268435
2025-02-20 04:00:00+00:00,2741.72,2759.49,2721.88,2730.08,14705.51792
2025-02-20 08:00:00+00:00,2730.08,2746.99,2725.2,2740.61,7435.949733
2025-02-20 12:00:00+00:00,2740.6,2770.9,2706.65,2712.46,22556.961423
2025-02-20 16:00:00+00:00,2712.45,2768.13,2706.98,2748.0,25002.006537
2025-02-20 20:00:00+00:00,2747.61,2761.37,2722.01,2738.2,8445.783808
2025-02-21 00:00:00+00:00,2738.14,2749.7,2725.84,2744.12,7629.248256
2025-02-21 04:00:00+00:00,2744.13,2769.99,2744.0,2755.95,9690.224257
2025-02-21 08:00:00+00:00,2755.95,2831.7,2747.61,2788.49,38526.209321
2025-02-21 12:00:00+00:00,2788.4,2845.89,2675.3,2723.53,83720.392001
2025-02-21 16:00:00+00:00,2723.93,2770.13,2626.0,2640.16,95423.086541
2025-02-21 20:00:00+00:00,2640.29,2664.63,2616.89,2662.7,32047.278262
2025-02-22 00:00:00+00:00,2662.79,2689.03,2652.73,2675.42,28184.605432
2025-02-22 04:00:00+00:00,2675.39,2697.05,2672.61,2684.41,12945.159658
2025-02-22 08:00:00+00:00,2684.41,2753.53,2676.68,2732.99,38257.245367
2025-02-22 12:00:00+00:00,2733.0,2786.42,2721.84,2776.0,20990.130142
2025-02-22 16:00:00+00:00,2775.7,2798.2,2756.57,2769.96,21588.052193
2025-02-22 20:00:00+00:00,2769.97,2777.84,2759.0,2762.97,4704.405507
2025-02-23 00:00:00+00:00,2762.97,2775.83,2745.05,2752.87,9620.687392
2025-02-23 04:00:00+00:00,2752.86,2829.5,2746.01,2824.98,34044.738774
2025-02-23 08:00:00+00:00,2824.81,2831.21,2783.78,2797.41,19727.906192
2025-02-23 12:00:00+00:00,2797.32,2827.18,2773.62,2782.89,24850.345083
2025-02-23 16:00:00+00:00,2782.99,2824.13,2782.22,2807.89,10355.482111
2025-02-23 20:00:00+00:00,2807.89,2857.95,2785.17,2819.61,22403.725104
2025-02-24 00:00:00+00:00,2819.61,2839.76,2711.44,2717.82,39035.842455
2025-02-24 04:00:00+00:00,2717.98,2736.0,2692.91,2721.9,46465.921915
2025-02-24 08:00:00+00:00,2721.9,2722.45,2663.05,2689.71,52553.625285
2025-02-24 12:00:00+00:00,2689.71,2696.72,2636.45,2659.19,42228.252336
2025-02-24 16:00:00+00:00,2659.19,2682.89,2623.16,2641.49,21125.371844
2025-02-24 20:00:00+00:00,2641.6,2663.88,2468.53,2513.73,95609.351124
2025-02-25 00:00:00+00:00,2513.61,2530.85,2457.14,2495.2,58942.177865
2025-02-25 04:00:00+00:00,2495.28,2513.18,2315.32,2368.55,136857.928715
2025-02-25 08:00:00+00:00,2368.59,2439.71,2357.03,2434.11,76556.969731
2025-02-25 12:00:00+00:00,2434.2,2450.1,2362.2,2409.6,57761.122613
2025-02-25 16:00:00+00:00,2410.28,2473.8,2383.71,2471.99,40456.689065
2025-02-25 20:00:00+00:00,2471.82,2533.54,2457.46,2495.3,28875.085805
2025-02-26 00:00:00+00:00,2495.7,2507.9,2471.72,2490.8,13399.981468
2025-02-26 04:00:00+00:00,2490.9,2506.62,2475.48,2484.0,20296.212243
2025-02-26 08:00:00+00:00,2484.13,2496.22,2458.0,2464.91,26756.381346
2025-02-26 12:00:00+00:00,2464.92,2467.16,2370.0,2428.21,59873.047589
2025-02-26 16:00:00+00:00,2428.66,2434.33,2264.44,2296.17,92517.460817
2025-02-26 20:00:00+00:00,2296.49,2383.49,2254.0,2336.4,50819.014314
2025-02-27 00:00:00+00:00,2336.41,2370.95,2315.25,2332.34,19854.904946
2025-02-27 04:00:00+00:00,2332.34,2373.29,2303.2,2356.02,22078.665344
2025-02-27 08:00:00+00:00,2356.2,2381.93,2343.29,2354.1,19415.050286
2025-02-27 12:00:00+00:00,2354.09,2362.49,2290.46,2323.37,38815.646754
2025-02-27 16:00:00+00:00,2323.36,2337.58,2278.28,2292.32,23453.668828
2025-02-27 20:00:00+00:00,2292.8,2312.0,2230.66,2307.77,40806.049766
2025-02-28 00:00:00+00:00,2307.77,2314.39,2123.13,2147.33,147173.056017
2025-02-28 04:00:00+00:00,2147.39,2156.82,2074.99,2106.28,116643.868871
2025-02-28 08:00:00+00:00,2106.3,2152.0,2076.02,2126.28,59756.92708
2025-02-28 12:00:00+00:00,2125.34,2228.85,2105.52,2223.0,75764.323397
2025-02-28 16:00:00+00:00,2223.19,2255.74,2193.34,2230.67,33925.813921
2025-02-28 20:00:00+00:00,2230.2,2239.9,2198.46,2237.62,19626.005111
2025-03-01 00:00:00+00:00,2237.68,2276.0,2213.08,2262.81,26899.685267
2025-03-01 04:00:00+00:00,2262.81,2281.11,2224.42,2229.15,18825.221491
2025-03-01 08:00:00+00:00,2229.14,2239.71,2171.0,2184.32,19385.195305
2025-03-01 12:00:00+00:00,2184.32,2187.93,2142.06,2173.51,21742.498372
2025-03-01 16:00:00+00:00,2173.7,2234.69,2169.09,2223.23,16915.44224
2025-03-01 20:00:00+00:00,2223.23,2236.0,2191.14,2217.6,12127.760045
2025-03-02 00:00:00+00:00,2217.61,2230.79,2201.37,2220.2,14354.73759
2025-03-02 04:00:00+00:00,2220.2,2235.6,2218.47,2221.67,13290.096028
2025-03-02 08:00:00+00:00,2221.61,2261.6,2208.33,2239.01,29806.809293
2025-03-02 12:00:00+00:00,2239.01,2291.96,2172.0,2229.99,65188.285579
2025-03-02 16:00:00+00:00,2230.0,2518.32,2212.84,2486.29,237352.462445
2025-03-02 20:00:00+00:00,2486.02,2551.3,2480.14,2518.04,59360.158549
2025-03-03 00:00:00+00:00,2518.04,2523.78,2418.84,2441.5,53086.527216
2025-03-03 04:00:00+00:00,2441.52,2457.5,2353.27,2387.37,36805.770636
2025-03-03 08:00:00+00:00,2387.34,2388.29,2321.9,2356.79,31701.881298
2025-03-03 12:00:00+00:00,2356.36,2389.29,2266.66,2287.4,68527.1612
2025-03-03 16:00:00+00:00,2287.71,2297.58,2096.0,2109.71,95911.510848
2025-03-03 20:00:00+00:00,2110.06,2173.69,2097.5,2149.28,44809.473063
2025-03-04 00:00:00+00:00,2149.3,2167.58,2002.6,2074.71,122488.448965
2025-03-04 04:00:00+00:00,2075.1,2123.65,2068.0,2080.8,31758.267373
2025-03-04 08:00:00+00:00,2080.8,2117.91,2070.69,2101.58,20051.14627
2025-03-04 12:00:00+00:00,2101.59,2158.3,2025.74,2074.6,94939.916642
2025-03-04 16:00:00+00:00,2074.71,2175.0,1989.0,2172.75,85416.916315
2025-03-04 20:00:00+00:00,2172.74,2221.8,2126.8,2171.6,42080.68997
2025-03-05 00:00:00+00:00,2171.59,2193.3,2155.04,2160.71,19754.601651
2025-03-05 04:00:00+00:00,2160.71,2212.9,2158.0,2207.0,17544.978622
2025-03-05 08:00:00+00:00,2206.83,2273.36,2204.31,2217.5,40363.166893
2025-03-05 12:00:00+00:00,2217.51,2232.72,2166.37,2186.89,44767.40431
2025-03-05 16:00:00+00:00,2186.53,2223.1,2161.53,2218.2,29545.454418
2025-03-05 20:00:00+00:00,2218.19,2252.98,2213.68,2241.61,19858.607885
2025-03-06 00:00:00+00:00,2241.6,2296.66,2233.9,2289.89,43823.966387
2025-03-06 04:00:00+00:00,2289.75,2320.02,2275.92,2285.89,23395.872812
2025-03-06 08:00:00+00:00,2286.04,2306.3,2276.48,2297.95,19152.547939
2025-03-06 12:00:00+00:00,2298.18,2298.8,2208.11,2257.5,40481.460383
2025-03-06 16:00:00+00:00,2257.51,2265.53,2176.13,2197.9,46954.571021
2025-03-06 20:00:00+00:00,2197.9,2229.24,2192.0,2202.4,19938.834152
2025-03-07 00:00:00+00:00,2202.01,2227.49,2102.09,2148.0,99002.27985
2025-03-07 04:00:00+00:00,2148.1,2193.7,2144.7,2192.41,13586.573977
2025-03-07 08:00:00+00:00,2192.77,2210.93,2177.08,2197.52,25094.881025
2025-03-07 12:00:00+00:00,2197.49,2258.29,2165.6,2209.11,74254.644567
2025-03-07 16:00:00+00:00,2209.26,2216.51,2141.2,2178.29,45715.301002
2025-03-07 20:00:00+00:00,2178.32,2187.02,2113.81,2141.8,45539.753707
2025-03-08 00:00:00+00:00,2141.8,2156.04,2105.0,2137.41,15219.430991
2025-03-08 04:00:00+00:00,2138.0,2152.69,2131.57,2137.9,7278.970033
2025-03-08 08:00:00+00:00,2137.84,2143.45,2126.44,2142.0,7977.750128
2025-03-08 12:00:00+00:00,2141.99,2199.0,2138.02,2181.71,24186.563668
2025-03-08 16:00:00+00:00,2181.71,2235.3,2161.11,2224.75,27469.832048
2025-03-08 20:00:00+00:00,2224.75,2226.09,2193.28,2203.79,10225.377656
2025-03-09 00:00:00+00:00,2203.8,2212.35,2176.11,2185.8,9894.433215
2025-03-09 04:00:00+00:00,2185.97,2197.16,2171.5,2184.8,8635.462416
2025-03-09 08:00:00+00:00,2184.8,2187.77,2128.31,2146.91,20831.96743
2025-03-09 12:00:00+00:00,2146.91,2147.13,2083.9,2097.38,54123.592015
2025-03-09 16:00:00+00:00,2096.8,2109.48,1997.53,2040.31,79270.941501
2025-03-09 20:00:00+00:00,2040.51,2057.04,1989.63,2020.39,37332.456992
2025-03-10 00:00:00+00:00,2020.43,2070.52,1994.11,2057.61,35461.816758
2025-03-10 04:00:00+00:00,2057.7,2079.99,2054.21,2075.41,11481.051278
2025-03-10 08:00:00+00:00,2075.41,2152.72,2047.25,2128.27,52215.665398
2025-03-10 12:00:00+00:00,2128.49,2136.53,1996.91,2017.7,79334.316098
2025-03-10 16:00:00+00:00,2017.44,2025.33,1808.94,1869.31,156705.729721
2025-03-10 20:00:00+00:00,1869.59,1903.96,1843.29,1865.29,50979.02876
2025-03-11 00:00:00+00:00,1865.29,1890.51,1752.82,1850.09,106908.124753
2025-03-11 04:00:00+00:00,1849.81,1914.4,1845.72,1904.21,37052.757679
2025-03-11 08:00:00+00:00,1904.0,1929.71,1899.38,1914.19,34259.540193
2025-03-11 12:00:00+00:00,1913.91,1963.21,1840.53,1914.6,130339.295248
2025-03-11 16:00:00+00:00,1914.3,1963.11,1886.6,1951.78,45777.944023
2025-03-11 20:00:00+00:00,1951.41,1955.4,1917.11,1923.45,13760.228493
2025-03-12 00:00:00+00:00,1923.31,1932.65,1867.15,1868.69,28372.698512
2025-03-12 04:00:00+00:00,1868.71,1916.8,1852.51,1911.41,36155.880869
2025-03-12 08:00:00+00:00,1911.41,1956.24,1870.0,1916.87,76079.423507
2025-03-12 12:00:00+00:00,1916.87,1949.53,1828.42,1869.91,80702.688799
2025-03-12 16:00:00+00:00,1869.81,1894.43,1862.9,1878.48,22474.908862
2025-03-12 20:00:00+00:00,1878.23,1915.63,1873.88,1908.49,18941.342203
2025-03-13 00:00:00+00:00,1908.24,1917.2,1882.25,1887.0,19791.568007
2025-03-13 04:00:00+00:00,1886.91,1891.82,1858.1,1872.19,18777.505912
2025-03-13 08:00:00+00:00,1872.15,1905.44,1854.0,1900.3,40567.821803
2025-03-13 12:00:00+00:00,1900.41,1924.0,1864.18,1875.51,41996.780515
2025-03-13 16:00:00+00:00,1875.6,1878.3,1821.42,1851.66,36729.800562
2025-03-13 20:00:00+00:00,1851.51,1883.58,1839.42,1864.8,25292.4424
2025-03-14 00:00:00+00:00,1864.7,1895.0,1861.6,1889.41,13951.048372
2025-03-14 04:00:00+00:00,1889.41,1905.71,1887.97,1893.21,14356.923147
2025-03-14 08:00:00+00:00,1893.29,1909.04,1889.5,1902.55,17634.569797
2025-03-14 12:00:00+00:00,1902.45,1942.65,1877.19,1921.84,45644.320847
2025-03-14 16:00:00+00:00,1922.08,1945.54,1914.0,1934.3,20124.629773
2025-03-14 20:00:00+00:00,1934.1,1935.01,1908.25,1911.54,11592.305393
2025-03-15 00:00:00+00:00,1911.24,1923.17,1903.19,1920.5,11555.650562
2025-03-15 04:00:00+00:00,1920.55,1935.2,1914.58,1917.75,11878.004067
2025-03-15 08:00:00+00:00,1917.76,1931.79,1912.47,1928.9,7817.90949
2025-03-15 12:00:00+00:00,1928.89,1939.35,1922.49,1937.58,11904.929477
2025-03-15 16:00:00+00:00,1937.59,1948.3,1928.59,1937.2,8646.413284
2025-03-15 20:00:00+00:00,1937.25,1957.85,1936.1,1937.29,7606.998826
2025-03-16 00:00:00+00:00,1937.29,1941.1,1916.38,1927.5,9710.674234
2025-03-16 04:00:00+00:00,1927.58,1933.96,1921.58,1926.21,8356.945836
2025-03-16 08:00:00+00:00,1926.21,1927.18,1866.66,1873.9,27803.852672
2025-03-16 12:00:00+00:00,1873.9,1898.33,1873.37,1895.12,16150.689301
2025-03-16 16:00:00+00:00,1895.12,1924.41,1860.35,1882.64,24446.777221
2025-03-16 20:00:00+00:00,1882.69,1898.58,1870.33,1887.3,8510.62965
2025-03-17 00:00:00+00:00,1887.2,1915.63,1886.5,1908.9,10624.824173
2025-03-17 04:00:00+00:00,1908.9,1913.0,1879.87,1900.9,12494.238556
2025-03-17 08:00:00+00:00,1900.99,1918.6,1893.01,1910.61,14165.216291
2025-03-17 12:00:00+00:00,1910.62,1941.23,1888.0,1919.13,35185.586612
2025-03-17 16:00:00+00:00,1919.29,1952.64,1907.31,1942.41,21737.11789
2025-03-17 20:00:00+00:00,1942.21,1949.4,1921.98,1926.27,9072.488752
2025-03-18 00:00:00+00:00,1926.28,1930.49,1897.51,1901.4,13630.225737
2025-03-18 04:00:00+00:00,1901.34,1910.0,1893.66,1905.09,14364.134606
2025-03-18 08:00:00+00:00,1905.09,1913.04,1885.45,1892.38,18619.786762
2025-03-18 12:00:00+00:00,1892.37,1903.51,1872.17,1880.89,23668.251862
2025-03-18 16:00:00+00:00,1881.0,1908.8,1873.34,1904.8,12793.725939
2025-03-18 20:00:00+00:00,1904.43,1936.07,1898.67,1931.49,10509.864106
2025-03-19 00:00:00+00:00,1931.6,1949.0,1927.82,1938.33,21898.223844
2025-03-19 04:00:00+00:00,1938.25,1943.3,1930.3,1932.16,11434.995445
2025-03-19 08:00:00+00:00,1932.15,2034.24,1931.67,2028.3,74681.233264
2025-03-19 12:00:00+00:00,2028.2,2057.71,1995.11,2049.3,82367.381044
2025-03-19 16:00:00+00:00,2049.3,2065.0,1996.69,2031.46,63501.756221
2025-03-19 20:00:00+00:00,2031.25,2070.26,2028.63,2056.49,15060.101737
2025-03-20 00:00:00+00:00,2056.42,2068.0,2020.41,2023.01,16940.634965
2025-03-20 04:00:00+00:00,2023.01,2025.8,2005.17,2007.8,29813.06721
2025-03-20 08:00:00+00:00,2007.51,2021.72,1971.53,1989.07,34307.114902
2025-03-20 12:00:00+00:00,1989.11,2010.69,1965.52,1972.31,27483.003833
2025-03-20 16:00:00+00:00,1972.0,1980.49,1952.1,1974.84,17484.717542
2025-03-20 20:00:00+00:00,1974.84,1985.24,1971.31,1983.79,6908.476295
2025-03-21 00:00:00+00:00,1983.71,1996.76,1972.72,1978.26,11258.237377
2025-03-21 04:00:00+00:00,1978.11,1989.89,1966.5,1977.06,8567.622919
2025-03-21 08:00:00+00:00,1977.11,1982.43,1956.7,1966.84,12144.218475
2025-03-21 12:00:00+00:00,1966.82,1974.13,1936.61,1950.8,34255.621594
2025-03-21 16:00:00+00:00,1950.64,1977.9,1945.74,1973.83,11432.523735
2025-03-21 20:00:00+00:00,1973.67,1983.94,1962.4,1965.84,6875.463201
2025-03-22 00:00:00+00:00,1965.84,1987.19,1964.5,1985.89,9181.941396
2025-03-22 04:00:00+00:00,1985.9,1993.13,1983.15,1984.24,7309.411487
2025-03-22 08:00:00+00:00,1984.24,2006.48,1981.6,1990.56,11128.762762
2025-03-22 12:00:00+00:00,1990.5,1997.79,1981.17,1986.31,8810.27837
2025-03-22 16:00:00+00:00,1986.31,2000.39,1982.32,1995.84,5284.050843
2025-03-22 20:00:00+00:00,1995.85,2004.25,1974.16,1980.7,10317.696805
2025-03-23 00:00:00+00:00,1980.65,2008.54,1976.73,2008.06,8735.59381
2025-03-23 04:00:00+00:00,2008.06,2020.0,1992.24,2008.02,11231.336711
2025-03-23 08:00:00+00:00,2008.02,2020.84,2002.41,2008.0,9043.554731
2025-03-23 12:00:00+00:00,2008.01,2020.43,2002.5,2007.21,9965.383728
2025-03-23 16:00:00+00:00,2007.21,2008.56,1987.47,1996.15,7355.229424
2025-03-23 20:00:00+00:00,1996.24,2007.08,1980.5,2006.02,7957.23833
2025-03-24 00:00:00+00:00,2006.02,2021.5,1977.69,2014.4,21882.016347
2025-03-24 04:00:00+00:00,2014.41,2079.63,2014.4,2069.29,37736.318786
2025-03-24 08:00:00+00:00,2069.3,2104.16,2068.91,2092.59,29608.863695
2025-03-24 12:00:00+00:00,2092.59,2103.0,2073.51,2089.8,32231.592531
2025-03-24 16:00:00+00:00,2089.81,2101.46,2067.57,2088.56,23521.598738
2025-03-24 20:00:00+00:00,2088.6,2095.3,2068.4,2081.16,9276.661579
2025-03-25 00:00:00+00:00,2081.16,2097.89,2041.5,2043.3,27433.566305
2025-03-25 04:00:00+00:00,2043.29,2067.25,2036.96,2055.93,25833.701916
2025-03-25 08:00:00+00:00,2055.94,2075.19,2053.7,2068.55,11101.932746
2025-03-25 12:00:00+00:00,2068.5,2081.13,2052.11,2067.56,23578.126846
2025-03-25 16:00:00+00:00,2067.56,2083.75,2056.64,2075.74,14328.917797
2025-03-25 20:00:00+00:00,2075.65,2083.84,2053.35,2066.41,11498.033738
2025-03-26 00:00:00+00:00,2066.4,2078.57,2042.64,2049.35,15753.464488
2025-03-26 04:00:00+00:00,2049.3,2071.63,2047.62,2069.5,13429.22663
2025-03-26 08:00:00+00:00,2069.48,2075.86,2057.34,2068.56,9891.396545
2025-03-26 12:00:00+00:00,2068.56,2070.48,2006.62,2012.6,30972.027708
2025-03-26 16:00:00+00:00,2012.5,2022.65,1981.21,2000.0,25016.460693
2025-03-26 20:00:00+00:00,1999.51,2018.0,1991.56,2009.47,13730.494004
2025-03-27 00:00:00+00:00,2009.5,2037.39,2006.73,2031.5,15691.30991
2025-03-27 04:00:00+00:00,2031.53,2032.89,2020.99,2026.31,9197.760201
2025-03-27 08:00:00+00:00,2026.25,2036.4,2012.19,2016.49,16047.260122
2025-03-27 12:00:00+00:00,2016.48,2026.7,1987.0,2005.51,30178.883345
2025-03-27 16:00:00+00:00,2005.51,2015.03,1993.6,2004.0,11497.329466
2025-03-27 20:00:00+00:00,2004.28,2019.99,1999.59,2003.81,7114.24781
2025-03-28 00:00:00+00:00,2003.81,2015.97,1991.48,1999.99,11577.496924
2025-03-28 04:00:00+00:00,1999.99,2004.75,1901.5,1909.68,74670.251162
2025-03-28 08:00:00+00:00,1909.68,1924.71,1858.47,1900.5,50935.37928
2025-03-28 12:00:00+00:00,1900.49,1904.21,1871.4,1872.09,45284.217293
2025-03-28 16:00:00+00:00,1872.19,1887.42,1861.86,1874.12,17465.76888
2025-03-28 20:00:00+00:00,1874.29,1902.56,1873.68,1897.03,12538.027916
2025-03-29 00:00:00+00:00,1897.03,1913.68,1886.15,1899.9,11436.369248
2025-03-29 04:00:00+00:00,1899.9,1905.17,1875.67,1880.46,13087.246286
2025-03-29 08:00:00+00:00,1880.45,1887.63,1833.05,1844.6,36052.141159
2025-03-29 12:00:00+00:00,1844.61,1863.62,1833.66,1840.2,20415.494502
2025-03-29 16:00:00+00:00,1840.2,1848.29,1796.59,1827.58,40647.838442
2025-03-29 20:00:00+00:00,1827.78,1830.56,1811.76,1828.28,12191.321014
2025-03-30 00:00:00+00:00,1828.28,1845.0,1812.45,1834.56,13563.074147
2025-03-30 04:00:00+00:00,1834.31,1846.67,1832.47,1837.61,7380.499684
2025-03-30 08:00:00+00:00,1837.61,1849.22,1826.0,1833.1,11475.615611
2025-03-30 12:00:00+00:00,1833.1,1840.0,1788.33,1813.87,27758.412146
2025-03-30 16:00:00+00:00,1813.86,1834.86,1785.31,1814.49,23249.903517
2025-03-30 20:00:00+00:00,1814.49,1822.08,1767.06,1807.93,24085.275091
2025-03-31 00:00:00+00:00,1807.94,1823.67,1776.7,1798.6,24718.683106
2025-03-31 04:00:00+00:00,1798.64,1813.9,1789.3,1798.87,15045.181673
2025-03-31 08:00:00+00:00,1798.81,1819.82,1777.75,1813.4,25984.180216
2025-03-31 12:00:00+00:00,1813.4,1854.75,1794.92,1842.3,45232.92771
2025-03-31 16:00:00+00:00,1842.4,1847.49,1817.2,1827.94,17761.718393
2025-03-31 20:00:00+00:00,1827.63,1834.9,1816.25,1822.39,11309.765097
2025-04-01 00:00:00+00:00,1822.4,1843.08,1818.0,1834.99,17852.185494
2025-04-01 04:00:00+00:00,1835.0,1867.72,1832.07,1854.17,22696.929976
2025-04-01 08:00:00+00:00,1854.11,1892.81,1853.74,1862.31,32247.287469
2025-04-01 12:00:00+00:00,1862.31,1928.41,1842.33,1918.5,53219.745548
2025-04-01 16:00:00+00:00,1918.57,1924.22,1901.39,1910.11,19323.53696
2025-04-01 20:00:00+00:00,1910.02,1923.19,1897.14,1905.19,14966.981
2025-04-02 00:00:00+00:00,1905.2,1908.73,1872.28,1876.24,17021.838804
2025-04-02 04:00:00+00:00,1876.24,1883.2,1851.86,1865.11,19933.719509
2025-04-02 08:00:00+00:00,1865.11,1888.36,1862.59,1868.8,16480.771756
2025-04-02 12:00:00+00:00,1868.7,1919.55,1854.1,1901.04,48040.678664
2025-04-02 16:00:00+00:00,1901.03,1916.49,1882.46,1911.77,20885.640411
2025-04-02 20:00:00+00:00,1911.79,1957.14,1781.71,1795.3,106527.188574
2025-04-03 00:00:00+00:00,1795.01,1835.02,1789.11,1824.76,27371.546135
2025-04-03 04:00:00+00:00,1824.75,1845.49,1807.04,1815.5,27853.257754
2025-04-03 08:00:00+00:00,1815.38,1824.22,1787.3,1795.35,27184.320346
2025-04-03 12:00:00+00:00,1795.34,1800.62,1748.12,1782.4,63212.341096
2025-04-03 16:00:00+00:00,1782.5,1799.0,1767.24,1787.07,16940.255966
2025-04-03 20:00:00+00:00,1787.19,1821.89,1779.71,1816.94,12978.462287
2025-04-04 00:00:00+00:00,1817.2,1823.44,1771.24,1793.08,19003.692972
2025-04-04 04:00:00+00:00,1793.09,1821.88,1784.0,1817.89,13449.390607
2025-04-04 08:00:00+00:00,1817.9,1835.72,1758.98,1784.1,36410.412193
2025-04-04 12:00:00+00:00,1784.0,1821.06,1769.3,1794.93,55873.767221
2025-04-04 16:00:00+00:00,1795.3,1828.96,1783.25,1810.82,50222.810377
2025-04-04 20:00:00+00:00,1810.82,1828.12,1807.66,1817.05,52936.351282
2025-04-05 00:00:00+00:00,1817.01,1827.42,1809.45,1810.16,8403.348472
2025-04-05 04:00:00+00:00,1810.08,1815.92,1803.62,1813.39,6883.146291
2025-04-05 08:00:00+00:00,1813.4,1822.4,1806.71,1807.49,8875.831453
2025-04-05 12:00:00+00:00,1807.49,1809.26,1778.22,1782.11,21251.547524
2025-04-05 16:00:00+00:00,1782.11,1795.6,1779.96,1782.29,5734.964828
2025-04-05 20:00:00+00:00,1782.2,1810.1,1763.82,1805.87,14422.717895
2025-04-06 00:00:00+00:00,1806.06,1817.16,1802.0,1809.9,10296.065154
2025-04-06 04:00:00+00:00,1809.9,1813.5,1790.42,1798.0,7888.723493
2025-04-06 08:00:00+00:00,1798.0,1798.35,1782.51,1789.4,9648.084022
2025-04-06 12:00:00+00:00,1789.39,1792.3,1737.73,1759.67,33663.917491
2025-04-06 16:00:00+00:00,1759.61,1759.99,1602.01,1626.22,152997.063395
2025-04-06 20:00:00+00:00,1626.19,1631.33,1536.0,1580.8,133524.536755
2025-04-07 00:00:00+00:00,1580.87,1614.61,1520.33,1543.8,130498.82908
2025-04-07 04:00:00+00:00,1543.91,1561.48,1411.13,1460.41,186095.170241
2025-04-07 08:00:00+00:00,1460.4,1521.14,1455.77,1483.03,82536.356878
2025-04-07 12:00:00+00:00,1483.09,1639.17,1478.1,1556.31,234887.793359
2025-04-07 16:00:00+00:00,1556.11,1572.72,1526.1,1545.24,78765.445135
2025-04-07 20:00:00+00:00,1545.55,1585.28,1544.91,1553.0,21915.48687
2025-04-08 00:00:00+00:00,1553.11,1618.66,1541.15,1584.54,37739.636504
2025-04-08 04:00:00+00:00,1584.55,1602.15,1562.0,1570.9,21664.915585
2025-04-08 08:00:00+00:00,1570.9,1590.32,1554.15,1588.41,21226.069176
2025-04-08 12:00:00+00:00,1588.57,1593.57,1517.93,1531.52,60787.805344
2025-04-08 16:00:00+00:00,1531.5,1533.91,1454.55,1467.09,83172.18192
2025-04-08 20:00:00+00:00,1466.81,1486.38,1445.26,1473.48,32762.387868
2025-04-09 00:00:00+00:00,1473.57,1482.54,1384.28,1418.8,117662.023896
2025-04-09 04:00:00+00:00,1418.41,1492.25,1414.67,1483.46,61808.629851
2025-04-09 08:00:00+00:00,1483.45,1496.47,1445.1,1455.59,59806.859455
2025-04-09 12:00:00+00:00,1455.5,1501.77,1440.24,1485.2,80172.924317
2025-04-09 16:00:00+00:00,1485.4,1674.1,1482.08,1640.58,206597.715283
2025-04-09 20:00:00+00:00,1640.76,1689.05,1640.31,1669.44,42096.706601
2025-04-10 00:00:00+00:00,1669.43,1669.92,1601.94,1617.09,33256.661571
2025-04-10 04:00:00+00:00,1617.0,1626.15,1582.85,1595.6,31514.222372
2025-04-10 08:00:00+00:00,1595.61,1606.75,1581.25,1595.0,23102.083272
2025-04-10 12:00:00+00:00,1594.8,1627.52,1483.91,1496.2,117213.319893
2025-04-10 16:00:00+00:00,1496.1,1532.22,1472.28,1514.4,70521.669697
2025-04-10 20:00:00+00:00,1514.24,1533.58,1513.84,1522.35,17545.730398
2025-04-11 00:00:00+00:00,1522.31,1550.68,1504.45,1544.58,31057.244185
2025-04-11 04:00:00+00:00,1544.58,1562.86,1541.01,1552.8,27366.667979
2025-04-11 08:00:00+00:00,1552.8,1584.88,1538.2,1558.71,50175.204632
2025-04-11 12:00:00+00:00,1558.72,1581.45,1540.85,1565.58,49639.507287
2025-04-11 16:00:00+00:00,1565.6,1592.0,1555.72,1565.61,48757.225408
2025-04-11 20:00:00+00:00,1565.6,1586.98,1558.38,1566.58,15330.435413
2025-04-12 00:00:00+00:00,1566.54,1569.6,1545.45,1554.25,17427.06862
2025-04-12 04:00:00+00:00,1554.35,1585.51,1550.42,1582.11,22738.997355
2025-04-12 08:00:00+00:00,1582.11,1607.12,1581.0,1593.92,28568.655981
2025-04-12 12:00:00+00:00,1593.93,1669.5,1590.67,1655.7,63123.507018
2025-04-12 16:00:00+00:00,1655.7,1662.34,1627.26,1642.75,31685.000262
2025-04-12 20:00:00+00:00,1642.8,1660.11,1641.31,1644.23,16174.443691
2025-04-13 00:00:00+00:00,1644.34,1649.96,1605.78,1624.22,38964.351315
2025-04-13 04:00:00+00:00,1624.23,1624.6,1597.09,1613.4,20055.719362
2025-04-13 08:00:00+00:00,1613.31,1628.19,1591.31,1604.27,28633.244357
2025-04-13 12:00:00+00:00,1604.25,1609.18,1566.0,1586.97,40257.126739
2025-04-13 16:00:00+00:00,1586.85,1649.59,1562.0,1590.4,75260.373949
2025-04-13 20:00:00+00:00,1590.4,1617.13,1572.48,1597.76,35586.560369
2025-04-14 00:00:00+00:00,1597.84,1660.52,1595.83,1629.89,46274.509908
2025-04-14 04:00:00+00:00,1629.9,1642.76,1612.6,1635.87,21844.389832
2025-04-14 08:00:00+00:00,1635.89,1691.92,1629.46,1675.38,50848.286636
2025-04-14 12:00:00+00:00,1675.47,1689.72,1619.06,1627.77,56269.523341
2025-04-14 16:00:00+00:00,1628.0,1651.76,1615.0,1636.7,34104.925994
2025-04-14 20:00:00+00:00,1636.8,1638.27,1606.33,1624.08,14305.071226
2025-04-15 00:00:00+00:00,1623.98,1643.8,1614.6,1638.03,19414.250967
2025-04-15 04:00:00+00:00,1638.03,1648.5,1632.29,1645.12,16186.125437
2025-04-15 08:00:00+00:00,1645.12,1652.97,1621.04,1632.1,24488.760799
2025-04-15 12:00:00+00:00,1632.1,1661.05,1601.04,1620.95,42658.358222
2025-04-15 16:00:00+00:00,1621.03,1627.99,1596.6,1607.06,22043.756646
2025-04-15 20:00:00+00:00,1607.14,1615.0,1583.13,1588.63,16013.318672
2025-04-16 00:00:00+00:00,1588.63,1604.39,1576.05,1591.25,19201.589399
2025-04-16 04:00:00+00:00,1591.2,1593.75,1550.71,1564.41,49880.461881
2025-04-16 08:00:00+00:00,1564.41,1586.41,1556.52,1584.18,21268.091927
2025-04-16 12:00:00+00:00,1584.01,1614.0,1566.41,1590.62,39274.590962
2025-04-16 16:00:00+00:00,1590.7,1612.79,1537.0,1588.72,58405.281681
2025-04-16 20:00:00+00:00,1588.8,1598.41,1570.16,1577.36,15316.270786
2025-04-17 00:00:00+00:00,1577.37,1595.61,1574.89,1585.02,14585.659022
2025-04-17 04:00:00+00:00,1585.02,1610.76,1581.0,1601.97,25704.732504
2025-04-17 08:00:00+00:00,1601.9,1604.55,1588.51,1593.39,16074.117091
2025-04-17 12:00:00+00:00,1593.37,1603.52,1562.87,1583.19,30551.155903
2025-04-17 16:00:00+00:00,1583.18,1617.45,1577.1,1581.4,53318.667426
2025-04-17 20:00:00+00:00,1581.37,1592.0,1578.72,1584.0,11966.913072
2025-04-18 00:00:00+00:00,1584.05,1589.39,1577.22,1584.29,9350.000184
2025-04-18 04:00:00+00:00,1584.3,1585.58,1573.57,1584.43,12970.217106
2025-04-18 08:00:00+00:00,1584.42,1592.89,1582.5,1590.7,9722.615655
2025-04-18 12:00:00+00:00,1590.71,1597.39,1578.52,1583.18,13364.304893
2025-04-18 16:00:00+00:00,1583.19,1595.25,1581.74,1593.44,6528.875979
2025-04-18 20:00:00+00:00,1593.29,1601.4,1587.05,1588.72,7188.494118
2025-04-19 00:00:00+00:00,1588.73,1600.64,1585.14,1597.84,9713.867636
2025-04-19 04:00:00+00:00,1597.84,1613.6,1595.6,1600.84,16107.773989
2025-04-19 08:00:00+00:00,1600.84,1606.66,1594.06,1596.96,9012.516527
2025-04-19 12:00:00+00:00,1597.0,1612.5,1595.2,1607.03,10079.210479
2025-04-19 16:00:00+00:00,1607.04,1632.99,1598.32,1614.76,18905.002057
2025-04-19 20:00:00+00:00,1614.76,1622.6,1611.0,1613.33,6069.993384
2025-04-20 00:00:00+00:00,1613.21,1619.28,1607.71,1611.98,8617.945231
2025-04-20 04:00:00+00:00,1611.99,1617.59,1586.0,1597.69,20283.675472
2025-04-20 08:00:00+00:00,1597.68,1597.7,1565.87,1572.85,31980.736267
2025-04-20 12:00:00+00:00,1572.64,1584.23,1571.25,1573.79,15586.90263
2025-04-20 16:00:00+00:00,1573.79,1588.0,1571.61,1586.3,7724.400842
2025-04-20 20:00:00+00:00,1586.3,1600.9,1574.73,1587.46,12543.181608
2025-04-21 00:00:00+00:00,1587.46,1645.8,1586.31,1634.72,55752.61887
2025-04-21 04:00:00+00:00,1634.7,1658.83,1631.35,1645.68,49617.421911
2025-04-21 08:00:00+00:00,1645.67,1655.0,1617.68,1626.41,22902.732778
2025-04-21 12:00:00+00:00,1626.4,1642.1,1608.64,1623.48,53676.95771
2025-04-21 16:00:00+00:00,1623.41,1626.3,1562.97,1573.45,86813.884225
2025-04-21 20:00:00+00:00,1573.6,1580.86,1571.1,1579.51,17861.176044
2025-04-22 00:00:00+00:00,1579.51,1593.71,1537.43,1579.05,51461.356044
2025-04-22 04:00:00+00:00,1579.06,1623.81,1573.81,1619.35,46056.335284
2025-04-22 08:00:00+00:00,1618.98,1639.0,1613.08,1630.92,39915.294328
2025-04-22 12:00:00+00:00,1630.92,1726.01,1626.49,1703.16,134651.296972
2025-04-22 16:00:00+00:00,1703.19,1710.68,1682.93,1698.5,32892.032463
2025-04-22 20:00:00+00:00,1698.43,1778.94,1692.39,1756.29,64974.286474
2025-04-23 00:00:00+00:00,1756.3,1808.0,1745.08,1795.19,67015.416973
2025-04-23 04:00:00+00:00,1795.38,1820.05,1773.88,1792.07,66456.092886
2025-04-23 08:00:00+00:00,1792.07,1812.81,1778.68,1797.29,35427.384016
2025-04-23 12:00:00+00:00,1797.29,1835.51,1761.51,1794.81,98911.981841
2025-04-23 16:00:00+00:00,1794.99,1810.17,1774.45,1786.4,43881.71122
2025-04-23 20:00:00+00:00,1786.17,1807.15,1785.69,1795.19,17249.887981
2025-04-24 00:00:00+00:00,1795.19,1803.0,1766.49,1768.1,47230.306312
2025-04-24 04:00:00+00:00,1768.01,1776.48,1751.16,1756.66,42624.124183
2025-04-24 08:00:00+00:00,1756.66,1760.84,1722.93,1755.11,48692.264364
2025-04-24 12:00:00+00:00,1755.11,1777.76,1744.51,1764.55,32657.87189
2025-04-24 16:00:00+00:00,1764.54,1778.03,1745.9,1762.98,36954.424113
2025-04-24 20:00:00+00:00,1762.94,1775.04,1749.13,1769.71,10234.310423
2025-04-25 00:00:00+00:00,1769.72,1790.61,1738.78,1760.76,41100.668191
2025-04-25 04:00:00+00:00,1760.76,1781.75,1758.01,1777.05,28713.202543
2025-04-25 08:00:00+00:00,1777.05,1793.59,1764.29,1790.28,40991.34874
2025-04-25 12:00:00+00:00,1790.25,1827.58,1757.22,1806.41,88136.567752
2025-04-25 16:00:00+00:00,1806.41,1810.9,1782.56,1802.39,21283.294127
2025-04-25 20:00:00+00:00,1802.39,1809.63,1783.93,1784.46,16532.107383
2025-04-26 00:00:00+00:00,1784.6,1815.91,1784.6,1797.6,18727.108559
2025-04-26 04:00:00+00:00,1797.59,1810.79,1788.74,1800.38,12971.432519
2025-04-26 08:00:00+00:00,1800.39,1841.25,1779.21,1785.91,46082.778991
2025-04-26 12:00:00+00:00,1785.91,1804.36,1780.03,1800.25,22317.073494
2025-04-26 16:00:00+00:00,1800.24,1814.99,1795.71,1813.1,10085.615524
2025-04-26 20:00:00+00:00,1813.1,1831.35,1805.51,1820.8,10869.506586
2025-04-27 00:00:00+00:00,1820.8,1857.52,1801.0,1809.72,42290.816172
2025-04-27 04:00:00+00:00,1809.71,1811.77,1790.2,1804.01,14957.940727
2025-04-27 08:00:00+00:00,1804.0,1815.77,1801.67,1806.02,9532.799613
2025-04-27 12:00:00+00:00,1806.01,1808.0,1781.1,1793.8,22981.673627
2025-04-27 16:00:00+00:00,1793.81,1808.39,1787.12,1807.77,12292.459537
2025-04-27 20:00:00+00:00,1807.77,1808.0,1784.49,1791.26,11130.726647
2025-04-28 00:00:00+00:00,1791.31,1794.0,1752.02,1784.13,66610.301127
2025-04-28 04:00:00+00:00,1784.13,1812.47,1784.13,1804.75,21407.133297
2025-04-28 08:00:00+00:00,1804.75,1827.92,1788.03,1816.19,50167.361041
2025-04-28 12:00:00+00:00,1816.19,1817.04,1753.07,1763.31,57555.018234
2025-04-28 16:00:00+00:00,1763.3,1805.0,1744.74,1797.2,46469.007612
2025-04-28 20:00:00+00:00,1797.08,1806.48,1781.12,1799.79,31344.966156
2025-04-29 00:00:00+00:00,1799.8,1811.71,1787.69,1801.97,21958.982428
2025-04-29 04:00:00+00:00,1801.91,1825.1,1788.37,1821.68,32076.065321
2025-04-29 08:00:00+00:00,1821.68,1842.98,1816.81,1829.69,40169.146699
2025-04-29 12:00:00+00:00,1829.7,1833.59,1802.37,1815.14,48880.632087
2025-04-29 16:00:00+00:00,1815.15,1832.68,1807.18,1821.73,24861.645965
2025-04-29 20:00:00+00:00,1821.79,1825.83,1780.27,1797.7,29919.374335
2025-04-30 00:00:00+00:00,1797.69,1813.17,1788.9,1808.99,16910.892624
2025-04-30 04:00:00+00:00,1809.0,1813.0,1791.0,1796.61,16739.927047
2025-04-30 08:00:00+00:00,1796.6,1816.96,1792.73,1815.65,13558.600527
2025-04-30 12:00:00+00:00,1815.7,1816.43,1731.41,1764.8,119638.64493
2025-04-30 16:00:00+00:00,1764.63,1793.1,1756.4,1786.8,26771.81391
2025-04-30 20:00:00+00:00,1787.0,1809.56,1784.55,1793.44,18712.381225
2025-05-01 00:00:00+00:00,1793.41,1819.0,1792.41,1807.96,36883.260751
2025-05-01 04:00:00+00:00,1807.96,1817.12,1802.28,1810.39,15309.889121
2025-05-01 08:00:00+00:00,1810.4,1859.1,1808.47,1845.72,49227.918108
2025-05-01 12:00:00+00:00,1845.59,1873.85,1825.09,1853.01,70972.165926
2025-05-01 16:00:00+00:00,1853.02,1870.47,1839.0,1843.08,24688.589711
2025-05-01 20:00:00+00:00,1843.09,1851.39,1833.63,1838.18,14540.950545
2025-05-02 00:00:00+00:00,1838.13,1851.58,1835.26,1847.68,14935.478306
2025-05-02 04:00:00+00:00,1847.68,1851.6,1816.26,1816.31,27867.826323
2025-05-02 08:00:00+00:00,1816.31,1835.54,1813.0,1833.32,19832.459334
2025-05-02 12:00:00+00:00,1833.41,1854.27,1823.08,1841.08,37252.488901
2025-05-02 16:00:00+00:00,1841.06,1871.0,1831.5,1839.69,29388.825803
2025-05-02 20:00:00+00:00,1839.7,1848.01,1833.0,1842.13,9720.001504
2025-05-03 00:00:00+00:00,1842.16,1843.26,1826.17,1834.77,11723.726297
2025-05-03 04:00:00+00:00,1834.78,1839.52,1824.5,1826.59,10216.636812
2025-05-03 08:00:00+00:00,1826.59,1830.51,1817.52,1824.07,16479.725393
2025-05-03 12:00:00+00:00,1824.14,1839.98,1824.0,1834.5,23802.413738
2025-05-03 16:00:00+00:00,1834.51,1839.0,1808.8,1838.11,31110.546079
2025-05-03 20:00:00+00:00,1838.2,1848.73,1828.8,1833.49,21215.687362
2025-05-04 00:00:00+00:00,1833.49,1849.6,1826.67,1832.21,16638.976208
2025-05-04 04:00:00+00:00,1832.16,1849.97,1829.47,1840.99,16176.055081
2025-05-04 08:00:00+00:00,1840.99,1841.39,1822.1,1827.52,15896.393149
2025-05-04 12:00:00+00:00,1827.52,1834.25,1818.38,1830.67,10252.452393
2025-05-04 16:00:00+00:00,1830.74,1833.2,1822.1,1828.41,8266.022528
2025-05-04 20:00:00+00:00,1828.41,1842.55,1803.05,1808.88,19803.717214
2025-05-05 00:00:00+00:00,1808.89,1818.59,1781.42,1794.51,42603.741646
2025-05-05 04:00:00+00:00,1794.55,1829.92,1792.7,1826.59,22663.121123
2025-05-05 08:00:00+00:00,1826.59,1831.7,1798.3,1804.67,37130.653667
2025-05-05 12:00:00+00:00,1804.7,1815.8,1794.41,1801.18,26377.598119
2025-05-05 16:00:00+00:00,1801.19,1828.78,1800.91,1816.49,19511.224485
2025-05-05 20:00:00+00:00,1816.5,1833.64,1799.19,1820.31,17948.465087
2025-05-06 00:00:00+00:00,1820.32,1820.97,1792.72,1806.53,24729.601686
2025-05-06 04:00:00+00:00,1806.65,1809.46,1798.29,1805.93,15161.622271
2025-05-06 08:00:00+00:00,1805.94,1805.99,1757.4,1770.12,30537.098186
2025-05-06 12:00:00+00:00,1770.18,1779.97,1751.45,1770.19,42044.628254
2025-05-06 16:00:00+00:00,1770.3,1798.88,1762.14,1784.74,25475.806514
2025-05-06 20:00:00+00:00,1784.8,1819.34,1765.0,1817.0,37432.177964
2025-05-07 00:00:00+00:00,1817.0,1850.61,1814.41,1826.48,59918.745372
2025-05-07 04:00:00+00:00,1826.52,1838.47,1824.43,1838.27,15411.066158
2025-05-07 08:00:00+00:00,1838.27,1847.0,1830.35,1836.54,31889.151901
2025-05-07 12:00:00+00:00,1836.45,1837.16,1814.61,1817.72,23636.156462
2025-05-07 16:00:00+00:00,1817.73,1818.3,1787.16,1795.91,48244.633387
2025-05-07 20:00:00+00:00,1795.98,1825.8,1789.05,1811.0,21421.79779
2025-05-08 00:00:00+00:00,1811.01,1907.23,1808.35,1900.65,90861.950889
2025-05-08 04:00:00+00:00,1900.65,1944.44,1892.16,1928.62,101281.164542
2025-05-08 08:00:00+00:00,1928.61,1968.42,1926.09,1957.59,56209.770543
2025-05-08 12:00:00+00:00,1957.59,2076.66,1954.46,2051.62,157651.302223
2025-05-08 16:00:00+00:00,2051.6,2141.25,2036.31,2118.25,93150.250144
2025-05-08 20:00:00+00:00,2118.19,2226.47,2111.52,2207.27,107356.725044
2025-05-09 00:00:00+00:00,2207.2,2245.0,2184.58,2205.31,90662.081568
2025-05-09 04:00:00+00:00,2205.31,2393.84,2202.39,2364.4,114791.228964
2025-05-09 08:00:00+00:00,2364.39,2490.84,2291.66,2351.09,214143.982747
2025-05-09 12:00:00+00:00,2351.1,2388.52,2270.47,2301.49,111819.899771
2025-05-09 16:00:00+00:00,2301.49,2355.8,2275.0,2332.62,49684.273786
2025-05-09 20:00:00+00:00,2332.17,2352.08,2322.52,2345.18,19427.863454
2025-05-10 00:00:00+00:00,2345.19,2380.79,2317.29,2340.1,46132.481284
2025-05-10 04:00:00+00:00,2340.11,2417.26,2326.9,2399.99,58945.200846
2025-05-10 08:00:00+00:00,2400.0,2436.0,2360.0,2384.65,90507.983046
2025-05-10 12:00:00+00:00,2384.64,2449.68,2384.61,2433.16,52933.441186
2025-05-10 16:00:00+00:00,2433.16,2512.97,2428.61,2499.18,93171.303559
2025-05-10 20:00:00+00:00,2499.18,2600.83,2468.8,2582.8,69995.475754
2025-05-11 00:00:00+00:00,2582.6,2609.49,2504.26,2537.41,95570.287951
2025-05-11 04:00:00+00:00,2537.41,2562.4,2453.34,2473.52,69947.603899
2025-05-11 08:00:00+00:00,2473.4,2535.65,2472.77,2530.76,34841.448869
2025-05-11 12:00:00+00:00,2530.63,2531.99,2435.0,2462.32,61669.072736
2025-05-11 16:00:00+00:00,2462.39,2525.24,2440.01,2508.0,53073.941928
2025-05-11 20:00:00+00:00,2507.99,2528.8,2483.13,2514.67,36912.509888
2025-05-12 00:00:00+00:00,2514.61,2548.7,2490.12,2520.11,42785.251755
2025-05-12 04:00:00+00:00,2520.11,2623.76,2486.44,2554.3,104945.475875
2025-05-12 08:00:00+00:00,2554.48,2585.26,2521.1,2530.31,61910.33519
2025-05-12 12:00:00+00:00,2530.29,2576.5,2477.01,2487.44,98123.820045
2025-05-12 16:00:00+00:00,2487.45,2512.89,2407.09,2460.7,80366.760457
2025-05-12 20:00:00+00:00,2460.49,2500.98,2452.41,2495.34,26168.491461
2025-05-13 00:00:00+00:00,2495.6,2495.92,2415.07,2424.8,49549.183539
2025-05-13 04:00:00+00:00,2424.7,2480.3,2419.6,2461.01,29482.523478
2025-05-13 08:00:00+00:00,2461.1,2525.99,2451.29,2513.72,47032.48108
2025-05-13 12:00:00+00:00,2513.71,2574.27,2491.61,2565.89,92567.290202
2025-05-13 16:00:00+00:00,2565.72,2738.83,2560.0,2691.01,129087.842089
2025-05-13 20:00:00+00:00,2691.0,2707.73,2652.84,2679.56,55506.755054
2025-05-14 00:00:00+00:00,2679.41,2725.22,2622.63,2646.81,72679.954108
2025-05-14 04:00:00+00:00,2647.0,2687.44,2636.3,2640.42,38807.480984
2025-05-14 08:00:00+00:00,2640.43,2645.99,2580.0,2625.47,70382.949577
2025-05-14 12:00:00+00:00,2625.5,2635.73,2558.95,2597.46,60248.819581
2025-05-14 16:00:00+00:00,2597.46,2617.33,2547.02,2604.8,36925.052757
2025-05-14 20:00:00+00:00,2604.78,2614.04,2583.44,2609.7,15133.958301
2025-05-15 00:00:00+00:00,2609.77,2647.18,2566.92,2574.79,42620.158109
2025-05-15 04:00:00+00:00,2574.79,2596.77,2516.0,2531.0,48541.65212
2025-05-15 08:00:00+00:00,2530.9,2566.71,2517.92,2554.8,47923.412941
2025-05-15 12:00:00+00:00,2554.53,2579.72,2477.77,2564.0,72807.905246
2025-05-15 16:00:00+00:00,2563.8,2604.17,2511.44,2530.9,53671.920063
2025-05-15 20:00:00+00:00,2530.99,2564.73,2512.24,2548.8,21641.151136
2025-05-16 00:00:00+00:00,2548.92,2584.28,2534.02,2581.23,24530.697376
2025-05-16 04:00:00+00:00,2581.16,2619.64,2563.97,2600.99,35368.84002
2025-05-16 08:00:00+00:00,2601.0,2648.5,2557.9,2620.59,49248.30964
2025-05-16 12:00:00+00:00,2620.5,2622.98,2573.7,2595.02,45491.207508
2025-05-16 16:00:00+00:00,2595.16,2601.96,2570.0,2592.4,26375.906048
2025-05-16 20:00:00+00:00,2592.4,2592.74,2530.0,2537.29,42596.168021
2025-05-17 00:00:00+00:00,2537.28,2538.61,2452.71,2497.2,81640.534013
2025-05-17 04:00:00+00:00,2497.33,2513.29,2475.31,2493.2,26036.221943
2025-05-17 08:00:00+00:00,2493.2,2496.4,2466.0,2481.86,18442.154348
2025-05-17 12:00:00+00:00,2481.89,2486.89,2446.0,2474.76,32504.204744
2025-05-17 16:00:00+00:00,2474.75,2489.52,2448.61,2470.65,27674.386438
2025-05-17 20:00:00+00:00,2470.46,2496.37,2453.08,2475.51,13395.168199
2025-05-18 00:00:00+00:00,2475.52,2488.0,2468.47,2477.58,16067.794444
2025-05-18 04:00:00+00:00,2477.34,2515.18,2477.34,2509.71,28844.267349
2025-05-18 08:00:00+00:00,2509.71,2529.78,2497.46,2502.07,24465.447491
2025-05-18 12:00:00+00:00,2501.85,2587.82,2486.92,2579.3,54075.332094
2025-05-18 16:00:00+00:00,2579.31,2584.5,2403.33,2408.54,116791.628652
2025-05-18 20:00:00+00:00,2408.31,2511.64,2315.89,2497.99,106739.752112
2025-05-19 00:00:00+00:00,2498.0,2513.5,2379.6,2385.51,63496.25617
2025-05-19 04:00:00+00:00,2385.6,2413.37,2347.74,2403.91,57200.103367
2025-05-19 08:00:00+00:00,2403.91,2423.1,2389.37,2417.46,25965.409012
2025-05-19 12:00:00+00:00,2417.46,2473.32,2383.86,2466.8,59679.981518
2025-05-19 16:00:00+00:00,2466.85,2547.77,2450.85,2518.7,100906.944279
2025-05-19 20:00:00+00:00,2518.7,2534.47,2492.67,2527.8,37095.073861
2025-05-20 00:00:00+00:00,2528.0,2587.99,2510.3,2553.25,77461.831255
2025-05-20 04:00:00+00:00,2553.26,2578.08,2520.89,2532.4,46291.402037
2025-05-20 08:00:00+00:00,2532.22,2539.98,2491.64,2514.15,34941.825185
2025-05-20 12:00:00+00:00,2514.14,2515.2,2464.15,2482.79,47472.962182
2025-05-20 16:00:00+00:00,2482.98,2512.0,2442.0,2501.01,40231.793161
2025-05-20 20:00:00+00:00,2501.2,2541.43,2485.22,2524.3,37067.210598
2025-05-21 00:00:00+00:00,2524.3,2554.64,2508.02,2545.0,30606.403471
2025-05-21 04:00:00+00:00,2545.01,2616.0,2534.55,2551.59,70114.582447
2025-05-21 08:00:00+00:00,2551.6,2563.53,2515.34,2536.9,42067.787843
2025-05-21 12:00:00+00:00,2536.72,2582.57,2521.92,2567.29,72964.563793
2025-05-21 16:00:00+00:00,2567.2,2615.35,2452.03,2512.8,140631.145748
2025-05-21 20:00:00+00:00,2512.41,2598.48,2485.62,2550.9,45385.06903
2025-05-22 00:00:00+00:00,2551.0,2647.99,2544.53,2629.4,81801.226225
2025-05-22 04:00:00+00:00,2629.4,2647.4,2602.1,2634.99,53145.527803
2025-05-22 08:00:00+00:00,2634.99,2692.67,2627.06,2651.16,65120.125285
2025-05-22 12:00:00+00:00,2651.1,2679.99,2622.44,2664.4,49934.327381
2025-05-22 16:00:00+00:00,2664.52,2676.59,2626.3,2634.95,29658.397253
2025-05-22 20:00:00+00:00,2634.98,2666.08,2628.08,2665.1,17770.376122
2025-05-23 00:00:00+00:00,2665.2,2734.36,2645.23,2722.13,86552.719727
2025-05-23 04:00:00+00:00,2722.29,2726.53,2651.37,2655.72,51475.854016
2025-05-23 08:00:00+00:00,2655.73,2688.85,2550.0,2566.75,84238.426113
2025-05-23 12:00:00+00:00,2566.77,2592.23,2497.27,2568.58,104296.086628
2025-05-23 16:00:00+00:00,2568.63,2587.33,2544.75,2560.76,34465.480286
2025-05-23 20:00:00+00:00,2560.65,2562.49,2503.25,2526.6,30086.615354
2025-05-24 00:00:00+00:00,2526.59,2556.5,2515.46,2549.94,17983.046681
2025-05-24 04:00:00+00:00,2549.99,2563.59,2535.58,2547.26,18910.587775
2025-05-24 08:00:00+00:00,2547.26,2575.99,2545.21,2563.51,15954.461821
2025-05-24 12:00:00+00:00,2563.52,2565.7,2543.39,2555.57,16897.051824
2025-05-24 16:00:00+00:00,2555.58,2567.29,2542.82,2554.49,8893.077065
2025-05-24 20:00:00+00:00,2554.49,2556.66,2517.24,2530.42,16418.30339
2025-05-25 00:00:00+00:00,2530.5,2539.43,2476.0,2513.07,39823.403417
2025-05-25 04:00:00+00:00,2513.07,2519.01,2487.14,2494.6,17215.056155
2025-05-25 08:00:00+00:00,2494.69,2502.43,2461.14,2497.62,25609.517711
2025-05-25 12:00:00+00:00,2497.62,2525.0,2479.06,2511.6,20429.908254
2025-05-25 16:00:00+00:00,2511.55,2535.74,2496.11,2526.63,11200.534625
2025-05-25 20:00:00+00:00,2526.58,2554.88,2507.38,2551.2,22075.259958
2025-05-26 00:00:00+00:00,2551.39,2577.02,2536.33,2560.0,22273.883641
2025-05-26 04:00:00+00:00,2560.17,2600.0,2557.51,2580.69,25556.853745
2025-05-26 08:00:00+00:00,2580.69,2582.78,2554.43,2567.92,17358.080093
2025-05-26 12:00:00+00:00,2567.73,2574.49,2537.49,2565.8,23057.162707
2025-05-26 16:00:00+00:00,2565.86,2573.43,2525.24,2541.15,18318.733889
2025-05-26 20:00:00+00:00,2541.15,2585.0,2536.5,2563.81,23139.68184
2025-05-27 00:00:00+00:00,2563.81,2573.98,2509.3,2549.09,33933.45163
2025-05-27 04:00:00+00:00,2549.1,2618.96,2548.89,2607.4,50431.353076
2025-05-27 08:00:00+00:00,2607.5,2654.67,2607.4,2652.01,56684.387767
2025-05-27 12:00:00+00:00,2652.0,2684.81,2633.1,2668.59,74823.937244
2025-05-27 16:00:00+00:00,2668.41,2712.0,2657.89,2687.91,54388.504461
2025-05-27 20:00:00+00:00,2687.83,2694.33,2652.32,2661.03,28422.251678
2025-05-28 00:00:00+00:00,2660.91,2661.96,2618.0,2645.41,30124.590418
2025-05-28 04:00:00+00:00,2645.41,2652.49,2623.82,2636.39,22101.228096
2025-05-28 08:00:00+00:00,2636.39,2659.33,2608.52,2657.16,30477.651521
2025-05-28 12:00:00+00:00,2657.17,2689.81,2613.39,2627.33,60746.385954
2025-05-28 16:00:00+00:00,2627.53,2664.44,2616.5,2617.84,28941.623131
2025-05-28 20:00:00+00:00,2618.0,2686.46,2611.52,2681.51,31407.337736
2025-05-29 00:00:00+00:00,2681.51,2788.88,2670.0,2762.7,101394.295842
2025-05-29 04:00:00+00:00,2762.65,2766.65,2702.63,2731.37,59376.903159
2025-05-29 08:00:00+00:00,2731.38,2744.8,2707.34,2716.02,34491.040735
2025-05-29 12:00:00+00:00,2716.02,2718.99,2621.97,2643.79,74649.137803
2025-05-29 16:00:00+00:00,2643.61,2673.75,2629.0,2649.8,58570.773826
2025-05-29 20:00:00+00:00,2649.7,2668.91,2618.0,2631.41,25063.441282
2025-05-30 00:00:00+00:00,2631.37,2645.45,2557.65,2631.06,63470.563053
2025-05-30 04:00:00+00:00,2631.06,2649.99,2606.0,2618.8,28705.291166
2025-05-30 08:00:00+00:00,2618.8,2628.26,2588.55,2621.99,26583.91704
2025-05-30 12:00:00+00:00,2622.0,2626.37,2572.88,2598.09,40345.36439
2025-05-30 16:00:00+00:00,2598.2,2604.12,2532.83,2574.39,52021.522755
2025-05-30 20:00:00+00:00,2574.19,2589.66,2507.09,2531.16,38093.964855
2025-05-31 00:00:00+00:00,2531.17,2540.0,2475.63,2513.64,53477.651943
2025-05-31 04:00:00+00:00,2513.73,2526.64,2504.13,2521.43,14963.361712
2025-05-31 08:00:00+00:00,2521.42,2538.48,2508.12,2519.61,13107.857584
2025-05-31 12:00:00+00:00,2519.61,2550.58,2516.37,2536.43,24994.889766
2025-05-31 16:00:00+00:00,2536.43,2547.83,2523.29,2537.39,13648.261623
2025-05-31 20:00:00+00:00,2537.4,2550.92,2524.0,2528.31,12272.593507
2025-06-01 00:00:00+00:00,2528.32,2530.44,2491.51,2513.36,27081.100705
2025-06-01 04:00:00+00:00,2513.35,2527.42,2506.02,2509.19,9410.156787
2025-06-01 08:00:00+00:00,2509.18,2510.95,2477.96,2497.59,22498.856913
2025-06-01 12:00:00+00:00,2497.6,2525.16,2467.75,2523.15,22304.080153
2025-06-01 16:00:00+00:00,2523.14,2547.83,2493.33,2526.28,34399.103854
2025-06-01 20:00:00+00:00,2526.26,2547.71,2519.38,2539.27,20592.2913
2025-06-02 00:00:00+00:00,2539.27,2541.87,2485.5,2496.53,20978.488045
2025-06-02 04:00:00+00:00,2496.53,2514.44,2483.56,2506.69,19655.811055
2025-06-02 08:00:00+00:00,2506.69,2515.99,2475.0,2481.22,26180.741871
2025-06-02 12:00:00+00:00,2481.23,2556.8,2478.12,2544.0,42318.286822
2025-06-02 16:00:00+00:00,2544.09,2565.42,2524.8,2532.45,24524.650995
2025-06-02 20:00:00+00:00,2532.61,2615.35,2532.15,2607.58,41583.229854
2025-06-03 00:00:00+00:00,2607.59,2649.98,2589.26,2603.41,59781.353544
2025-06-03 04:00:00+00:00,2603.47,2620.69,2590.33,2609.94,19145.736587
2025-06-03 08:00:00+00:00,2609.95,2620.49,2594.5,2602.0,16023.844453
2025-06-03 12:00:00+00:00,2601.97,2656.29,2598.11,2623.6,41403.560135
2025-06-03 16:00:00+00:00,2623.6,2628.48,2603.18,2625.2,17304.640055
2025-06-03 20:00:00+00:00,2625.22,2625.53,2575.19,2593.24,22040.700804
2025-06-04 00:00:00+00:00,2593.43,2641.71,2583.69,2627.97,24797.763735
2025-06-04 04:00:00+00:00,2627.98,2644.84,2619.15,2627.75,21004.711867
2025-06-04 08:00:00+00:00,2627.76,2650.38,2624.03,2624.83,26051.040553
2025-06-04 12:00:00+00:00,2625.0,2679.73,2594.37,2667.94,60429.716667
2025-06-04 16:00:00+00:00,2667.95,2669.37,2622.16,2623.56,24820.824329
2025-06-04 20:00:00+00:00,2623.56,2625.23,2599.17,2608.18,29668.909287
2025-06-05 00:00:00+00:00,2608.0,2632.53,2601.68,2625.03,18372.572205
2025-06-05 04:00:00+00:00,2625.04,2634.66,2601.27,2604.45,19463.232302
2025-06-05 08:00:00+00:00,2604.45,2613.84,2580.21,2607.8,24661.053156
2025-06-05 12:00:00+00:00,2607.8,2641.05,2562.63,2589.69,66800.513366
2025-06-05 16:00:00+00:00,2589.76,2591.78,2505.4,2528.79,65536.190004
2025-06-05 20:00:00+00:00,2529.08,2535.29,2391.59,2414.16,129923.283296
2025-06-06 00:00:00+00:00,2414.39,2457.71,2382.0,2455.69,48024.649136
2025-06-06 04:00:00+00:00,2455.69,2468.8,2446.0,2455.67,49257.387392
2025-06-06 08:00:00+00:00,2455.66,2493.52,2454.02,2476.05,29074.860273
2025-06-06 12:00:00+00:00,2476.2,2530.41,2466.0,2509.3,50895.370778
2025-06-06 16:00:00+00:00,2509.39,2518.33,2483.34,2484.05,19386.347638
2025-06-06 20:00:00+00:00,2484.27,2507.15,2472.7,2476.43,12836.756904
2025-06-07 00:00:00+00:00,2476.43,2493.64,2457.15,2489.07,20774.067622
2025-06-07 04:00:00+00:00,2489.22,2501.87,2479.81,2491.43,18442.127777
2025-06-07 08:00:00+00:00,2491.43,2501.42,2481.99,2495.65,8885.744749
2025-06-07 12:00:00+00:00,2495.65,2523.77,2492.59,2519.39,18346.122488
2025-06-07 16:00:00+00:00,2519.38,2525.5,2506.36,2516.83,12048.777288
2025-06-07 20:00:00+00:00,2516.83,2545.0,2516.83,2524.73,15638.763603
2025-06-08 00:00:00+00:00,2524.73,2526.11,2508.0,2511.7,12116.982828
2025-06-08 04:00:00+00:00,2511.71,2519.97,2508.42,2514.59,8366.477338
2025-06-08 08:00:00+00:00,2514.59,2520.82,2488.79,2513.51,22655.291372
2025-06-08 12:00:00+00:00,2513.51,2527.58,2500.02,2514.42,16980.701389
2025-06-08 16:00:00+00:00,2514.47,2540.52,2512.25,2532.41,13551.780548
2025-06-08 20:00:00+00:00,2532.42,2549.48,2500.6,2509.67,25035.469559
2025-06-09 00:00:00+00:00,2509.67,2512.03,2482.22,2497.03,23380.023313
2025-06-09 04:00:00+00:00,2496.98,2497.16,2477.83,2491.83,16300.138494
2025-06-09 08:00:00+00:00,2491.92,2547.36,2484.24,2541.8,54205.117968
2025-06-09 12:00:00+00:00,2541.98,2548.6,2509.09,2533.99,29977.049864
2025-06-09 16:00:00+00:00,2533.99,2589.97,2533.99,2580.39,41932.299259
2025-06-09 20:00:00+00:00,2580.39,2694.57,2575.8,2680.24,81311.707609
2025-06-10 00:00:00+00:00,2680.24,2727.9,2675.0,2688.99,61324.719508
2025-06-10 04:00:00+00:00,2689.0,2699.99,2654.15,2677.25,35749.565291
2025-06-10 08:00:00+00:00,2677.26,2798.55,2670.0,2773.89,78833.457483
2025-06-10 12:00:00+00:00,2773.7,2778.89,2689.55,2733.18,75804.887224
2025-06-10 16:00:00+00:00,2733.18,2806.87,2728.46,2773.64,47212.054845
2025-06-10 20:00:00+00:00,2773.99,2827.0,2735.46,2816.11,47844.406231
2025-06-11 00:00:00+00:00,2816.13,2834.51,2772.11,2791.19,35387.617837
2025-06-11 04:00:00+00:00,2791.19,2804.19,2780.43,2792.02,21365.000906
2025-06-11 08:00:00+00:00,2792.01,2793.99,2754.1,2772.95,28639.827003
2025-06-11 12:00:00+00:00,2772.95,2879.99,2764.14,2865.18,103750.010458
2025-06-11 16:00:00+00:00,2865.0,2875.91,2801.25,2813.39,58872.416705
2025-06-11 20:00:00+00:00,2813.24,2831.25,2743.31,2771.66,54094.397794
2025-06-12 00:00:00+00:00,2771.7,2785.0,2746.34,2765.0,38628.632147
2025-06-12 04:00:00+00:00,2765.1,2776.5,2732.66,2740.74,34903.686674
2025-06-12 08:00:00+00:00,2740.73,2762.06,2720.38,2729.68,35239.366417
2025-06-12 12:00:00+00:00,2729.69,2773.23,2711.85,2719.7,54490.694279
2025-06-12 16:00:00+00:00,2719.7,2771.11,2691.84,2694.48,46046.276303
2025-06-12 20:00:00+00:00,2694.4,2703.55,2616.33,2642.7,78304.14063
2025-06-13 00:00:00+00:00,2642.69,2645.55,2436.0,2514.66,203070.050764
2025-06-13 04:00:00+00:00,2514.61,2542.58,2491.38,2527.05,62652.670157
2025-06-13 08:00:00+00:00,2527.03,2545.29,2506.46,2545.04,45081.963646
2025-06-13 12:00:00+00:00,2545.05,2563.09,2503.03,2551.19,70365.585118
2025-06-13 16:00:00+00:00,2551.36,2585.23,2510.0,2527.49,49699.139179
2025-06-13 20:00:00+00:00,2527.47,2583.59,2524.08,2579.15,21508.621009
2025-06-14 00:00:00+00:00,2579.29,2579.46,2547.0,2548.85,21675.252241
2025-06-14 04:00:00+00:00,2548.86,2556.62,2525.66,2537.32,17406.151652
2025-06-14 08:00:00+00:00,2537.32,2539.98,2519.0,2538.62,20796.788576
2025-06-14 12:00:00+00:00,2538.6,2547.23,2505.24,2519.51,19937.616478
2025-06-14 16:00:00+00:00,2519.5,2526.57,2488.17,2507.5,32342.862073
2025-06-14 20:00:00+00:00,2507.7,2540.44,2496.75,2530.8,12222.490348
2025-06-15 00:00:00+00:00,2530.8,2540.99,2525.0,2530.3,9894.828747
2025-06-15 04:00:00+00:00,2530.3,2553.04,2522.29,2528.49,20257.171923
2025-06-15 08:00:00+00:00,2528.5,2530.19,2508.68,2516.35,12849.273807
2025-06-15 12:00:00+00:00,2516.35,2554.99,2515.84,2541.8,25685.918027
2025-06-15 16:00:00+00:00,2541.72,2559.65,2530.9,2536.55,14436.157433
2025-06-15 20:00:00+00:00,2536.58,2549.98,2491.82,2547.53,31818.411874
2025-06-16 00:00:00+00:00,2547.49,2578.82,2514.28,2568.47,39360.036421
2025-06-16 04:00:00+00:00,2568.61,2638.66,2566.5,2628.88,65548.582652
2025-06-16 08:00:00+00:00,2628.88,2634.17,2592.61,2617.05,35221.700973
2025-06-16 12:00:00+00:00,2617.0,2657.83,2605.0,2632.08,50886.648636
2025-06-16 16:00:00+00:00,2632.09,2670.13,2627.6,2660.2,33189.014941
2025-06-16 20:00:00+00:00,2660.68,2680.26,2534.48,2544.22,92992.720173
2025-06-17 00:00:00+00:00,2544.49,2619.0,2522.28,2607.35,56879.548832
2025-06-17 04:00:00+00:00,2607.36,2610.63,2570.35,2582.44,26118.597968
2025-06-17 08:00:00+00:00,2582.44,2585.49,2541.31,2552.19,27810.05802
2025-06-17 12:00:00+00:00,2552.19,2568.3,2482.0,2498.95,80399.36659
2025-06-17 16:00:00+00:00,2498.95,2543.99,2453.56,2528.38,70266.43315
2025-06-17 20:00:00+00:00,2528.02,2534.22,2492.09,2509.85,29406.259553
2025-06-18 00:00:00+00:00,2510.0,2536.74,2505.67,2527.85,20584.119324
2025-06-18 04:00:00+00:00,2527.85,2547.0,2517.65,2533.6,18074.375913
2025-06-18 08:00:00+00:00,2533.6,2548.72,2488.44,2514.06,28549.670644
2025-06-18 12:00:00+00:00,2514.06,2538.87,2465.63,2509.03,57591.921023
2025-06-18 16:00:00+00:00,2509.03,2519.17,2467.25,2492.39,41069.712652
2025-06-18 20:00:00+00:00,2492.31,2537.61,2482.62,2524.71,22083.999635
2025-06-19 00:00:00+00:00,2524.68,2548.0,2506.04,2525.53,16251.188727
2025-06-19 04:00:00+00:00,2525.53,2531.19,2514.36,2519.01,11537.193404
2025-06-19 08:00:00+00:00,2519.0,2544.58,2519.0,2531.77,17681.011081
2025-06-19 12:00:00+00:00,2531.77,2536.71,2490.0,2492.99,23861.128332
2025-06-19 16:00:00+00:00,2493.0,2523.34,2485.13,2504.69,19022.461124
2025-06-19 20:00:00+00:00,2504.8,2532.2,2502.77,2520.71,16933.7991
2025-06-20 00:00:00+00:00,2520.72,2531.41,2512.49,2517.1,10409.171644
2025-06-20 04:00:00+00:00,2517.11,2550.96,2503.12,2549.49,25536.737668
2025-06-20 08:00:00+00:00,2549.52,2569.06,2540.96,2549.79,28046.340508
2025-06-20 12:00:00+00:00,2549.8,2559.5,2488.0,2494.19,54062.810672
2025-06-20 16:00:00+00:00,2494.2,2496.4,2365.0,2414.56,105445.057687
2025-06-20 20:00:00+00:00,2414.89,2437.93,2382.2,2406.74,24304.684429
2025-06-21 00:00:00+00:00,2406.78,2432.52,2396.07,2425.65,16396.535906
2025-06-21 04:00:00+00:00,2425.66,2428.52,2419.27,2427.0,10565.756285
2025-06-21 08:00:00+00:00,2427.0,2448.22,2423.69,2442.59,15464.647388
2025-06-21 12:00:00+00:00,2442.6,2445.19,2412.01,2423.72,19376.533301
2025-06-21 16:00:00+00:00,2423.55,2428.3,2381.99,2384.69,23968.776261
2025-06-21 20:00:00+00:00,2384.7,2409.38,2215.3,2295.55,141201.556453
2025-06-22 00:00:00+00:00,2296.0,2314.39,2244.24,2264.8,61079.683267
2025-06-22 04:00:00+00:00,2264.79,2298.31,2262.11,2270.73,25099.814022
2025-06-22 08:00:00+00:00,2270.73,2280.46,2236.67,2273.05,28346.08043
2025-06-22 12:00:00+00:00,2273.05,2287.49,2155.55,2175.01,129090.268802
2025-06-22 16:00:00+00:00,2175.0,2220.0,2170.53,2183.85,47709.512349
2025-06-22 20:00:00+00:00,2183.85,2237.2,2111.0,2227.58,76223.427651
2025-06-23 00:00:00+00:00,2227.58,2260.23,2221.8,2234.59,26434.744549
2025-06-23 04:00:00+00:00,2234.75,2276.24,2227.75,2258.7,32806.752123
2025-06-23 08:00:00+00:00,2258.68,2274.39,2238.88,2253.3,22631.95414
2025-06-23 12:00:00+00:00,2253.32,2313.8,2232.0,2248.6,71553.016159
2025-06-23 16:00:00+00:00,2248.49,2325.76,2188.41,2312.92,96967.077752
2025-06-23 20:00:00+00:00,2313.33,2439.0,2303.51,2411.52,91642.454303
2025-06-24 00:00:00+00:00,2411.52,2418.0,2388.88,2398.87,40836.319946
2025-06-24 04:00:00+00:00,2398.86,2434.87,2390.91,2392.91,41390.37204
2025-06-24 08:00:00+00:00,2392.81,2450.0,2376.0,2409.25,43105.353626
2025-06-24 12:00:00+00:00,2409.49,2454.8,2402.74,2438.3,59873.033979
2025-06-24 16:00:00+00:00,2438.4,2483.0,2416.61,2434.4,49250.097171
2025-06-24 20:00:00+00:00,2434.3,2450.56,2430.57,2448.7,11537.665355
2025-06-25 00:00:00+00:00,2448.77,2469.0,2436.72,2444.3,22569.281116
2025-06-25 04:00:00+00:00,2444.31,2450.81,2424.24,2444.59,22116.762336
2025-06-25 08:00:00+00:00,2444.59,2448.79,2407.69,2429.14,35322.715798
2025-06-25 12:00:00+00:00,2429.19,2446.45,2389.8,2405.61,53256.417923
2025-06-25 16:00:00+00:00,2405.62,2439.59,2401.37,2432.43,22567.544979
2025-06-25 20:00:00+00:00,2432.71,2454.96,2407.72,2418.54,17116.203952
2025-06-26 00:00:00+00:00,2418.55,2520.48,2416.82,2489.05,54454.93293
2025-06-26 04:00:00+00:00,2489.19,2500.24,2467.08,2489.89,28591.652461
2025-06-26 08:00:00+00:00,2489.89,2500.35,2439.24,2450.65,34678.250513
2025-06-26 12:00:00+00:00,2450.86,2459.98,2409.94,2433.53,45901.752388
2025-06-26 16:00:00+00:00,2433.19,2443.32,2418.13,2436.22,16222.87611
2025-06-26 20:00:00+00:00,2435.84,2458.62,2394.11,2416.35,27255.221752
2025-06-27 00:00:00+00:00,2416.08,2448.55,2382.27,2446.69,25064.423918
2025-06-27 04:00:00+00:00,2446.58,2459.32,2434.32,2442.09,26999.237352
2025-06-27 08:00:00+00:00,2442.09,2464.23,2435.51,2447.51,17927.423174
2025-06-27 12:00:00+00:00,2447.51,2457.4,2413.95,2438.52,30294.018992
2025-06-27 16:00:00+00:00,2438.6,2449.56,2388.0,2412.68,33194.826908
2025-06-27 20:00:00+00:00,2412.66,2429.7,2411.34,2423.27,8264.626163
2025-06-28 00:00:00+00:00,2423.35,2423.97,2405.5,2420.9,9833.670593
2025-06-28 04:00:00+00:00,2420.91,2434.46,2417.53,2432.0,8544.757301
2025-06-28 08:00:00+00:00,2432.07,2432.5,2419.74,2427.63,7230.493325
2025-06-28 12:00:00+00:00,2427.64,2443.11,2420.0,2436.12,19554.027574
2025-06-28 16:00:00+00:00,2436.12,2448.0,2431.52,2433.35,11200.087459
2025-06-28 20:00:00+00:00,2433.36,2442.22,2427.42,2435.77,8270.538305
2025-06-29 00:00:00+00:00,2435.77,2443.08,2424.6,2427.96,7035.051738
2025-06-29 04:00:00+00:00,2427.96,2440.38,2426.79,2440.37,8481.465471
2025-06-29 08:00:00+00:00,2440.38,2463.63,2438.0,2462.1,22469.800843
2025-06-29 12:00:00+00:00,2462.1,2463.26,2433.13,2436.6,16058.769147
2025-06-29 16:00:00+00:00,2436.56,2442.76,2429.28,2438.2,7396.161223
2025-06-29 20:00:00+00:00,2438.19,2525.34,2411.05,2500.57,51469.693203
2025-06-30 00:00:00+00:00,2500.57,2524.6,2495.13,2499.64,30680.465614
2025-06-30 04:00:00+00:00,2499.65,2505.8,2456.0,2480.87,33363.223678
2025-06-30 08:00:00+00:00,2480.87,2486.51,2446.41,2458.67,26606.14413
2025-06-30 12:00:00+00:00,2458.67,2488.29,2433.47,2474.71,45011.056721
2025-06-30 16:00:00+00:00,2474.72,2518.68,2461.34,2515.64,31196.298392
2025-06-30 20:00:00+00:00,2515.64,2522.0,2482.26,2485.1,25890.090185
2025-07-01 00:00:00+00:00,2485.3,2500.71,2477.34,2485.44,13036.727271
2025-07-01 04:00:00+00:00,2485.68,2486.07,2444.94,2465.47,43203.361469
2025-07-01 08:00:00+00:00,2465.27,2465.28,2442.01,2449.48,18079.159191
2025-07-01 12:00:00+00:00,2449.47,2456.51,2407.0,2423.61,58111.535283
2025-07-01 16:00:00+00:00,2423.65,2434.4,2396.9,2403.09,22882.144235
2025-07-01 20:00:00+00:00,2402.95,2418.78,2385.69,2405.13,22226.847205
2025-07-02 00:00:00+00:00,2405.13,2432.6,2372.67,2430.31,24749.693386
2025-07-02 04:00:00+00:00,2430.3,2454.46,2425.01,2447.03,24387.096112
2025-07-02 08:00:00+00:00,2447.02,2460.45,2441.16,2445.59,18662.096012
2025-07-02 12:00:00+00:00,2445.59,2502.85,2431.5,2498.92,50691.363917
2025-07-02 16:00:00+00:00,2498.86,2608.37,2495.32,2604.95,114011.635345
2025-07-02 20:00:00+00:00,2604.92,2619.94,2569.18,2570.59,39395.809382
2025-07-03 00:00:00+00:00,2570.43,2589.15,2556.37,2561.3,28502.497442
2025-07-03 04:00:00+00:00,2561.3,2605.5,2559.33,2600.09,32295.263993
2025-07-03 08:00:00+00:00,2600.09,2616.85,2581.48,2597.27,28605.633176
2025-07-03 12:00:00+00:00,2597.27,2636.36,2565.18,2570.39,79687.512562
2025-07-03 16:00:00+00:00,2570.4,2592.34,2565.0,2586.0,19206.139684
2025-07-03 20:00:00+00:00,2586.16,2603.83,2585.47,2590.92,8282.464479
2025-07-04 00:00:00+00:00,2591.07,2603.04,2571.6,2578.01,21176.738508
2025-07-04 04:00:00+00:00,2578.01,2584.69,2530.27,2535.34,35736.803131
2025-07-04 08:00:00+00:00,2535.34,2558.75,2527.4,2549.06,27486.986962
2025-07-04 12:00:00+00:00,2549.06,2555.99,2497.34,2500.8,37924.22827
2025-07-04 16:00:00+00:00,2500.71,2503.8,2474.4,2482.74,29822.841546
2025-07-04 20:00:00+00:00,2482.74,2520.99,2481.37,2508.07,13232.067316
2025-07-05 00:00:00+00:00,2508.07,2524.96,2498.0,2518.39,10055.218232
2025-07-05 04:00:00+00:00,2518.44,2529.8,2512.39,2521.48,10615.528672
2025-07-05 08:00:00+00:00,2521.47,2526.0,2508.6,2517.88,7633.387845
2025-07-05 12:00:00+00:00,2517.88,2521.9,2501.73,2507.9,7393.058129
2025-07-05 16:00:00+00:00,2507.95,2513.58,2487.9,2505.66,13027.340727
2025-07-05 20:00:00+00:00,2505.53,2522.9,2498.11,2516.21,4806.543601
2025-07-06 00:00:00+00:00,2516.21,2521.0,2509.32,2514.69,5520.581511
2025-07-06 04:00:00+00:00,2514.69,2527.0,2508.69,2517.79,10331.453968
2025-07-06 08:00:00+00:00,2517.79,2518.4,2503.19,2516.11,8317.034673
2025-07-06 12:00:00+00:00,2516.11,2570.59,2511.54,2558.37,37839.659633
2025-07-06 16:00:00+00:00,2558.36,2560.75,2523.93,2541.0,18665.148063
2025-07-06 20:00:00+00:00,2541.01,2605.47,2540.0,2570.62,32413.260968
2025-07-07 00:00:00+00:00,2570.4,2590.73,2550.44,2577.19,17617.068418
2025-07-07 04:00:00+00:00,2577.2,2580.6,2559.81,2578.18,12171.152788
2025-07-07 08:00:00+00:00,2578.19,2588.19,2552.43,2563.22,15489.122853
2025-07-07 12:00:00+00:00,2563.21,2569.41,2527.05,2533.79,32054.050115
2025-07-07 16:00:00+00:00,2533.74,2557.69,2511.22,2543.71,31506.982349
2025-07-07 20:00:00+00:00,2543.71,2545.57,2523.06,2542.37,8968.264194
2025-07-08 00:00:00+00:00,2542.38,2554.52,2523.57,2538.01,16373.727968
2025-07-08 04:00:00+00:00,2538.01,2563.57,2532.1,2553.5,17441.466464
2025-07-08 08:00:00+00:00,2553.5,2586.0,2543.52,2575.21,23464.109952
2025-07-08 12:00:00+00:00,2575.21,2600.91,2557.68,2564.7,27001.976658
2025-07-08 16:00:00+00:00,2564.89,2628.42,2559.56,2610.21,34885.839874
2025-07-08 20:00:00+00:00,2610.2,2617.62,2596.71,2615.18,13433.504132
2025-07-09 00:00:00+00:00,2615.18,2627.28,2590.0,2591.5,16453.444863
2025-07-09 04:00:00+00:00,2591.5,2647.69,2590.6,2624.69,33335.910438
2025-07-09 08:00:00+00:00,2624.7,2630.89,2604.05,2626.13,16410.120564
2025-07-09 12:00:00+00:00,2626.14,2674.9,2623.83,2656.84,48459.555715
2025-07-09 16:00:00+00:00,2656.87,2796.0,2652.2,2764.99,71828.479174
2025-07-09 20:00:00+00:00,2764.99,2782.99,2731.77,2768.49,51356.104993
2025-07-10 00:00:00+00:00,2768.5,2798.34,2755.44,2775.9,29583.414112
2025-07-10 04:00:00+00:00,2775.9,2824.44,2765.8,2790.75,45068.366695
2025-07-10 08:00:00+00:00,2790.74,2797.13,2771.99,2778.9,21784.200477
2025-07-10 12:00:00+00:00,2778.91,2795.24,2758.0,2769.6,46492.44517
2025-07-10 16:00:00+00:00,2769.73,2840.62,2768.85,2815.88,62844.115563
2025-07-10 20:00:00+00:00,2815.85,3002.99,2813.08,2951.1,119109.149559
2025-07-11 00:00:00+00:00,2951.11,2974.99,2914.1,2969.89,45608.267566
2025-07-11 04:00:00+00:00,2969.9,3029.71,2945.23,2968.71,84965.031691
2025-07-11 08:00:00+00:00,2968.7,3039.95,2962.85,2984.21,50604.331995
2025-07-11 12:00:00+00:00,2984.22,3010.0,2938.65,2951.62,55631.836756
2025-07-11 16:00:00+00:00,2951.66,3010.95,2936.49,3008.09,53173.549199
2025-07-11 20:00:00+00:00,3008.09,3010.23,2923.41,2958.49,42567.833569
2025-07-12 00:00:00+00:00,2958.04,2971.35,2931.9,2966.63,13478.057289
2025-07-12 04:00:00+00:00,2966.6,2978.87,2941.81,2963.26,21900.014914
2025-07-12 08:00:00+00:00,2963.26,2980.77,2957.63,2963.49,18145.236798
2025-07-12 12:00:00+00:00,2963.49,2967.99,2904.39,2916.09,50113.543589
2025-07-12 16:00:00+00:00,2916.1,2946.0,2910.55,2940.94,18312.176841
2025-07-12 20:00:00+00:00,2940.95,2948.3,2915.0,2943.28,7745.340758
2025-07-13 00:00:00+00:00,2943.5,2960.77,2936.26,2955.01,13892.480667
2025-07-13 04:00:00+00:00,2955.05,2967.94,2949.01,2962.7,16282.208791
2025-07-13 08:00:00+00:00,2962.71,2966.85,2944.45,2964.38,10074.377871
2025-07-13 12:00:00+00:00,2964.37,3020.38,2958.42,2992.61,54145.638651
2025-07-13 16:00:00+00:00,2992.61,3010.75,2962.0,2989.05,34363.442469
2025-07-13 20:00:00+00:00,2989.06,2998.77,2940.0,2972.01,23597.362578
2025-07-14 00:00:00+00:00,2972.22,3053.41,2963.28,3037.46,45216.204644
2025-07-14 04:00:00+00:00,3037.46,3066.0,3017.13,3044.82,56589.761319
2025-07-14 08:00:00+00:00,3044.83,3083.33,3023.39,3051.72,55118.491172
2025-07-14 12:00:00+00:00,3051.71,3068.07,2992.83,3012.3,70834.529725
2025-07-14 16:00:00+00:00,3012.21,3030.14,2983.31,3000.43,42515.871517
2025-07-14 20:00:00+00:00,3000.46,3019.09,2981.03,3013.79,14413.408973
2025-07-15 00:00:00+00:00,3013.79,3023.4,2932.73,2952.0,55070.078905
2025-07-15 04:00:00+00:00,2952.01,2995.82,2934.93,2977.57,34400.927708
2025-07-15 08:00:00+00:00,2977.57,2989.68,2958.5,2980.94,15683.963458
2025-07-15 12:00:00+00:00,2981.0,3067.34,2966.75,3039.72,113292.952149
2025-07-15 16:00:00+00:00,3039.72,3098.01,3033.19,3041.41,71705.329121
2025-07-15 20:00:00+00:00,3040.93,3144.36,3028.61,3137.65,39595.164471
2025-07-16 00:00:00+00:00,3137.6,3152.7,3103.2,3116.48,39849.512623
2025-07-16 04:00:00+00:00,3116.48,3175.0,3101.31,3162.08,48228.546213
2025-07-16 08:00:00+00:00,3162.0,3173.53,3143.33,3151.04,48418.096389
2025-07-16 12:00:00+00:00,3151.04,3266.93,3148.0,3244.76,96126.161779
2025-07-16 16:00:00+00:00,3244.76,3383.58,3234.37,3383.57,93037.084481
2025-07-16 20:00:00+00:00,3383.41,3423.99,3342.39,3371.4,67344.73389
2025-07-17 00:00:00+00:00,3371.4,3398.72,3310.91,3330.3,50004.666275
2025-07-17 04:00:00+00:00,3330.17,3470.19,3320.61,3448.51,71943.349457
2025-07-17 08:00:00+00:00,3448.52,3482.35,3425.71,3433.46,51533.149464
2025-07-17 12:00:00+00:00,3433.4,3441.24,3363.02,3420.39,71012.026503
2025-07-17 16:00:00+00:00,3420.0,3456.0,3365.63,3412.01,58574.485011
2025-07-17 20:00:00+00:00,3412.18,3524.12,3372.3,3476.89,72702.423857
2025-07-18 00:00:00+00:00,3476.88,3626.74,3459.06,3596.53,95533.581956
2025-07-18 04:00:00+00:00,3596.53,3674.19,3576.03,3605.52,77288.921638
2025-07-18 08:00:00+00:00,3605.51,3628.57,3582.82,3610.41,48059.652808
2025-07-18 12:00:00+00:00,3610.42,3671.83,3530.23,3563.96,102481.975885
2025-07-18 16:00:00+00:00,3563.91,3624.52,3537.33,3551.16,50232.105425
2025-07-18 20:00:00+00:00,3551.52,3577.09,3476.34,3547.16,55178.223774
2025-07-19 00:00:00+00:00,3546.91,3599.0,3507.18,3593.0,30557.213032
2025-07-19 04:00:00+00:00,3593.0,3608.58,3566.74,3571.22,18931.278214
2025-07-19 08:00:00+00:00,3571.22,3577.94,3537.73,3552.41,19940.270958
2025-07-19 12:00:00+00:00,3552.53,3572.71,3526.42,3552.19,25039.746244
2025-07-19 16:00:00+00:00,3552.22,3582.23,3532.75,3578.01,21357.429685
2025-07-19 20:00:00+00:00,3578.01,3598.75,3539.08,3592.11,17903.040129
2025-07-20 00:00:00+00:00,3592.11,3694.0,3579.49,3657.81,45140.742978
2025-07-20 04:00:00+00:00,3657.45,3689.89,3633.01,3668.01,32633.233814
2025-07-20 08:00:00+00:00,3668.01,3767.91,3668.01,3755.95,68075.148402
2025-07-20 12:00:00+00:00,3755.94,3790.0,3724.38,3785.88,48753.328551
2025-07-20 16:00:00+00:00,3785.89,3824.15,3730.57,3750.21,67981.302186
2025-07-20 20:00:00+00:00,3750.27,3773.32,3681.93,3756.92,57608.520368
2025-07-21 00:00:00+00:00,3757.0,3766.31,3701.17,3757.6,42054.946175
2025-07-21 04:00:00+00:00,3757.44,3812.98,3748.02,3787.99,46902.143384
2025-07-21 08:00:00+00:00,3788.0,3837.58,3755.96,3808.26,46754.422125
2025-07-21 12:00:00+00:00,3808.26,3858.88,3775.76,3810.29,61022.711797
2025-07-21 16:00:00+00:00,3810.29,3818.26,3719.0,3736.7,65440.686991
2025-07-21 20:00:00+00:00,3736.0,3781.8,3719.39,3762.77,20389.887559
2025-07-22 00:00:00+00:00,3762.77,3798.94,3695.55,3732.09,54654.017646
2025-07-22 04:00:00+00:00,3732.1,3734.75,3650.41,3677.2,69765.008311
2025-07-22 08:00:00+00:00,3677.17,3720.0,3617.1,3705.71,62491.617717
2025-07-22 12:00:00+00:00,3705.96,3729.4,3625.01,3717.92,84635.856889
2025-07-22 16:00:00+00:00,3718.0,3749.66,3655.0,3669.7,49896.177884
2025-07-22 20:00:00+00:00,3669.5,3750.83,3661.42,3746.39,25693.365396
2025-07-23 00:00:00+00:00,3746.59,3764.12,3712.09,3729.01,36255.374867
2025-07-23 04:00:00+00:00,3729.01,3738.33,3663.0,3673.13,33300.026779
2025-07-23 08:00:00+00:00,3673.13,3697.97,3640.0,3671.79,40727.887756
2025-07-23 12:00:00+00:00,3671.79,3681.0,3579.11,3644.79,97432.985845
2025-07-23 16:00:00+00:00,3644.76,3644.76,3552.58,3588.01,57019.153272
2025-07-23 20:00:00+00:00,3588.01,3636.6,3527.0,3628.82,49835.461714
2025-07-24 00:00:00+00:00,3628.83,3665.08,3612.63,3640.8,25759.8752
2025-07-24 04:00:00+00:00,3640.81,3657.93,3507.02,3592.0,73244.792559
2025-07-24 08:00:00+00:00,3591.98,3660.79,3580.44,3655.0,52367.511724
2025-07-24 12:00:00+00:00,3655.0,3770.74,3611.79,3730.73,78116.167704
2025-07-24 16:00:00+00:00,3730.74,3754.35,3666.57,3733.28,43249.894244
2025-07-24 20:00:00+00:00,3733.06,3743.5,3695.16,3707.19,36486.117151
2025-07-25 00:00:00+00:00,3707.37,3708.5,3573.72,3595.62,70649.617181
2025-07-25 04:00:00+00:00,3595.62,3667.44,3579.42,3631.7,53398.847421
2025-07-25 08:00:00+00:00,3631.78,3746.69,3628.61,3720.71,52143.73308
2025-07-25 12:00:00+00:00,3720.96,3734.72,3601.86,3634.13,55583.578392
2025-07-25 16:00:00+00:00,3634.21,3659.76,3616.18,3640.88,27054.585802
2025-07-25 20:00:00+00:00,3641.04,3730.54,3639.53,3724.71,24703.138475
2025-07-26 00:00:00+00:00,3724.94,3767.79,3697.04,3739.26,30352.517545
2025-07-26 04:00:00+00:00,3739.26,3757.0,3730.87,3742.12,14557.717325
2025-07-26 08:00:00+00:00,3742.12,3783.75,3730.07,3739.75,30073.21665
2025-07-26 12:00:00+00:00,3739.75,3754.98,3716.31,3736.03,26283.740978
2025-07-26 16:00:00+00:00,3736.04,3757.21,3709.15,3750.46,19712.762559
2025-07-26 20:00:00+00:00,3750.46,3795.0,3733.56,3741.67,23227.614088
2025-07-27 00:00:00+00:00,3741.83,3788.43,3730.72,3774.18,14874.867344
2025-07-27 04:00:00+00:00,3774.19,3811.87,3762.86,3768.17,26184.686678
2025-07-27 08:00:00+00:00,3768.17,3841.48,3750.74,3815.39,36245.430877
2025-07-27 12:00:00+00:00,3815.33,3837.05,3792.0,3819.01,23094.448741
2025-07-27 16:00:00+00:00,3819.16,3868.99,3808.75,3829.25,33099.655901
2025-07-27 20:00:00+00:00,3828.8,3880.18,3816.06,3872.99,20167.651128
2025-07-28 00:00:00+00:00,3872.9,3907.0,3843.0,3879.91,41821.975035
2025-07-28 04:00:00+00:00,3879.76,3941.79,3868.3,3893.17,42681.712926
2025-07-28 08:00:00+00:00,3893.17,3903.86,3858.48,3879.25,28599.101471
2025-07-28 12:00:00+00:00,3879.25,3890.02,3773.0,3807.63,68336.313045
2025-07-28 16:00:00+00:00,3807.62,3822.6,3753.27,3797.69,34005.508291
2025-07-28 20:00:00+00:00,3797.46,3804.02,3765.81,3798.32,26058.971924
2025-07-29 00:00:00+00:00,3798.32,3822.21,3730.59,3791.63,52483.994402
2025-07-29 04:00:00+00:00,3791.81,3881.72,3774.82,3877.21,40733.254238
2025-07-29 08:00:00+00:00,3877.21,3886.19,3811.71,3825.47,34214.41261
2025-07-29 12:00:00+00:00,3825.73,3874.99,3747.0,3761.42,59600.601962
2025-07-29 16:00:00+00:00,3761.42,3797.0,3716.51,3766.0,51881.996115
2025-07-29 20:00:00+00:00,3765.52,3802.75,3741.0,3794.0,30601.353958
2025-07-30 00:00:00+00:00,3794.0,3829.02,3755.27,3817.38,24605.138196
2025-07-30 04:00:00+00:00,3817.38,3834.26,3786.01,3811.15,25693.671272
2025-07-30 08:00:00+00:00,3811.05,3826.0,3744.55,3758.79,34080.46907
2025-07-30 12:00:00+00:00,3758.7,3832.1,3749.52,3797.71,41688.191459
2025-07-30 16:00:00+00:00,3797.72,3822.86,3675.98,3760.69,75792.62936
2025-07-30 20:00:00+00:00,3760.49,3812.03,3742.4,3810.43,23129.521541
2025-07-31 00:00:00+00:00,3810.43,3868.32,3801.17,3863.63,35547.234763
2025-07-31 04:00:00+00:00,3863.64,3883.06,3854.37,3864.09,24626.277754
2025-07-31 08:00:00+00:00,3864.11,3874.66,3826.3,3838.48,23864.52307
2025-07-31 12:00:00+00:00,3838.48,3845.64,3762.85,3788.35,45039.790505
2025-07-31 16:00:00+00:00,3788.35,3821.02,3735.09,3737.87,34294.280131
2025-07-31 20:00:00+00:00,3737.87,3758.78,3685.0,3698.64,33804.30212
2025-08-01 00:00:00+00:00,3698.24,3724.67,3615.85,3704.72,64605.689483
2025-08-01 04:00:00+00:00,3704.71,3704.71,3625.0,3650.86,43696.411621
2025-08-01 08:00:00+00:00,3650.85,3650.85,3586.0,3642.92,50032.965024
2025-08-01 12:00:00+00:00,3642.8,3675.87,3564.44,3616.0,68337.513943
2025-08-01 16:00:00+00:00,3616.0,3634.19,3515.0,3518.4,63073.412458
2025-08-01 20:00:00+00:00,3518.27,3552.93,3430.02,3487.88,59625.340322
2025-08-02 00:00:00+00:00,3487.88,3532.26,3477.84,3528.59,33485.428576
2025-08-02 04:00:00+00:00,3528.6,3537.76,3453.88,3519.51,33497.676518
2025-08-02 08:00:00+00:00,3519.5,3524.52,3474.21,3508.53,19274.573111
2025-08-02 12:00:00+00:00,3508.3,3517.66,3451.01,3459.3,22802.676442
2025-08-02 16:00:00+00:00,3459.15,3480.93,3371.9,3382.95,54494.07768
2025-08-02 20:00:00+00:00,3382.95,3441.57,3368.0,3394.3,30843.035114
2025-08-03 00:00:00+00:00,3394.31,3452.28,3355.27,3443.55,37313.743061
2025-08-03 04:00:00+00:00,3443.56,3459.65,3433.84,3456.13,17385.874375
2025-08-03 08:00:00+00:00,3456.13,3516.61,3453.73,3484.81,20830.737295
2025-08-03 12:00:00+00:00,3484.82,3504.39,3454.54,3476.23,22141.737258
2025-08-03 16:00:00+00:00,3476.11,3514.97,3467.37,3496.94,13884.728713
2025-08-03 20:00:00+00:00,3496.94,3522.0,3483.27,3496.98,13698.364297
2025-08-04 00:00:00+00:00,3497.0,3576.46,3491.25,3556.92,31681.702607
2025-08-04 04:00:00+00:00,3556.88,3565.69,3520.24,3552.2,23318.616234
2025-08-04 08:00:00+00:00,3552.26,3574.47,3542.27,3555.81,15037.062606
2025-08-04 12:00:00+00:00,3555.84,3666.0,3551.05,3648.75,62308.332573
2025-08-04 16:00:00+00:00,3648.76,3718.98,3648.61,3669.92,50147.269013
2025-08-04 20:00:00+00:00,3669.61,3737.11,3660.93,3721.2,35416.664969
2025-08-05 00:00:00+00:00,3721.2,3723.16,3647.7,3652.2,25982.358249
2025-08-05 04:00:00+00:00,3652.01,3680.5,3601.54,3613.44,44404.380958
2025-08-05 08:00:00+00:00,3613.43,3694.26,3608.41,3673.85,27167.874616
2025-08-05 12:00:00+00:00,3673.92,3682.1,3557.08,3570.64,67978.336929
2025-08-05 16:00:00+00:00,3570.61,3612.79,3559.33,3571.15,23453.406807
2025-08-05 20:00:00+00:00,3571.15,3624.78,3545.0,3612.16,19247.531719
2025-08-06 00:00:00+00:00,3612.16,3614.29,3564.41,3583.69,15729.984234
2025-08-06 04:00:00+00:00,3583.61,3662.7,3569.47,3640.14,27263.796347
2025-08-06 08:00:00+00:00,3640.19,3644.99,3609.38,3619.73,22081.479391
2025-08-06 12:00:00+00:00,3619.59,3669.75,3573.06,3664.81,38947.558629
2025-08-06 16:00:00+00:00,3664.81,3698.79,3638.37,3683.79,21564.943412
2025-08-06 20:00:00+00:00,3683.79,3686.08,3652.12,3683.11,11077.650504
2025-08-07 00:00:00+00:00,3683.11,3716.92,3647.84,3657.2,17519.61644
2025-08-07 04:00:00+00:00,3657.21,3711.0,3655.6,3702.2,19883.10858
2025-08-07 08:00:00+00:00,3702.2,3843.62,3702.2,3827.2,67982.777026
2025-08-07 12:00:00+00:00,3827.2,3866.0,3802.89,3836.8,52723.469745
2025-08-07 16:00:00+00:00,3836.91,3877.3,3780.55,3868.05,31777.336568
2025-08-07 20:00:00+00:00,3868.01,3927.5,3851.65,3910.1,36348.639429
2025-08-08 00:00:00+00:00,3910.08,3969.99,3879.34,3939.41,62335.294061
2025-08-08 04:00:00+00:00,3939.42,3939.74,3895.15,3915.66,29734.55284
2025-08-08 08:00:00+00:00,3915.66,3927.4,3884.63,3918.07,19169.835203
2025-08-08 12:00:00+00:00,3918.0,4013.0,3891.43,3954.49,85192.312493
2025-08-08 16:00:00+00:00,3954.63,4066.0,3950.27,4060.53,56593.2766
2025-08-08 20:00:00+00:00,4060.71,4071.38,4006.53,4009.95,20349.846071
2025-08-09 00:00:00+00:00,4009.99,4051.99,4006.52,4050.79,19687.458978
2025-08-09 04:00:00+00:00,4050.8,4214.96,4044.59,4170.0,84541.948932
2025-08-09 08:00:00+00:00,4169.99,4247.28,4165.75,4190.29,44452.679085
2025-08-09 12:00:00+00:00,4190.29,4227.0,4153.4,4209.01,40092.452496
2025-08-09 16:00:00+00:00,4209.01,4271.0,4193.2,4258.55,27906.679116
2025-08-09 20:00:00+00:00,4258.54,4326.69,4242.14,4260.97,48507.896919
2025-08-10 00:00:00+00:00,4260.98,4332.52,4206.31,4242.64,55128.844401
2025-08-10 04:00:00+00:00,4242.67,4264.54,4175.56,4184.6,31757.664199
2025-08-10 08:00:00+00:00,4184.6,4232.4,4160.07,4180.29,30313.711484
2025-08-10 12:00:00+00:00,4180.29,4237.82,4160.51,4217.52,27316.084428
2025-08-10 16:00:00+00:00,4217.4,4259.71,4214.01,4249.2,15761.770919
2025-08-10 20:00:00+00:00,4249.18,4254.94,4185.85,4251.13,22257.482472
2025-08-11 00:00:00+00:00,4250.91,4342.99,4238.1,4309.59,60621.007728
2025-08-11 04:00:00+00:00,4309.59,4350.0,4266.66,4274.18,29953.084347
2025-08-11 08:00:00+00:00,4274.17,4285.22,4171.1,4185.05,33117.536659
2025-08-11 12:00:00+00:00,4185.05,4332.0,4166.07,4329.72,66521.641623
2025-08-11 16:00:00+00:00,4329.72,4367.05,4234.0,4259.52,58323.815003
2025-08-11 20:00:00+00:00,4259.5,4259.5,4189.0,4223.69,24334.240448
2025-08-12 00:00:00+00:00,4223.68,4311.91,4218.24,4285.88,29597.597993
2025-08-12 04:00:00+00:00,4285.88,4322.0,4266.13,4315.79,31071.741695
2025-08-12 08:00:00+00:00,4315.79,4332.82,4257.88,4290.99,26394.356985
2025-08-12 12:00:00+00:00,4290.96,4481.35,4277.94,4472.2,112470.285383
2025-08-12 16:00:00+00:00,4472.2,4519.35,4440.56,4517.16,68375.367693
2025-08-12 20:00:00+00:00,4517.23,4640.42,4504.15,4590.2,70107.945838
2025-08-13 00:00:00+00:00,4590.2,4656.76,4564.66,4646.75,54266.684362
2025-08-13 04:00:00+00:00,4646.76,4683.36,4608.0,4625.31,46918.260128
2025-08-13 08:00:00+00:00,4625.32,4716.42,4608.86,4689.72,42707.783908
2025-08-13 12:00:00+00:00,4689.72,4737.0,4615.51,4664.39,80074.033595
2025-08-13 16:00:00+00:00,4664.5,4751.46,4660.66,4739.73,52206.494429
2025-08-13 20:00:00+00:00,4739.29,4784.69,4698.0,4749.94,41881.203566
2025-08-14 00:00:00+00:00,4750.0,4779.25,4709.0,4774.29,45696.123896
2025-08-14 04:00:00+00:00,4774.29,4790.66,4716.53,4748.29,40344.215125
2025-08-14 08:00:00+00:00,4748.29,4766.01,4673.84,4718.59,42073.762398
2025-08-14 12:00:00+00:00,4718.58,4736.36,4451.16,4618.9,199542.177364
2025-08-14 16:00:00+00:00,4619.16,4623.91,4479.37,4537.48,60560.793141
2025-08-14 20:00:00+00:00,4537.49,4573.31,4454.0,4546.7,33947.898524
2025-08-15 00:00:00+00:00,4546.7,4650.0,4537.36,4634.59,36591.265122
2025-08-15 04:00:00+00:00,4634.6,4663.0,4605.49,4641.0,26350.195658
2025-08-15 08:00:00+00:00,4641.0,4666.48,4612.5,4634.3,23771.046671
2025-08-15 12:00:00+00:00,4634.3,4670.68,4395.26,4431.25,97073.368747
2025-08-15 16:00:00+00:00,4431.24,4461.66,4372.61,4383.34,48400.430453
2025-08-15 20:00:00+00:00,4383.36,4493.57,4367.66,4439.4,28719.333367
2025-08-16 00:00:00+00:00,4439.4,4490.0,4425.27,4432.76,24686.199851
2025-08-16 04:00:00+00:00,4432.76,4464.76,4408.05,4451.65,23593.651845
2025-08-16 08:00:00+00:00,4451.7,4459.25,4373.61,4387.89,28522.679389
2025-08-16 12:00:00+00:00,4387.9,4428.27,4375.5,4400.99,19193.677119
2025-08-16 16:00:00+00:00,4400.32,4442.15,4391.0,4418.47,9835.625326
2025-08-16 20:00:00+00:00,4418.47,4437.84,4402.82,4422.4,7711.386347
2025-08-17 00:00:00+00:00,4422.48,4459.22,4394.56,4452.53,16482.614581
2025-08-17 04:00:00+00:00,4452.54,4491.14,4443.96,4467.15,24905.976532
2025-08-17 08:00:00+00:00,4467.15,4575.82,4458.85,4551.8,32313.579678
2025-08-17 12:00:00+00:00,4551.81,4565.63,4518.32,4561.54,16285.367506
2025-08-17 16:00:00+00:00,4561.42,4566.43,4425.76,4459.5,33081.916712
2025-08-17 20:00:00+00:00,4459.51,4534.37,4456.97,4472.9,16427.265618
2025-08-18 00:00:00+00:00,4472.89,4482.96,4278.1,4321.01,80581.251067
2025-08-18 04:00:00+00:00,4321.0,4349.32,4230.0,4257.51,55768.856103
2025-08-18 08:00:00+00:00,4257.5,4319.89,4226.03,4274.21,49532.079621
2025-08-18 12:00:00+00:00,4274.21,4369.86,4270.72,4345.7,68003.36816
2025-08-18 16:00:00+00:00,4345.71,4385.77,4300.11,4355.2,28357.365654
2025-08-18 20:00:00+00:00,4354.93,4388.18,4305.36,4313.9,28174.70177
2025-08-19 00:00:00+00:00,4313.83,4356.23,4214.24,4219.1,60747.307366
2025-08-19 04:00:00+00:00,4219.09,4250.37,4194.0,4234.71,44698.394543
2025-08-19 08:00:00+00:00,4234.7,4317.13,4218.66,4309.01,24007.738959
2025-08-19 12:00:00+00:00,4309.01,4340.0,4170.0,4191.81,62762.290862
2025-08-19 16:00:00+00:00,4191.82,4206.41,4114.18,4141.86,44866.233803
2025-08-19 20:00:00+00:00,4142.08,4164.85,4067.41,4075.71,38091.645006
2025-08-20 00:00:00+00:00,4075.61,4158.88,4062.66,4141.28,44141.756039
2025-08-20 04:00:00+00:00,4141.29,4212.35,4139.52,4185.5,39056.247932
2025-08-20 08:00:00+00:00,4185.5,4241.91,4150.08,4195.29,35743.649236
2025-08-20 12:00:00+00:00,4195.4,4309.65,4106.8,4255.19,67163.947533
2025-08-20 16:00:00+00:00,4254.9,4365.11,4254.31,4346.59,44951.032521
2025-08-20 20:00:00+00:00,4346.19,4377.6,4321.09,4336.25,35257.293873
2025-08-21 00:00:00+00:00,4336.24,4340.12,4277.78,4294.8,26590.080925
2025-08-21 04:00:00+00:00,4294.85,4321.29,4271.0,4311.0,14299.457901
2025-08-21 08:00:00+00:00,4311.0,4315.15,4256.46,4278.99,21397.181684
2025-08-21 12:00:00+00:00,4278.99,4328.45,4226.26,4243.06,40314.197154
2025-08-21 16:00:00+00:00,4243.07,4274.88,4208.2,4223.91,25089.066472
2025-08-21 20:00:00+00:00,4223.83,4261.59,4204.02,4225.93,16506.108308
2025-08-22 00:00:00+00:00,4225.7,4315.4,4222.5,4279.31,24332.876559
2025-08-22 04:00:00+00:00,4279.29,4345.4,4272.06,4328.0,26539.107357
2025-08-22 08:00:00+00:00,4328.0,4354.12,4273.35,4274.6,26013.0293
2025-08-22 12:00:00+00:00,4274.61,4668.14,4207.74,4616.17,166836.505467
2025-08-22 16:00:00+00:00,4616.16,4858.62,4616.16,4832.46,123076.972776
2025-08-22 20:00:00+00:00,4832.59,4887.5,4795.44,4831.6,50685.780054
2025-08-23 00:00:00+00:00,4831.7,4831.7,4662.85,4694.95,58385.175063
2025-08-23 04:00:00+00:00,4694.96,4765.42,4693.72,4713.17,32298.771039
2025-08-23 08:00:00+00:00,4713.25,4745.4,4690.91,4704.74,20591.038428
2025-08-23 12:00:00+00:00,4704.8,4768.29,4693.0,4750.51,35033.51784
2025-08-23 16:00:00+00:00,4750.51,4761.59,4727.15,4758.31,12261.8011
2025-08-23 20:00:00+00:00,4758.3,4798.83,4737.86,4778.76,10994.457487
2025-08-24 00:00:00+00:00,4778.76,4817.69,4753.62,4788.89,22510.654804
2025-08-24 04:00:00+00:00,4789.08,4800.54,4757.69,4759.29,17587.254651
2025-08-24 08:00:00+00:00,4759.29,4786.8,4720.14,4747.86,36468.589098
2025-08-24 12:00:00+00:00,4747.86,4830.0,4738.49,4798.42,40268.343463
2025-08-24 16:00:00+00:00,4798.42,4957.98,4743.33,4812.2,111132.525634
2025-08-24 20:00:00+00:00,4812.21,4824.87,4708.43,4780.31,65880.165232
2025-08-25 00:00:00+00:00,4780.35,4797.92,4670.03,4727.18,51543.670495
2025-08-25 04:00:00+00:00,4727.21,4739.54,4582.63,4591.8,52205.882595
2025-08-25 08:00:00+00:00,4591.81,4616.0,4520.74,4599.78,58373.824572
2025-08-25 12:00:00+00:00,4599.78,4684.2,4586.0,4612.28,52083.983793
2025-08-25 16:00:00+00:00,4612.54,4645.64,4416.09,4420.63,45392.326529
2025-08-25 20:00:00+00:00,4420.67,4446.8,4333.34,4376.72,60273.212772
2025-08-26 00:00:00+00:00,4376.78,4452.2,4311.48,4402.71,48618.227858
2025-08-26 04:00:00+00:00,4403.0,4454.44,4394.12,4429.6,28795.204218
2025-08-26 08:00:00+00:00,4429.6,4466.38,4405.32,4427.74,26492.031126
2025-08-26 12:00:00+00:00,4427.75,4578.59,4405.79,4518.79,65812.235667
2025-08-26 16:00:00+00:00,4519.0,4598.0,4497.99,4596.6,33067.978166
2025-08-26 20:00:00+00:00,4596.52,4634.0,4562.62,4600.41,27935.295073
2025-08-27 00:00:00+00:00,4600.4,4626.66,4540.15,4603.05,25839.051173
2025-08-27 04:00:00+00:00,4603.01,4645.22,4559.96,4580.29,25594.531155
2025-08-27 08:00:00+00:00,4580.3,4620.33,4555.92,4608.56,18407.176202
2025-08-27 12:00:00+00:00,4608.56,4664.0,4575.38,4657.69,44663.532213
2025-08-27 16:00:00+00:00,4657.7,4658.29,4533.11,4565.48,26993.839457
2025-08-27 20:00:00+00:00,4565.29,4613.71,4481.94,4507.13,38250.591354
2025-08-28 00:00:00+00:00,4507.14,4548.99,4466.99,4541.81,22565.897531
2025-08-28 04:00:00+00:00,4541.8,4600.74,4534.92,4596.77,20795.019412
2025-08-28 08:00:00+00:00,4596.7,4634.58,4581.04,4594.99,21186.292773
2025-08-28 12:00:00+00:00,4594.99,4614.95,4485.02,4504.5,45693.089305
2025-08-28 16:00:00+00:00,4504.49,4530.6,4437.0,4438.89,39529.471284
2025-08-28 20:00:00+00:00,4439.16,4516.32,4429.88,4511.68,15132.900268
2025-08-29 00:00:00+00:00,4511.69,4517.68,4434.9,4490.0,23766.626548
2025-08-29 04:00:00+00:00,4490.0,4498.2,4368.35,4381.56,41344.64561
2025-08-29 08:00:00+00:00,4381.56,4399.13,4319.07,4346.51,41301.054231
2025-08-29 12:00:00+00:00,4346.51,4455.25,4263.85,4316.29,82372.673223
2025-08-29 16:00:00+00:00,4316.3,4367.0,4296.16,4340.81,28329.41007
2025-08-29 20:00:00+00:00,4340.81,4380.14,4305.45,4360.71,14576.736205
2025-08-30 00:00:00+00:00,4360.6,4382.53,4257.36,4352.4,30130.652195
2025-08-30 04:00:00+00:00,4352.42,4415.88,4347.5,4402.22,28247.072678
2025-08-30 08:00:00+00:00,4402.21,4407.41,4376.82,4392.15,12255.192041
2025-08-30 12:00:00+00:00,4392.0,4393.65,4331.93,4376.97,15525.166459
2025-08-30 16:00:00+00:00,4376.97,4376.97,4336.0,4354.6,6824.8215
2025-08-30 20:00:00+00:00,4354.61,4379.32,4333.18,4374.56,5043.984592
2025-08-31 00:00:00+00:00,4374.56,4488.77,4372.55,4487.93,25144.900797
2025-08-31 04:00:00+00:00,4487.93,4491.23,4432.36,4450.86,16812.889838
2025-08-31 08:00:00+00:00,4450.86,4483.57,4440.6,4476.44,12945.067833
2025-08-31 12:00:00+00:00,4476.44,4498.8,4450.54,4484.9,21803.451908
2025-08-31 16:00:00+00:00,4484.91,4490.79,4455.0,4455.71,10105.302814
2025-08-31 20:00:00+00:00,4455.72,4477.25,4378.22,4391.91,21446.243097
2025-09-01 00:00:00+00:00,4391.92,4432.09,4360.0,4404.01,26882.939286
2025-09-01 04:00:00+00:00,4404.0,4463.26,4357.76,4463.14,21485.385722
2025-09-01 08:00:00+00:00,4463.0,4491.56,4382.54,4393.21,31693.997495
2025-09-01 12:00:00+00:00,4393.21,4424.99,4345.99,4362.13,16779.177076
2025-09-01 16:00:00+00:00,4361.83,4372.0,4310.0,4368.02,19539.680524
2025-09-01 20:00:00+00:00,4368.16,4368.16,4211.11,4314.59,39276.185516
2025-09-02 00:00:00+00:00,4314.6,4396.41,4291.01,4367.16,27119.627694
2025-09-02 04:00:00+00:00,4367.17,4416.94,4361.05,4377.3,17539.819331
2025-09-02 08:00:00+00:00,4377.23,4407.77,4340.74,4347.71,18641.698944
2025-09-02 12:00:00+00:00,4347.7,4397.5,4270.37,4295.89,64818.424664
2025-09-02 16:00:00+00:00,4295.99,4331.68,4258.0,4274.51,32156.965458
2025-09-02 20:00:00+00:00,4274.51,4337.69,4266.4,4326.7,19701.054011
2025-09-03 00:00:00+00:00,4326.71,4356.23,4283.33,4334.98,21467.111685
2025-09-03 04:00:00+00:00,4334.97,4342.93,4289.51,4310.88,16960.945902
2025-09-03 08:00:00+00:00,4310.87,4386.0,4303.19,4371.62,22624.57978
2025-09-03 12:00:00+00:00,4371.63,4486.4,4341.33,4479.75,43095.925486
2025-09-03 16:00:00+00:00,4479.73,4490.49,4455.06,4475.83,16400.719361
2025-09-03 20:00:00+00:00,4475.37,4482.99,4434.34,4450.28,8478.554962
2025-09-04 00:00:00+00:00,4450.29,4483.0,4389.73,4398.13,27218.279293
2025-09-04 04:00:00+00:00,4398.14,4416.08,4356.0,4371.45,23281.91152
2025-09-04 08:00:00+00:00,4371.44,4434.03,4365.75,4406.66,16842.196223
2025-09-04 12:00:00+00:00,4406.67,4428.76,4294.41,4305.21,46955.901123
2025-09-04 16:00:00+00:00,4305.13,4324.64,4265.44,4275.67,25807.058216
2025-09-04 20:00:00+00:00,4275.72,4353.19,4272.06,4297.61,17807.740726
2025-09-05 00:00:00+00:00,4297.62,4335.99,4291.43,4328.93,13959.086918
2025-09-05 04:00:00+00:00,4329.0,4430.43,4316.8,4417.44,47006.476283
2025-09-05 08:00:00+00:00,4417.43,4426.52,4373.6,4417.93,31748.077479
2025-09-05 12:00:00+00:00,4417.92,4494.43,4256.14,4283.18,94483.888359
2025-09-05 16:00:00+00:00,4283.18,4332.06,4272.72,4331.55,23391.17226
2025-09-05 20:00:00+00:00,4331.44,4343.12,4285.34,4307.36,14830.530954
2025-09-06 00:00:00+00:00,4307.5,4329.0,4302.81,4320.5,5923.829225
2025-09-06 04:00:00+00:00,4320.51,4321.9,4290.42,4312.71,9045.009872
2025-09-06 08:00:00+00:00,4312.71,4315.56,4286.25,4300.0,6011.44743
2025-09-06 12:00:00+00:00,4299.99,4309.58,4263.46,4270.05,14002.815781
2025-09-06 16:00:00+00:00,4270.05,4304.37,4234.07,4255.53,23876.334399
2025-09-06 20:00:00+00:00,4255.73,4288.19,4253.41,4273.68,5961.718029
2025-09-07 00:00:00+00:00,4273.68,4304.3,4271.03,4296.98,6874.276944
2025-09-07 04:00:00+00:00,4296.99,4307.47,4278.71,4295.02,6510.715319
2025-09-07 08:00:00+00:00,4295.02,4314.88,4291.0,4310.4,8000.241337
2025-09-07 12:00:00+00:00,4310.4,4312.53,4288.96,4299.21,8030.359336
2025-09-07 16:00:00+00:00,4299.2,4301.49,4270.34,4293.55,8273.551889
2025-09-07 20:00:00+00:00,4293.55,4336.62,4281.2,4306.14,13274.139899
2025-09-08 00:00:00+00:00,4306.14,4330.99,4279.3,4311.78,14254.323986
2025-09-08 04:00:00+00:00,4311.78,4313.99,4287.97,4292.48,9045.680259
2025-09-08 08:00:00+00:00,4292.48,4337.74,4288.17,4312.37,22900.726331
2025-09-08 12:00:00+00:00,4312.38,4384.36,4306.01,4371.83,36481.835602
2025-09-08 16:00:00+00:00,4371.84,4373.66,4284.2,4293.33,23213.669452
2025-09-08 20:00:00+00:00,4293.49,4333.0,4282.36,4305.99,16997.371386
2025-09-09 00:00:00+00:00,4306.0,4315.52,4277.01,4306.61,23226.484531
2025-09-09 04:00:00+00:00,4306.61,4381.69,4302.01,4361.46,32683.764389
2025-09-09 08:00:00+00:00,4361.46,4368.33,4341.11,4346.99,13377.961213
2025-09-09 12:00:00+00:00,4347.0,4367.33,4277.76,4285.08,39548.95108
2025-09-09 16:00:00+00:00,4285.08,4299.2,4277.71,4294.64,19724.947353
2025-09-09 20:00:00+00:00,4294.61,4320.0,4281.23,4310.31,8374.6812
2025-09-10 00:00:00+00:00,4310.32,4326.5,4285.06,4320.19,11438.877242
2025-09-10 04:00:00+00:00,4320.2,4334.21,4294.11,4329.59,11579.233583
2025-09-10 08:00:00+00:00,4329.58,4334.19,4308.4,4331.99,16094.375545
2025-09-10 12:00:00+00:00,4331.99,4453.33,4330.5,4404.92,66379.098205
2025-09-10 16:00:00+00:00,4404.96,4409.2,4300.05,4322.7,41712.474157
2025-09-10 20:00:00+00:00,4322.61,4357.0,4321.04,4349.98,12051.041178
2025-09-11 00:00:00+00:00,4349.99,4408.86,4338.67,4404.46,15112.751547
2025-09-11 04:00:00+00:00,4404.45,4450.0,4395.61,4440.04,31859.15198
2025-09-11 08:00:00+00:00,4440.05,4442.49,4406.09,4429.89,13755.168292
2025-09-11 12:00:00+00:00,4429.9,4482.0,4351.0,4412.64,56353.226379
2025-09-11 16:00:00+00:00,4412.89,4441.91,4407.59,4423.93,21428.278103
2025-09-11 20:00:00+00:00,4423.96,4469.08,4415.18,4458.66,12803.098657
2025-09-12 00:00:00+00:00,4458.66,4540.0,4450.55,4505.87,37267.575206
2025-09-12 04:00:00+00:00,4505.87,4563.18,4499.95,4526.14,21446.877997
2025-09-12 08:00:00+00:00,4526.15,4536.89,4503.0,4520.89,15767.685437
2025-09-12 12:00:00+00:00,4520.89,4571.67,4503.16,4542.03,23114.528628
2025-09-12 16:00:00+00:00,4542.03,4661.25,4533.33,4657.84,38372.265177
2025-09-12 20:00:00+00:00,4657.84,4754.44,4631.17,4712.51,43133.625626
2025-09-13 00:00:00+00:00,4712.5,4766.77,4692.14,4756.25,25841.970414
2025-09-13 04:00:00+00:00,4756.24,4756.32,4702.01,4711.1,19671.079849
2025-09-13 08:00:00+00:00,4711.1,4739.04,4706.41,4719.99,12296.246654
2025-09-13 12:00:00+00:00,4720.0,4730.2,4642.52,4654.55,37234.088309
2025-09-13 16:00:00+00:00,4654.56,4668.0,4605.85,4638.11,23156.288487
2025-09-13 20:00:00+00:00,4638.11,4673.62,4637.35,4667.2,13277.493103
2025-09-14 00:00:00+00:00,4667.21,4693.25,4651.27,4663.61,10637.114368
2025-09-14 04:00:00+00:00,4663.62,4681.99,4634.48,4651.42,11822.244471
2025-09-14 08:00:00+00:00,4651.42,4674.59,4625.3,4635.23,10444.658881
2025-09-14 12:00:00+00:00,4635.22,4645.35,4576.49,4582.3,40629.957813
2025-09-14 16:00:00+00:00,4582.31,4628.98,4579.6,4615.84,28165.358307
2025-09-14 20:00:00+00:00,4615.85,4636.53,4598.31,4604.52,11775.206178
2025-09-15 00:00:00+00:00,4604.51,4643.68,4580.01,4636.0,14532.980381
2025-09-15 04:00:00+00:00,4636.0,4670.14,4588.0,4597.73,24148.467714
2025-09-15 08:00:00+00:00,4597.73,4597.8,4497.11,4530.47,48812.230034
2025-09-15 12:00:00+00:00,4530.47,4542.33,4465.1,4500.07,38012.450862
2025-09-15 16:00:00+00:00,4500.07,4514.27,4474.36,4493.89,18547.826447
2025-09-15 20:00:00+00:00,4493.9,4530.0,4488.01,4523.2,9284.059385
2025-09-16 00:00:00+00:00,4523.2,4537.76,4504.3,4520.62,10822.352886
2025-09-16 04:00:00+00:00,4520.63,4535.6,4487.82,4512.65,22662.675261
2025-09-16 08:00:00+00:00,4512.7,4531.6,4493.07,4501.28,10143.264795
2025-09-16 12:00:00+00:00,4501.28,4512.64,4423.32,4467.45,68891.332963
2025-09-16 16:00:00+00:00,4467.44,4512.1,4446.54,4490.92,43394.667086
2025-09-16 20:00:00+00:00,4490.92,4524.89,4483.02,4501.28,13574.95276
2025-09-17 00:00:00+00:00,4501.28,4552.37,4492.51,4497.05,17952.752102
2025-09-17 04:00:00+00:00,4497.06,4555.03,4463.15,4543.89,26439.616395
2025-09-17 08:00:00+00:00,4543.89,4545.4,4479.05,4491.62,20938.069133
2025-09-17 12:00:00+00:00,4491.63,4513.53,4467.3,4489.84,25113.84621
2025-09-17 16:00:00+00:00,4489.83,4534.2,4407.0,4517.79,93061.610416
2025-09-17 20:00:00+00:00,4517.7,4616.99,4486.94,4589.95,31365.397952
2025-09-18 00:00:00+00:00,4590.21,4644.85,4580.02,4614.33,32212.037385
2025-09-18 04:00:00+00:00,4614.34,4620.0,4553.59,4574.99,20212.791824
2025-09-18 08:00:00+00:00,4574.99,4608.0,4569.1,4576.55,11145.545237
2025-09-18 12:00:00+00:00,4576.54,4625.19,4558.86,4599.58,18766.435468
2025-09-18 16:00:00+00:00,4599.58,4636.45,4580.62,4588.79,23456.670906
2025-09-18 20:00:00+00:00,4588.78,4605.85,4570.71,4587.6,7424.133821
2025-09-19 00:00:00+00:00,4587.61,4621.0,4543.42,4550.36,18112.435549
2025-09-19 04:00:00+00:00,4550.35,4559.36,4517.89,4539.25,18881.00356
2025-09-19 08:00:00+00:00,4539.24,4549.52,4508.31,4514.01,17813.881197
2025-09-19 12:00:00+00:00,4514.01,4544.4,4445.55,4475.33,32060.341258
2025-09-19 16:00:00+00:00,4475.34,4490.0,4435.12,4440.66,20334.130528
2025-09-19 20:00:00+00:00,4440.66,4478.44,4438.55,4469.09,7451.767545
2025-09-20 00:00:00+00:00,4469.1,4477.68,4454.56,4465.67,7508.348898
2025-09-20 04:00:00+00:00,4465.67,4485.0,4463.25,4483.6,7247.148166
2025-09-20 08:00:00+00:00,4483.59,4483.59,4456.46,4470.32,4754.30143
2025-09-20 12:00:00+00:00,4470.32,4507.04,4463.53,4498.03,9373.281629
2025-09-20 16:00:00+00:00,4498.03,4508.7,4470.0,4480.39,8631.243538
2025-09-20 20:00:00+00:00,4480.38,4501.62,4478.0,4480.6,6908.311912
2025-09-21 00:00:00+00:00,4480.61,4490.14,4457.76,4478.35,6631.468503
2025-09-21 04:00:00+00:00,4478.36,4492.4,4467.01,4478.23,8383.266207
2025-09-21 08:00:00+00:00,4478.24,4480.1,4445.0,4461.14,18481.711768
2025-09-21 12:00:00+00:00,4461.15,4486.51,4461.08,4482.91,10926.95327
2025-09-21 16:00:00+00:00,4482.91,4498.38,4464.55,4494.23,11751.667418
2025-09-21 20:00:00+00:00,4494.24,4494.88,4443.45,4445.4,14459.69309
2025-09-22 00:00:00+00:00,4445.24,4455.99,4262.0,4305.61,68683.341135
2025-09-22 04:00:00+00:00,4305.61,4310.65,4045.01,4192.95,160502.556116
2025-09-22 08:00:00+00:00,4192.94,4207.02,4135.97,4181.62,29559.284386
2025-09-22 12:00:00+00:00,4181.63,4219.0,4158.6,4168.05,27575.54154
2025-09-22 16:00:00+00:00,4168.05,4183.08,4120.32,4135.18,29198.551791
2025-09-22 20:00:00+00:00,4135.16,4208.22,4134.35,4198.87,13792.501323
2025-09-23 00:00:00+00:00,4198.87,4211.76,4114.28,4187.77,25491.969165
2025-09-23 04:00:00+00:00,4187.72,4215.21,4154.27,4205.44,17449.965442
2025-09-23 08:00:00+00:00,4205.45,4229.0,4178.73,4191.77,14023.115578
2025-09-23 12:00:00+00:00,4191.56,4211.63,4162.0,4180.56,19905.718054
2025-09-23 16:00:00+00:00,4180.57,4207.3,4136.36,4153.46,30399.114223
2025-09-23 20:00:00+00:00,4153.46,4192.0,4139.45,4164.28,7984.773681
2025-09-24 00:00:00+00:00,4164.29,4194.9,4129.26,4147.64,24561.25348
2025-09-24 04:00:00+00:00,4147.63,4184.1,4073.91,4175.31,32614.516087
2025-09-24 08:00:00+00:00,4175.32,4198.06,4163.27,4181.61,14245.792504
2025-09-24 12:00:00+00:00,4181.61,4206.99,4146.84,4165.75,23523.353373
2025-09-24 16:00:00+00:00,4165.92,4193.58,4153.91,4160.58,16921.002356
2025-09-24 20:00:00+00:00,4160.58,4171.3,4129.0,4152.25,13678.25018
2025-09-25 00:00:00+00:00,4152.22,4160.85,4021.86,4062.13,59062.322594
2025-09-25 04:00:00+00:00,4062.14,4071.14,3962.69,4008.54,69867.586721
2025-09-25 08:00:00+00:00,4008.53,4052.7,3990.65,4002.24,27795.888933
2025-09-25 12:00:00+00:00,4002.24,4022.39,3924.0,4002.69,64748.849636
2025-09-25 16:00:00+00:00,4002.7,4005.88,3823.43,3911.53,80769.899185
2025-09-25 20:00:00+00:00,3911.65,3936.65,3849.24,3874.19,31089.840725
2025-09-26 00:00:00+00:00,3874.43,3971.07,3866.58,3965.17,26291.3137
2025-09-26 04:00:00+00:00,3965.35,3977.0,3907.5,3939.48,45826.914916
2025-09-26 08:00:00+00:00,3939.47,3944.99,3873.15,3906.15,42543.70324
2025-09-26 12:00:00+00:00,3905.86,3985.4,3875.34,3945.92,52383.212233
2025-09-26 16:00:00+00:00,3945.9,4069.01,3942.75,4023.91,35499.973389
2025-09-26 20:00:00+00:00,4023.84,4040.35,4005.16,4032.28,10615.325637
2025-09-27 00:00:00+00:00,4032.28,4033.17,4005.64,4019.13,7970.671145
2025-09-27 04:00:00+00:00,4019.1,4028.15,4006.2,4008.3,7814.90459
2025-09-27 08:00:00+00:00,4008.3,4018.02,3972.81,4001.87,17041.645685
2025-09-27 12:00:00+00:00,4002.12,4039.23,3993.91,4018.69,15292.531399
2025-09-27 16:00:00+00:00,4018.69,4019.69,3980.31,4002.5,9464.510825
2025-09-27 20:00:00+00:00,4002.5,4034.0,4000.35,4019.0,8176.909762
2025-09-28 00:00:00+00:00,4019.0,4033.0,3994.16,4002.74,12109.891042
2025-09-28 04:00:00+00:00,4002.74,4020.36,3996.46,4014.25,6921.549799
2025-09-28 08:00:00+00:00,4014.25,4016.12,3984.76,3992.85,7853.013169
2025-09-28 12:00:00+00:00,3992.82,4029.0,3965.83,4021.55,16727.902967
2025-09-28 16:00:00+00:00,4021.56,4055.55,4021.56,4039.02,14922.341214
2025-09-28 20:00:00+00:00,4039.02,4144.81,4035.08,4141.48,25849.629401
2025-09-29 00:00:00+00:00,4141.55,4146.66,4103.2,4121.99,14945.358945
2025-09-29 04:00:00+00:00,4122.0,4123.82,4087.74,4108.05,25389.037665
2025-09-29 08:00:00+00:00,4108.05,4140.0,4093.92,4103.54,15891.009352
2025-09-29 12:00:00+00:00,4103.53,4206.66,4082.0,4165.04,36480.145099
2025-09-29 16:00:00+00:00,4165.06,4194.0,4128.5,4188.67,14098.101043
2025-09-29 20:00:00+00:00,4188.67,4236.28,4182.29,4214.75,16443.040311
2025-09-30 00:00:00+00:00,4214.76,4246.57,4188.39,4199.05,24803.614934
2025-09-30 04:00:00+00:00,4199.05,4207.78,4170.01,4182.78,15211.920942
2025-09-30 08:00:00+00:00,4182.78,4183.8,4133.6,4165.1,19961.846287
2025-09-30 12:00:00+00:00,4165.1,4175.92,4094.54,4120.24,23157.891862
2025-09-30 16:00:00+00:00,4120.24,4170.4,4092.45,4160.55,26333.258577
2025-09-30 20:00:00+00:00,4160.58,4201.51,4117.41,4145.3,20033.586797
