timestamp,reason,side,price,qty,strategy,symbol,exchange,fee_cost,slippage_pnl,realized_pnl,realized_pnl_total,equity_after
2024-11-02 13:40:00+00:00,order,buy,2479.099999999,0.73819735,scalp_pingpong,ETHUSDT,okx_spot,1.4640520403074093,0.0,-1.4640520403074093,-1.4640520403074093,9998.535947959692
2024-11-02 13:55:00+00:00,order,sell,2479.9113107382623,0.73819735,scalp_pingpong,ETHUSDT,okx_spot,1.8306639578220119,-0.6948730925119012,-0.5368834275601005,-2.0009354678675098,9997.30419143962
2024-11-02 18:20:00+00:00,order,buy,2482.626856989182,0.714955,scalp_pingpong,ETHUSDT,okx_spot,1.4199731876309607,0.0,-1.4199731876309607,-3.4209086554984705,9995.88421825199
2024-11-02 18:25:00+00:00,order,sell,2484.7600309518625,0.714955,scalp_pingpong,ETHUSDT,okx_spot,1.7764916079291888,-3.3317124291889315,3.0803442117478386,-0.3405644437506319,9995.632850034548
2024-11-03 02:30:00+00:00,order,buy,2453.9286163601873,0.85020384,scalp_pingpong,ETHUSDT,okx_spot,1.6690716261722545,0.0,-1.6690716261722545,-2.0096360699228866,9993.963778408375
2024-11-03 03:15:00+00:00,order,sell,2441.0,0.85020384,scalp_pingpong,ETHUSDT,okx_spot,2.0753475734399998,-0.0,-13.067306848758095,-15.076942918680981,9980.896471559618
2024-11-04 14:45:00+00:00,order,buy,2453.2451240525065,0.74688724,scalp_pingpong,ETHUSDT,okx_spot,1.4658379837976272,0.0,-1.4658379837976272,-16.542780902478608,9979.43063357582
2024-11-04 17:30:00+00:00,order,sell,2427.5113773825915,0.74688724,scalp_pingpong,ETHUSDT,okx_spot,1.813077272721882,-2.659947323882318,-18.373336973991595,-34.9161178764702,9958.397349277946
2024-11-04 21:30:00+00:00,order,buy,2396.8685642951377,0.97557078,scalp_pingpong,ETHUSDT,okx_spot,1.8706519478615102,0.0,-1.8706519478615102,-36.786769824331714,9956.526697330084
2024-11-04 22:10:00+00:00,order,sell,2393.9812541550564,0.97557078,scalp_pingpong,ETHUSDT,okx_spot,2.3354981594214266,-2.1084564018264302,-3.043817163056069,-39.83058698738778,9951.374423765203
2024-11-05 20:00:00+00:00,order,buy,2408.239999999,0.9162141,scalp_pingpong,ETHUSDT,okx_spot,1.7651707553464668,0.0,-1.7651707553464668,-41.59575774273425,9949.609253009856
2024-11-05 22:20:00+00:00,order,sell,2413.001030128101,0.9162141,scalp_pingpong,ETHUSDT,okx_spot,2.2108255671178907,-3.674962358891019,5.8262597265803535,-35.7694980161539,9951.760550377545
2024-11-06 01:25:00+00:00,order,buy,2481.768659663571,1.41032069,scalp_pingpong,ETHUSDT,okx_spot,2.800071750813682,0.0,-2.800071750813682,-38.569569766967575,9948.960478626732
2024-11-06 01:40:00+00:00,order,sell,2476.91,1.41032069,scalp_pingpong,ETHUSDT,okx_spot,3.4932374202678997,-0.0,-10.345505669470466,-48.915075436438045,9938.61497295726
2024-11-06 03:20:00+00:00,order,buy,2579.3985698193137,1.53096083,scalp_pingpong,ETHUSDT,okx_spot,3.1591665402811118,0.0,-3.1591665402811118,-52.07424197671916,9935.45580641698
2024-11-06 03:25:00+00:00,order,sell,2587.0713524318394,1.41032069,scalp_pingpong,ETHUSDT,okx_spot,3.6486002548409053,-158.46554009100487,165.63802390448117,113.56378192776202,9943.553935799022
2024-11-06 04:00:00+00:00,order,sell,2579.5,0.12064013,scalp_pingpong,ETHUSDT,okx_spot,0.311191215335,-0.0,-0.2989546651510859,113.26482726261094,9942.32933556632
2024-11-06 06:40:00+00:00,order,buy,2603.778675013837,1.24785677,scalp_pingpong,ETHUSDT,okx_spot,2.599314277758117,0.0,-2.599314277758117,110.66551298485282,9939.730021531352
2024-11-06 07:35:00+00:00,order,sell,2631.22,1.24785678,scalp_pingpong,ETHUSDT,okx_spot,3.2833857166716,-0.0,30.95945796329602,141.62497094814884,9970.689479250846
2024-11-06 07:55:00+00:00,order,buy,2594.6385887994547,1.25391169,scalp_pingpong,ETHUSDT,okx_spot,2.602758126256592,0.0,-2.602758126256592,139.02221282189225,9968.08672112459
2024-11-06 08:25:00+00:00,order,sell,2582.4213513770064,1.25391169,scalp_pingpong,ETHUSDT,okx_spot,3.2381283209972263,-7.675634050225733,-10.88183109428489,128.14038172760738,9949.52925598008
2024-11-06 15:40:00+00:00,order,buy,2637.949999999,0.87637635,scalp_pingpong,ETHUSDT,okx_spot,1.8494695939852988,0.0,-1.8494695939852988,126.29091213362207,9947.679786386096
2024-11-06 15:45:00+00:00,order,sell,2646.34127514479,0.87637635,scalp_pingpong,ETHUSDT,okx_spot,2.3191909075657366,-55.85258229223664,60.88730646878419,187.17821860240628,9952.714510562642
2024-11-07 01:55:00+00:00,order,buy,2813.076768705078,1.14745993,scalp_pingpong,ETHUSDT,okx_spot,2.582314297682364,0.0,-2.582314297682364,184.59590430472392,9950.13219626496
2024-11-07 02:00:00+00:00,order,sell,2817.8614458833817,0.37753534,scalp_pingpong,ETHUSDT,okx_spot,1.0638422790444741,-88.81573460707408,89.55827705333077,274.1541813580547,9954.558579326003
2024-11-07 02:00:00+00:00,order,sell,2817.8613823569926,0.76992458,scalp_pingpong,ETHUSDT,okx_spot,2.1695407413094268,-185.9840458554268,187.49829677053006,461.6524781285848,9952.388989674166
2024-11-07 06:50:00+00:00,order,buy,2782.809999999,0.59393245,scalp_pingpong,ETHUSDT,okx_spot,1.3222409289471246,0.0,-1.3222409289471246,460.3302371996377,9951.066748394704
2024-11-07 06:55:00+00:00,order,sell,2802.6014119284896,0.48398711,scalp_pingpong,ETHUSDT,okx_spot,1.3564229578411893,-109.52696634818912,117.74933140628157,578.0795686059192,9961.465087411018
2024-11-07 10:35:00+00:00,order,sell,2808.7214048496166,0.10994534,scalp_pingpong,ETHUSDT,okx_spot,0.30880582982146876,-0.05732603346877112,2.597358363797951,580.6769269697172,9961.829146344908
2024-11-08 17:20:00+00:00,order,buy,2895.3987770985773,0.78624432,scalp_pingpong,ETHUSDT,okx_spot,1.821192674102962,0.0,-1.821192674102962,578.8557342956143,9960.00795453758
2024-11-08 18:45:00+00:00,order,sell,2962.931406286354,0.78624432,scalp_pingpong,ETHUSDT,okx_spot,2.3295879887422584,-3.3269191582583506,54.09447840895996,632.9502127045743,10010.77551333772
2024-11-10 03:05:00+00:00,order,buy,3122.194620284478,0.58808317,scalp_pingpong,ETHUSDT,okx_spot,1.4688880877230737,0.0,-1.4688880877230737,631.4813246168512,10009.306626842628
2024-11-10 04:40:00+00:00,order,sell,3171.09,0.58808317,scalp_pingpong,ETHUSDT,okx_spot,1.8648646595553,-0.0,26.889687509861155,658.3710121267123,10036.196312573486
2024-11-10 06:00:00+00:00,order,buy,3168.3285604957414,0.84342026,scalp_pingpong,ETHUSDT,okx_spot,2.1377859986069954,0.0,-2.1377859986069954,656.2332261281053,10034.058526547264
2024-11-10 06:30:00+00:00,order,sell,3171.921325850211,0.84342027,scalp_pingpong,ETHUSDT,okx_spot,2.6752627410673426,-2.4976422481428306,2.852591093728683,659.0858172218341,10034.413474931509
2024-11-10 12:15:00+00:00,order,buy,3194.409999999,0.52228449,scalp_pingpong,ETHUSDT,okx_spot,1.334712638160302,0.0,-1.334712638160302,657.7511045836737,10033.07876229335
2024-11-10 12:30:00+00:00,order,sell,3193.8714217045986,0.52228449,scalp_pingpong,ETHUSDT,okx_spot,1.6681095066105611,-1.9906464411612184,0.041245844734179915,657.7923504284079,10031.129361696921
2024-11-10 19:50:00+00:00,order,buy,3169.4285571678083,0.58642642,scalp_pingpong,ETHUSDT,okx_spot,1.4869093137805465,0.0,-1.4869093137805465,656.3054411146273,10029.642452383141
2024-11-10 21:10:00+00:00,order,sell,3103.4,0.58642642,scalp_pingpong,ETHUSDT,okx_spot,1.8199157518280002,-0.0,-40.54080614951109,615.7646349651162,9989.10164623363
2024-11-10 22:35:00+00:00,order,buy,3168.579999999,1.26101934,scalp_pingpong,ETHUSDT,okx_spot,3.1965125282687517,0.0,-3.1965125282687517,612.5681224368475,9985.90513370536
2024-11-10 22:40:00+00:00,order,sell,3159.311427189769,0.58642642,scalp_pingpong,ETHUSDT,okx_spot,1.8527036899119869,-37.76083412558679,30.472794464648114,643.0409169014956,9972.364580448811
2024-11-11 04:10:00+00:00,order,sell,3185.6,0.67459292,scalp_pingpong,ETHUSDT,okx_spot,2.1489832059519998,-0.0,9.332588293122562,652.3735051946181,9987.949682337545
2024-11-11 12:25:00+00:00,order,buy,3158.329999999,0.9208173,scalp_pingpong,ETHUSDT,okx_spot,2.3265959224864634,0.0,-2.3265959224864634,650.0469092721316,9985.623086415058
2024-11-11 13:15:00+00:00,order,sell,3154.0514182655775,0.9208173,scalp_pingpong,ETHUSDT,okx_spot,2.9043051110284797,-0.3512165374796596,-6.492880653148262,643.5540286189834,9978.77898922443
2024-11-12 00:10:00+00:00,order,buy,3338.3985973953972,0.79420998,scalp_pingpong,ETHUSDT,okx_spot,2.121111586615541,0.0,-2.121111586615541,641.4329170323679,9976.657877637814
2024-11-12 00:20:00+00:00,order,sell,3296.9614605010265,0.79420998,scalp_pingpong,ETHUSDT,okx_spot,2.618479695605291,-31.086538561690933,-4.441728798049834,636.9911882343181,9941.129610278073
2024-11-12 09:15:00+00:00,order,buy,3391.769999999,0.75777496,scalp_pingpong,ETHUSDT,okx_spot,2.056158700862754,0.0,-2.056158700862754,634.9350295334553,9939.07345157721
2024-11-12 09:40:00+00:00,order,sell,3383.99,0.75777496,scalp_pingpong,ETHUSDT,okx_spot,2.5643028868904,-0.0,-8.459792074932746,626.4752374585227,9930.613659502276
2024-11-12 09:45:00+00:00,order,buy,3352.7685406801806,0.49646469,scalp_pingpong,ETHUSDT,okx_spot,1.3316249553524306,0.0,-1.3316249553524306,625.1436125031702,9929.282034546924
2024-11-12 10:05:00+00:00,order,sell,3359.601467261504,0.49646469,scalp_pingpong,ETHUSDT,okx_spot,1.6679235009675277,-6.236324949927644,7.960708225949474,633.1043207291196,9931.006417822946
2024-11-12 16:15:00+00:00,order,buy,3216.959999999,0.94534144,scalp_pingpong,ETHUSDT,okx_spot,2.432900479057164,0.0,-2.432900479057164,630.6714202500625,9928.573517343888
2024-11-12 16:25:00+00:00,order,sell,3235.9714119816126,0.94534144,scalp_pingpong,ETHUSDT,okx_spot,3.059097874401531,-23.62541739033091,38.538595096005636,669.2100153460682,9943.486695049563
2024-11-12 23:15:00+00:00,order,buy,3263.5987765550594,0.93434745,scalp_pingpong,ETHUSDT,okx_spot,2.4394681557578717,0.0,-2.4394681557578717,666.7705471903104,9941.047226893807
2024-11-13 01:20:00+00:00,order,sell,3263.99,0.93434745,scalp_pingpong,ETHUSDT,okx_spot,3.0497007333254995,-0.0,-2.6841621051652336,664.0863850851451,9938.36306478864
2024-11-13 02:25:00+00:00,order,buy,3215.749999999,1.23621091,scalp_pingpong,ETHUSDT,okx_spot,3.1802761870650116,0.0,-3.1802761870650116,660.9061088980801,9935.182788601574
2024-11-13 02:35:00+00:00,order,sell,3224.291419673554,1.23621091,scalp_pingpong,ETHUSDT,okx_spot,3.9859042300198366,-14.205818371836084,20.778910330388698,681.6850192284688,9941.755880560127
2024-11-13 05:15:00+00:00,order,buy,3170.846558495678,0.94922102,scalp_pingpong,ETHUSDT,okx_spot,2.4078673636150056,0.0,-2.4078673636150056,679.2771518648539,9939.348013196512
2024-11-13 05:35:00+00:00,order,sell,3170.7013285450853,0.94922102,scalp_pingpong,ETHUSDT,okx_spot,3.009696349196921,-4.082911468920887,0.9353597978878385,680.2125116627417,9936.20046152548
2024-11-13 15:10:00+00:00,order,buy,3275.219999999,1.21350022,scalp_pingpong,ETHUSDT,okx_spot,3.1795841524377493,0.0,-3.1795841524377493,677.0329275103039,9933.020877373041
2024-11-13 16:40:00+00:00,order,sell,3272.7214262723824,1.21350022,scalp_pingpong,ETHUSDT,okx_spot,3.9714481707802496,-0.887585942450038,-6.115881995266726,670.9170455150372,9926.017409435324
2024-11-13 19:20:00+00:00,order,buy,3178.479999999,1.15848362,scalp_pingpong,ETHUSDT,okx_spot,2.945773613197153,0.0,-2.945773613197153,667.97127190184,9923.071635822127
2024-11-13 19:35:00+00:00,order,sell,3175.99,1.15848362,scalp_pingpong,ETHUSDT,okx_spot,3.6793323922837997,-0.0,-6.563956604925624,661.4073152969145,9916.507679217202
2024-11-13 19:40:00+00:00,order,buy,3166.406344270994,1.25166155,scalp_pingpong,ETHUSDT,okx_spot,3.1706152582400526,0.0,-3.1706152582400526,658.2367000386744,9913.337063958961
2024-11-13 19:45:00+00:00,order,sell,3171.211408346047,1.15848362,scalp_pingpong,ETHUSDT,okx_spot,3.6737964721260266,-2.480786492626479,4.373578044499768,662.6102780831742,9915.677581434866
2024-11-13 20:00:00+00:00,order,sell,3158.86,0.09317792,scalp_pingpong,ETHUSDT,okx_spot,0.2943360043712,-0.0,-0.9974886671462964,661.6127894160279,9914.232366768223
2024-11-13 21:15:00+00:00,order,buy,3123.088618235614,1.26445755,scalp_pingpong,ETHUSDT,okx_spot,3.1592103861176715,0.0,-3.1592103861176715,658.4535790299102,9911.073156024393
2024-11-13 21:20:00+00:00,order,sell,3144.341465408491,0.09317793,scalp_pingpong,ETHUSDT,okx_spot,0.29298322895992984,-1.1173399244297928,2.804652969724078,661.2582319996343,9937.653496074701
2024-11-14 01:25:00+00:00,order,sell,3168.7312833904684,1.17127963,scalp_pingpong,ETHUSDT,okx_spot,3.711470405179013,-0.6222814130132258,50.37113456136987,711.6293665610042,9962.50932265122
2024-11-14 14:45:00+00:00,order,buy,3128.028565189493,1.27189224,scalp_pingpong,ETHUSDT,okx_spot,3.1828122068502798,0.0,-3.1828122068502798,708.4465543541539,9959.326510444369
2024-11-14 15:00:00+00:00,order,sell,3116.4114548833077,1.27189224,scalp_pingpong,ETHUSDT,okx_spot,3.963739546113189,-9.006847513989223,-9.732604481784852,698.7139498723691,9940.587058448595
2024-11-14 15:25:00+00:00,order,buy,3080.899999999,1.29060821,scalp_pingpong,ETHUSDT,okx_spot,3.1809878673501677,0.0,-3.1809878673501677,695.5329620050189,9937.406070581244
2024-11-14 15:35:00+00:00,order,sell,3086.4813687934807,1.29060821,scalp_pingpong,ETHUSDT,okx_spot,3.9834381945769044,-11.991516847003876,15.211439041621443,710.7444010466404,9940.625992775862
2024-11-14 23:40:00+00:00,order,buy,3042.319999999,1.01909703,scalp_pingpong,ETHUSDT,okx_spot,2.480335421046865,0.0,-2.480335421046865,708.2640656255935,9938.145657354815
2024-11-15 04:40:00+00:00,order,sell,3030.6814104932478,1.01909703,scalp_pingpong,ETHUSDT,okx_spot,3.0885584243098796,-4.944058024979709,-10.005352398031663,698.2587132275619,9923.196246931804
2024-11-15 15:00:00+00:00,order,buy,3055.1885957122386,0.61087557,scalp_pingpong,ETHUSDT,okx_spot,1.493072059890571,0.0,-1.493072059890571,696.7656411676713,9921.703174871913
2024-11-15 20:25:00+00:00,order,sell,3067.2213569359046,0.61087557,scalp_pingpong,ETHUSDT,okx_spot,1.8736905947343945,-0.006937674694167966,5.483766951140723,702.2494081188121,9927.18000414836
2024-11-16 12:25:00+00:00,order,buy,3182.978624275671,0.55961231,scalp_pingpong,ETHUSDT,okx_spot,1.4249872164892243,0.0,-1.4249872164892243,700.8244209023229,9925.755016931871
2024-11-16 13:25:00+00:00,order,sell,3182.08,0.55961231,scalp_pingpong,ETHUSDT,okx_spot,1.7807311394048,-0.0,-2.283612346135108,698.5408085561878,9923.471404585736
2024-11-17 01:40:00+00:00,order,buy,3095.4285613585803,0.67817391,scalp_pingpong,ETHUSDT,okx_spot,1.679391112465779,0.0,-1.679391112465779,696.8614174437221,9921.79201347327
2024-11-17 02:25:00+00:00,order,sell,3051.11,0.67817391,scalp_pingpong,ETHUSDT,okx_spot,2.0691831985401006,-0.0,-32.12487524066337,664.7365422030587,9889.667138232608
2024-11-18 11:25:00+00:00,order,buy,3086.178650634337,0.68990207,scalp_pingpong,ETHUSDT,okx_spot,1.7033288315699489,0.0,-1.7033288315699489,663.0332133714887,9887.963809401037
2024-11-18 11:40:00+00:00,order,sell,3071.81,0.68990207,scalp_pingpong,ETHUSDT,okx_spot,2.1192480776467,-0.0,-12.032209893382612,651.0010034781061,9875.931599507656
2024-11-18 11:45:00+00:00,order,buy,3052.768559494554,0.52879252,scalp_pingpong,ETHUSDT,okx_spot,1.2914249436415164,0.0,-1.2914249436415164,649.7095785344645,9874.640174564014
2024-11-18 13:10:00+00:00,order,sell,3059.12,0.52879252,scalp_pingpong,ETHUSDT,okx_spot,1.6176397737824,-0.0,1.7409544567222501,651.4505329911868,9876.381129020736
2024-11-18 17:00:00+00:00,order,buy,3162.5312418156586,0.73098058,scalp_pingpong,ETHUSDT,okx_spot,1.8493991371284244,0.0,-1.8493991371284244,649.6011338540584,9874.531729883607
2024-11-18 17:05:00+00:00,order,sell,3164.46140581218,0.52879252,scalp_pingpong,ETHUSDT,okx_spot,1.6733435212221652,-55.66673196336536,55.014044725877035,704.6151785799354,9874.269298760057
2024-11-18 17:10:00+00:00,order,sell,3172.3213836479276,0.20218806,scalp_pingpong,ETHUSDT,okx_spot,0.6414055062562902,-1.5510621772901927,2.8891064552251766,707.5042850351606,9875.217086924053
2024-11-18 19:20:00+00:00,order,buy,3105.1385765686246,0.72808301,scalp_pingpong,ETHUSDT,okx_spot,1.8086389130361598,0.0,-1.8086389130361598,705.6956461221245,9873.408448011016
2024-11-18 19:35:00+00:00,order,sell,3117.371362559905,0.72808301,scalp_pingpong,ETHUSDT,okx_spot,2.2697051249404168,-9.851955182016694,16.4887337022934,722.1843798244179,9880.045226531292
2024-11-19 04:55:00+00:00,order,buy,3128.249999999,0.71540086,scalp_pingpong,ETHUSDT,okx_spot,1.7903621922354276,0.0,-1.7903621922354276,720.3940176321825,9878.254864339056
2024-11-19 05:25:00+00:00,order,sell,3125.67,0.71540086,scalp_pingpong,ETHUSDT,okx_spot,2.2361070060762,-0.0,-4.081841224160744,716.3121764080217,9874.173023114896
2024-11-19 13:30:00+00:00,order,buy,3109.9985919815704,0.66216845,scalp_pingpong,ETHUSDT,okx_spot,1.647474357723695,0.0,-1.647474357723695,714.664702050298,9872.525548757172
2024-11-19 14:45:00+00:00,order,sell,3114.12,0.66216845,scalp_pingpong,ETHUSDT,okx_spot,2.062072013514,-0.0,0.6669943458670224,715.3316963961651,9873.19254310304
2024-11-20 15:20:00+00:00,order,buy,3099.8092584778187,0.78673689,scalp_pingpong,ETHUSDT,okx_spot,1.9509874364864361,0.0,-1.9509874364864361,713.3807089596786,9871.241555666553
2024-11-20 16:25:00+00:00,order,sell,3091.0,0.78673689,scalp_pingpong,ETHUSDT,okx_spot,2.43180372699,-0.0,-9.362372345035187,704.0183366146434,9861.879183321518
2024-11-21 13:25:00+00:00,order,buy,3336.069999999,1.02709607,scalp_pingpong,ETHUSDT,okx_spot,2.741171508995099,0.0,-2.741171508995099,701.2771651056484,9859.138011812523
2024-11-21 13:35:00+00:00,order,sell,3337.41,1.02709607,scalp_pingpong,ETHUSDT,okx_spot,3.4278406949787,-0.0,-2.051531960151893,699.2256331454964,9857.08647985237
2024-11-21 15:40:00+00:00,order,buy,3269.631272279105,1.21466737,scalp_pingpong,ETHUSDT,okx_spot,3.1772115346952114,0.0,-3.1772115346952114,696.0484216108013,9853.909268317675
2024-11-21 15:50:00+00:00,order,sell,3283.13,1.21466737,scalp_pingpong,ETHUSDT,okx_spot,3.9879108824680998,-0.0,12.408553216617747,708.456974827419,9866.317821534292
2024-11-21 19:30:00+00:00,order,buy,3353.6688304216327,1.17795176,scalp_pingpong,ETHUSDT,okx_spot,3.1603680810018435,0.0,-3.1603680810018435,705.2966067464172,9863.15745345329
2024-11-21 19:50:00+00:00,order,sell,3354.2,1.17795176,scalp_pingpong,ETHUSDT,okx_spot,3.9510857933919996,-0.0,-3.3253936536960427,701.9712130927211,9859.832059799595
2024-11-22 13:25:00+00:00,order,buy,3266.188533238697,0.62798516,scalp_pingpong,ETHUSDT,okx_spot,1.6408943429088547,0.0,-1.6408943429088547,700.3303187498122,9858.191165456687
2024-11-22 13:40:00+00:00,order,sell,3293.9,0.62798516,scalp_pingpong,ETHUSDT,okx_spot,2.0685203185240004,-0.0,15.333869569407689,715.66418831922,9873.525035026094
2024-11-23 08:40:00+00:00,order,buy,3376.4098249902318,0.50850742,scalp_pingpong,ETHUSDT,okx_spot,1.3735435591747476,0.0,-1.3735435591747476,714.2906447600452,9872.151491466919
2024-11-23 12:40:00+00:00,order,sell,3405.001454838097,0.50850742,scalp_pingpong,ETHUSDT,okx_spot,1.7314685048959673,-3.8501409653672223,16.657728388004152,730.9483731480493,9884.959078889555
2024-11-23 16:25:00+00:00,order,buy,3401.208541964421,0.55797645,scalp_pingpong,ETHUSDT,okx_spot,1.518235414363987,0.0,-1.518235414363987,729.4301377336853,9883.440843475191
2024-11-23 16:40:00+00:00,order,sell,3410.8914174268893,0.55797645,scalp_pingpong,ETHUSDT,okx_spot,1.9031970844313237,-4.710112128823954,8.209731520732893,737.6398692544183,9886.9404628671
2024-11-24 22:40:00+00:00,order,buy,3345.3188494484025,0.53847931,scalp_pingpong,ETHUSDT,okx_spot,1.441107988624776,0.0,-1.441107988624776,736.1987612657935,9885.499354878475
2024-11-25 00:40:00+00:00,order,sell,3344.5613095065387,0.53847931,scalp_pingpong,ETHUSDT,okx_spot,1.8009770661957776,-2.7361800369773857,0.5272833855893051,736.7260446513827,9883.290458227088
2024-11-25 11:50:00+00:00,order,buy,3456.799999999,0.51582506,scalp_pingpong,ETHUSDT,okx_spot,1.4264832539259873,0.0,-1.4264832539259873,735.2995613974567,9881.863974973163
2024-11-25 14:20:00+00:00,order,sell,3519.38,0.51582506,scalp_pingpong,ETHUSDT,okx_spot,1.8153843996628,-0.0,30.464947855652984,765.7645092531097,9912.328922828816
2024-11-25 14:50:00+00:00,order,buy,3430.4085448604924,0.95103136,scalp_pingpong,ETHUSDT,okx_spot,2.609940883019436,0.0,-2.609940883019436,763.1545683700903,9909.718981945796
2024-11-25 15:15:00+00:00,order,sell,3412.191444177661,0.95103136,scalp_pingpong,ETHUSDT,okx_spot,3.245101069736645,-20.20127954464538,-0.3688555627411212,762.7857128073491,9889.14884683841
2024-11-25 16:20:00+00:00,order,buy,3507.278617451905,1.12121551,scalp_pingpong,ETHUSDT,okx_spot,3.1459321470227466,0.0,-3.1459321470227466,759.6397806603263,9886.002914691388
2024-11-25 17:15:00+00:00,order,sell,3450.0213895847196,1.12121551,scalp_pingpong,ETHUSDT,okx_spot,3.86821749183414,-25.80072690903983,-42.26518252708693,717.3745981332394,9817.93700525526
2024-11-25 21:15:00+00:00,order,buy,3473.2949581767734,0.55175366,scalp_pingpong,ETHUSDT,okx_spot,1.5331225643468656,0.0,-1.5331225643468656,715.8414755688925,9816.403882690913
2024-11-25 21:25:00+00:00,order,sell,3474.161264271553,0.55175366,scalp_pingpong,ETHUSDT,okx_spot,1.9168811929920568,-1.4187044726565967,-0.020189161860481253,715.8212864070321,9814.964989056396
2024-11-25 21:55:00+00:00,order,buy,3432.763641670191,0.82364406,scalp_pingpong,ETHUSDT,okx_spot,2.2619003062764973,0.0,-2.2619003062764973,713.5593861007555,9812.703088750119
2024-11-25 22:05:00+00:00,order,sell,3439.3612828918403,0.82364406,scalp_pingpong,ETHUSDT,okx_spot,2.832809490847844,-5.305324392643864,7.906622904018521,721.466009004774,9815.304387261494
2024-11-26 04:15:00+00:00,order,buy,3415.6506868529596,0.5248057,scalp_pingpong,ETHUSDT,okx_spot,1.4340423597354788,0.0,-1.4340423597354788,720.0319666450386,9813.87034490176
2024-11-26 05:15:00+00:00,order,sell,3418.41,0.5248057,scalp_pingpong,ETHUSDT,okx_spot,1.7940010529370003,-0.0,-0.3458977852852687,719.6860688597533,9813.524447116473
2024-11-26 08:35:00+00:00,order,buy,3351.8246797576767,0.63751602,scalp_pingpong,ETHUSDT,okx_spot,1.709473543661511,0.0,-1.709473543661511,717.9765953160918,9811.814973572811
2024-11-26 08:50:00+00:00,order,sell,3366.8613601062334,0.63751602,scalp_pingpong,ETHUSDT,okx_spot,2.1464280541867127,-1.1866468867126978,8.626343442350068,726.6029387584418,9819.254670128448
2024-11-26 18:25:00+00:00,order,buy,3271.738549270233,0.51100327,scalp_pingpong,ETHUSDT,okx_spot,1.337495277809716,0.0,-1.337495277809716,725.2654434806321,9817.917174850638
2024-11-26 18:55:00+00:00,order,sell,3292.23,0.51100327,scalp_pingpong,ETHUSDT,okx_spot,1.6823402955921,-0.0,8.78885803436276,734.0543015149949,9826.706032885002
2024-11-27 14:20:00+00:00,order,buy,3474.188697716221,0.67724627,scalp_pingpong,ETHUSDT,okx_spot,1.8823050694435748,0.0,-1.8823050694435748,732.1719964455514,9824.823727815558
2024-11-27 19:55:00+00:00,order,sell,3589.7613653377393,0.67724627,scalp_pingpong,ETHUSDT,okx_spot,2.4311524948650916,-1.1386984034913041,76.97870396924917,809.1507004148006,9900.663733381316
2024-11-28 12:45:00+00:00,order,buy,3612.2059558949227,0.45953234,scalp_pingpong,ETHUSDT,okx_spot,1.3279403643794645,0.0,-1.3279403643794645,807.822760050421,9899.335793016937
2024-11-28 13:05:00+00:00,order,sell,3609.21,0.45953234,scalp_pingpong,ETHUSDT,okx_spot,1.6585487168514002,-0.0,-3.0352873397819886,804.787472710639,9896.300505677154
2024-11-29 07:30:00+00:00,order,buy,3546.1908587803173,0.49851162,scalp_pingpong,ETHUSDT,okx_spot,1.4142538798718138,0.0,-1.4142538798718138,803.3732188307672,9894.886251797283
2024-11-29 07:55:00+00:00,order,sell,3545.4,0.49851162,scalp_pingpong,ETHUSDT,okx_spot,1.767423097548,-0.0,-2.161675389315202,801.211543441452,9892.724576407967
2024-11-30 10:25:00+00:00,order,buy,3667.3829368993834,0.54840912,scalp_pingpong,ETHUSDT,okx_spot,1.6089809993024051,0.0,-1.6089809993024051,799.6025624421496,9891.115595408664
2024-11-30 10:30:00+00:00,order,sell,3667.99,0.49851162,scalp_pingpong,ETHUSDT,okx_spot,1.8285356370438,-61.31692926,59.791021632686686,859.3935840748363,9889.619978712413
2024-11-30 21:50:00+00:00,order,sell,3728.051471493379,0.04989749,scalp_pingpong,ETHUSDT,okx_spot,0.18602041101832617,-0.7540244977261517,3.59521168492635,862.9887957597626,9892.430875575237
2024-12-02 08:25:00+00:00,order,buy,3617.518546208159,0.58805764,scalp_pingpong,ETHUSDT,okx_spot,1.7018475351515208,0.0,-1.7018475351515208,861.2869482246111,9890.729026934756
2024-12-02 08:40:00+00:00,order,sell,3605.32,0.58805765,scalp_pingpong,ETHUSDT,okx_spot,2.120136006698,-0.0,-9.293584921928097,851.9933633026831,9881.435442511473
2024-12-02 17:30:00+00:00,order,buy,3603.5087280476673,1.04789831,scalp_pingpong,ETHUSDT,okx_spot,3.0208885649531205,0.0,-3.0208885649531205,848.97247473773,9878.414553946519
2024-12-02 17:50:00+00:00,order,sell,3590.37,1.04789831,scalp_pingpong,ETHUSDT,okx_spot,3.7623426552747,-0.0,-17.530393571975004,831.442081165755,9860.884160374544
2024-12-03 07:05:00+00:00,order,buy,3626.9985859676262,0.58583948,scalp_pingpong,ETHUSDT,okx_spot,1.6998711724512077,0.0,-1.6998711724512077,829.7422099933037,9859.184289202092
2024-12-03 07:10:00+00:00,order,sell,3628.74124375704,0.58583948,scalp_pingpong,ETHUSDT,okx_spot,2.1258598832971773,-28.677571187977662,27.57262903784866,857.3148390311524,9858.079347051964
2024-12-03 11:05:00+00:00,order,buy,3596.0110657959654,0.51749157,scalp_pingpong,ETHUSDT,okx_spot,1.4887243297409019,0.0,-1.4887243297409019,855.8261147014115,9856.590622722222
2024-12-03 11:10:00+00:00,order,sell,3600.2713514283287,0.46205883,scalp_pingpong,ETHUSDT,okx_spot,1.6635371683234923,-9.46358927779239,9.76855470422449,865.594669405636,9857.13174745444
2024-12-03 11:15:00+00:00,order,sell,3600.46,0.05543274,scalp_pingpong,ETHUSDT,okx_spot,0.19958336306040003,-0.0,0.047033249948936984,865.6417026555849,9856.942621398604
2024-12-03 13:45:00+00:00,order,buy,3566.4985800349928,0.56199616,scalp_pingpong,ETHUSDT,okx_spot,1.6034868053000948,0.0,-1.6034868053000948,864.0382158502848,9855.339134593305
2024-12-03 14:15:00+00:00,order,sell,3560.61,0.56199616,scalp_pingpong,ETHUSDT,okx_spot,2.0010491472576,-0.0,-5.310408514776082,858.7278073355087,9850.028726078528
2024-12-04 02:15:00+00:00,order,buy,3635.659999999,0.60921019,scalp_pingpong,ETHUSDT,okx_spot,1.7719048954998327,0.0,-1.7719048954998327,856.9559024400089,9848.25682118303
2024-12-04 02:45:00+00:00,order,sell,3647.1513237241443,0.60921019,scalp_pingpong,ETHUSDT,okx_spot,2.2218817508847373,-4.295738265737498,9.074488024799503,866.0303904648084,9853.035570942091
2024-12-04 12:20:00+00:00,order,buy,3703.779999999,0.56508371,scalp_pingpong,ETHUSDT,okx_spot,1.674356594738588,0.0,-1.674356594738588,864.3560338700698,9851.361214347353
2024-12-04 13:15:00+00:00,order,sell,3718.0,0.56508371,scalp_pingpong,ETHUSDT,okx_spot,2.10098123378,-0.0,5.934509122984967,870.2905429930548,9857.295723470337
2024-12-04 15:50:00+00:00,order,buy,3818.778550940071,0.43370953,scalp_pingpong,ETHUSDT,okx_spot,1.3249925204018396,0.0,-1.3249925204018396,868.965550472653,9855.970730949935
2024-12-04 16:10:00+00:00,order,sell,3810.31,0.43370953,scalp_pingpong,ETHUSDT,okx_spot,1.6525677592543,-0.0,-5.325459007253546,863.6400914653995,9850.645271942682
2024-12-04 16:35:00+00:00,order,buy,3773.588580004741,0.53890941,scalp_pingpong,ETHUSDT,okx_spot,1.6268979161864745,0.0,-1.6268979161864745,862.0131935492129,9849.018374026495
2024-12-04 17:10:00+00:00,order,sell,3773.0114018859476,0.53890941,scalp_pingpong,ETHUSDT,okx_spot,2.0333113485136294,-1.6282619077290448,-0.7160961602483595,861.2970973889645,9846.674015958517
2024-12-04 20:40:00+00:00,order,buy,3865.5886160821983,0.5452931,scalp_pingpong,ETHUSDT,okx_spot,1.6863030398305376,0.0,-1.6863030398305376,859.6107943491339,9844.987712918686
2024-12-04 20:45:00+00:00,order,sell,3859.01141140094,0.53890941,scalp_pingpong,ETHUSDT,okx_spot,2.079657562901348,-46.24457708934783,40.6204020322202,900.2311963813542,9839.321551025807
2024-12-05 01:05:00+00:00,order,sell,3784.801472715105,0.00638368,scalp_pingpong,ETHUSDT,okx_spot,0.024160961465341965,0.060188701058039494,-0.6000689338930574,899.631127447461,9838.823656820852
2024-12-05 15:30:00+00:00,order,buy,3878.981691555003,0.48383821,scalp_pingpong,ETHUSDT,okx_spot,1.5014396466117959,0.0,-1.5014396466117959,898.1296878008493,9837.322218116042
2024-12-05 15:35:00+00:00,order,sell,3879.8114723876743,0.00638369,scalp_pingpong,ETHUSDT,okx_spot,0.02476751369816647,-0.6053108850664737,0.5858404367390762,898.7155282375884,9837.698930283414
2024-12-05 15:40:00+00:00,order,sell,3880.0,0.47745452,scalp_pingpong,ETHUSDT,okx_spot,1.8525235376,-0.0,-1.3663274356182955,897.3492008019701,9835.936420108348
2024-12-05 19:50:00+00:00,order,buy,3831.198570750593,0.47663391,scalp_pingpong,ETHUSDT,okx_spot,1.4608633238106135,0.0,-1.4608633238106135,895.8883374781595,9834.475556296524
2024-12-05 20:10:00+00:00,order,sell,3840.4,0.47663391,scalp_pingpong,ETHUSDT,okx_spot,1.830464867964,-0.0,2.5552478549382123,898.4435853330978,9837.030804721308
2024-12-06 09:00:00+00:00,order,buy,3875.4695793083047,0.42587768,scalp_pingpong,ETHUSDT,okx_spot,1.3203807946771176,0.0,-1.3203807946771176,897.1232045384206,9835.710424277326
2024-12-06 10:00:00+00:00,order,sell,3868.19,0.42587768,scalp_pingpong,ETHUSDT,okx_spot,1.6473757829992002,-0.0,-4.747585687485946,892.3756188509346,9830.962838074334
2024-12-09 15:30:00+00:00,order,buy,3854.008582905035,0.9659475,scalp_pingpong,ETHUSDT,okx_spot,2.978215964508529,0.0,-2.978215964508529,889.3974028864261,9827.984621968013
2024-12-09 17:00:00+00:00,order,sell,3852.2812739189053,0.9659475,scalp_pingpong,ETHUSDT,okx_spot,3.7211014658387818,-6.057721363781566,0.6681298864531175,890.0655327728792,9822.59503068802
2024-12-09 20:00:00+00:00,order,buy,3783.8815679309987,0.4288682,scalp_pingpong,ETHUSDT,okx_spot,1.2982291816413962,0.0,-1.2982291816413962,888.7673035912378,9821.296800822382
2024-12-09 20:10:00+00:00,order,sell,3786.671388657891,0.4288682,scalp_pingpong,ETHUSDT,okx_spot,1.6239829424452101,-0.4594845252101378,0.03196627495962273,888.7992698661974,9820.8692833013
2024-12-09 20:45:00+00:00,order,buy,3743.7885564311528,0.77496357,scalp_pingpong,ETHUSDT,okx_spot,2.3210397960136264,0.0,-2.3210397960136264,886.4782300701837,9818.548243076457
2024-12-09 21:00:00+00:00,order,sell,3743.55,0.77496358,scalp_pingpong,ETHUSDT,okx_spot,2.9011149099090003,-0.0,-3.085987856757032,883.3922422134267,9815.46225562063
2024-12-10 03:05:00+00:00,order,buy,3673.4085519456007,0.50006761,scalp_pingpong,ETHUSDT,okx_spot,1.469562108099998,0.0,-1.469562108099998,881.9226801053267,9813.99269351253
2024-12-10 03:05:00+00:00,order,sell,3673.031434203933,0.50006761,scalp_pingpong,ETHUSDT,okx_spot,1.8367640507572331,-61.21399333903298,59.18864492051123,941.1113250258379,9811.967345094008
2024-12-10 03:25:00+00:00,order,buy,3645.298549837481,1.01658024,scalp_pingpong,ETHUSDT,okx_spot,2.9645907797323505,0.0,-2.9645907797323505,938.1467342461056,9809.002754314275
2024-12-10 03:25:00+00:00,order,sell,3644.9214670068573,0.27489597,scalp_pingpong,ETHUSDT,okx_spot,1.001974222246673,-25.92309324527305,24.81746047253175,962.9641947186373,9807.617445137574
2024-12-10 03:50:00+00:00,order,sell,3693.09142674505,0.74168426,scalp_pingpong,ETHUSDT,okx_spot,2.7391077819577463,-10.02862938954637,42.736746150049925,1005.7009408686872,9840.605238779966
2024-12-10 14:50:00+00:00,order,buy,3682.878549716265,0.43146328,scalp_pingpong,ETHUSDT,okx_spot,1.2712214871217782,0.0,-1.2712214871217782,1004.4297193815654,9839.334017190715
2024-12-10 15:30:00+00:00,order,sell,3618.6714683281552,0.43146328,scalp_pingpong,ETHUSDT,okx_spot,1.561323860967282,-6.338829112881969,-22.925492307226264,981.5042270743392,9810.069694752738
2024-12-10 15:35:00+00:00,order,buy,3569.0985455209857,1.08432707,scalp_pingpong,ETHUSDT,okx_spot,3.096056134724826,0.0,-3.096056134724826,978.4081709396144,9806.973638122283
2024-12-10 15:55:00+00:00,order,sell,3568.021440985398,1.08432708,scalp_pingpong,ETHUSDT,okx_spot,3.868902270481089,-0.9883001422887225,-4.0485368819211525,974.3596340576933,9801.936802235872
2024-12-11 01:35:00+00:00,order,buy,3589.139438019925,0.59107766,scalp_pingpong,ETHUSDT,okx_spot,1.6971681123508258,0.0,-1.6971681123508258,972.6624659453424,9800.239634123522
2024-12-11 01:45:00+00:00,order,sell,3597.4613743921495,0.59107766,scalp_pingpong,ETHUSDT,okx_spot,2.1263790511160954,-5.580585482895681,8.373117109343003,981.0355830546854,9803.03216574997
2024-12-11 02:00:00+00:00,order,buy,3563.436215448974,0.72921441,scalp_pingpong,ETHUSDT,okx_spot,2.0788072299370053,0.0,-2.0788072299370053,978.9567758247484,9800.953358520033
2024-12-11 02:15:00+00:00,order,sell,3594.591375186053,0.72921441,scalp_pingpong,ETHUSDT,okx_spot,2.6212278288473865,-8.882834319286404,28.980397916568784,1007.9371737413172,9821.050922117316
2024-12-11 21:20:00+00:00,order,buy,3814.9170684302208,0.4329086,scalp_pingpong,ETHUSDT,okx_spot,1.3212083257681848,0.0,-1.3212083257681848,1006.615965415549,9819.729713791548
2024-12-12 00:50:00+00:00,order,sell,3813.9813931966532,0.4329086,scalp_pingpong,ETHUSDT,okx_spot,1.6511053453548128,-2.416233114812641,0.3600659140394753,1006.9760313295885,9817.673546590775
2024-12-12 15:15:00+00:00,order,buy,3946.729999999,0.56920318,scalp_pingpong,ETHUSDT,okx_spot,1.7971930132806648,0.0,-1.7971930132806648,1005.1788383163079,9815.876353577494
2024-12-12 16:30:00+00:00,order,sell,3950.81,0.56920318,scalp_pingpong,ETHUSDT,okx_spot,2.2488136155758003,-0.0,0.07353535939334499,1005.2523736757012,9815.949888936888
2024-12-13 07:05:00+00:00,order,buy,3877.129999999,0.40866823,scalp_pingpong,ETHUSDT,okx_spot,1.2675678836635933,0.0,-1.2675678836635933,1003.9848057920376,9814.682321053224
2024-12-13 09:40:00+00:00,order,sell,3885.4213635691485,0.40866823,scalp_pingpong,ETHUSDT,okx_spot,1.5878482714539905,-2.575167096390455,4.375735699435522,1008.3605414914731,9816.48288965627
2024-12-13 15:50:00+00:00,order,buy,3893.4085415310537,0.58390445,scalp_pingpong,ETHUSDT,okx_spot,1.8187028584543936,0.0,-1.8187028584543936,1006.5418386330188,9814.664186797816
2024-12-13 16:30:00+00:00,order,sell,3921.3714283855034,0.58390445,scalp_pingpong,ETHUSDT,okx_spot,2.289706227137152,-16.099079727151615,30.137027569174084,1036.678866202193,9828.70213463984
2024-12-16 19:15:00+00:00,order,buy,4050.1885549694707,0.71397069,scalp_pingpong,ETHUSDT,okx_spot,2.313372733777325,0.0,-2.313372733777325,1034.3654934684157,9826.388761906062
2024-12-16 20:05:00+00:00,order,sell,4056.971395756534,0.71397069,scalp_pingpong,ETHUSDT,okx_spot,2.896558666738556,-8.26877711945581,10.214967969617112,1044.580461438033,9828.334952756224
2024-12-17 15:10:00+00:00,order,buy,3969.9985387687266,0.51274883,scalp_pingpong,ETHUSDT,okx_spot,1.6284896846842996,0.0,-1.6284896846842996,1042.9519717533485,9826.70646307154
2024-12-17 18:20:00+00:00,order,sell,3968.86,0.51274883,scalp_pingpong,ETHUSDT,okx_spot,2.0350283214338005,-0.0,-2.6188127430079375,1040.3331590103405,9824.08765032853
2024-12-17 22:35:00+00:00,order,buy,3892.748628714448,0.51122957,scalp_pingpong,ETHUSDT,okx_spot,1.5920705660606216,0.0,-1.5920705660606216,1038.74108844428,9822.49557976247
2024-12-18 00:20:00+00:00,order,sell,3891.14,0.51122957,scalp_pingpong,ETHUSDT,okx_spot,1.9892658290098,-0.0,-2.811644394986833,1035.9294440492931,9819.683935367484
2024-12-18 14:40:00+00:00,order,buy,3841.3098569825156,0.42633695,scalp_pingpong,ETHUSDT,okx_spot,1.3101538627446896,0.0,-1.3101538627446896,1034.6192901865484,9818.373781504739
2024-12-18 14:55:00+00:00,order,sell,3844.46,0.42633695,scalp_pingpong,ETHUSDT,okx_spot,1.6390353507970001,-0.0,-0.2960129846589705,1034.3232772018894,9818.077768520081
2024-12-18 19:15:00+00:00,order,buy,3837.5799357640553,0.76534902,scalp_pingpong,ETHUSDT,okx_spot,2.349670434406946,0.0,-2.349670434406946,1031.9736067674824,9815.728098085674
2024-12-18 19:20:00+00:00,order,sell,3860.0414239117863,0.42633695,scalp_pingpong,ETHUSDT,okx_spot,1.645678287544208,-9.571871593707977,17.50235565552849,1049.4759624230107,9831.273297739737
2024-12-18 19:30:00+00:00,order,sell,3853.581437124496,0.33901207,scalp_pingpong,ETHUSDT,okx_spot,1.3064106199131502,-3.2482228331502387,7.366514312547796,1056.8424767355586,9827.776873626892
2024-12-18 20:05:00+00:00,order,buy,3698.8085303687535,1.04327457,scalp_pingpong,ETHUSDT,okx_spot,3.0870983032262345,0.0,-3.0870983032262345,1053.7553784323325,9824.689775323666
2024-12-18 20:20:00+00:00,order,sell,3692.411446573618,1.04327457,scalp_pingpong,ETHUSDT,okx_spot,3.852198964187169,-4.591917281468984,-5.934196528342225,1047.8211819039902,9814.163661513854
2024-12-19 14:45:00+00:00,order,buy,3647.7785441125184,0.55206696,scalp_pingpong,ETHUSDT,okx_spot,1.6110544092811392,0.0,-1.6110544092811392,1046.210127494709,9812.552607104573
2024-12-19 15:30:00+00:00,order,sell,3584.7614541894595,0.55206696,scalp_pingpong,ETHUSDT,okx_spot,1.9790283583395543,-0.4203736995541855,-36.34830792065509,1009.8618195740539,9775.783925484364
2024-12-19 17:25:00+00:00,order,buy,3549.8585493856167,0.78097941,scalp_pingpong,ETHUSDT,okx_spot,2.2178931483861084,0.0,-2.2178931483861084,1007.6439264256678,9773.566032335977
2024-12-19 17:50:00+00:00,order,sell,3468.46,0.78097941,scalp_pingpong,ETHUSDT,okx_spot,2.7087958444086,-0.0,-66.27938691844332,941.3645395072244,9707.286645417535
2024-12-19 17:55:00+00:00,order,buy,3428.629999999,1.13249743,scalp_pingpong,ETHUSDT,okx_spot,3.106331730735814,0.0,-3.106331730735814,938.2582077764886,9704.180313686798
2024-12-19 18:00:00+00:00,order,sell,3472.8014647056666,0.78097941,scalp_pingpong,ETHUSDT,okx_spot,2.7121864389529673,-34.49700444466725,66.28182245116244,1004.540030227651,9751.492197507481
2024-12-19 18:35:00+00:00,order,sell,3485.961458783636,0.35151801,scalp_pingpong,ETHUSDT,okx_spot,1.2253782349283207,-6.739113040420712,25.66677510786451,1030.2068053355156,9754.892794334053
2024-12-20 02:00:00+00:00,order,buy,3372.200107109194,0.88382537,scalp_pingpong,ETHUSDT,okx_spot,2.384348805903859,0.0,-2.384348805903859,1027.8224565296118,9752.508444390536
2024-12-20 05:35:00+00:00,order,sell,3384.221389398781,0.88382538,scalp_pingpong,ETHUSDT,okx_spot,2.9910607554895057,-5.01251789050539,12.646170958398647,1040.4686274880105,9760.142098022727
2024-12-20 06:35:00+00:00,order,buy,3346.1085586715917,0.64037311,scalp_pingpong,ETHUSDT,okx_spot,1.7142063552913158,0.0,-1.7142063552913158,1038.7544211327192,9758.427891667436
2024-12-20 07:10:00+00:00,order,sell,3406.5,0.64037311,scalp_pingpong,ETHUSDT,okx_spot,2.181430999215,-0.0,36.49162410164043,1075.2460452343596,9794.919515769076
2024-12-20 16:55:00+00:00,order,buy,3373.2315208787527,1.16116491,scalp_pingpong,ETHUSDT,okx_spot,3.133502460280272,0.0,-3.133502460280272,1072.1125427740794,9791.786013308794
2024-12-21 01:40:00+00:00,order,sell,3464.9811584651316,1.16116491,scalp_pingpong,ETHUSDT,okx_spot,4.02341453502086,-5.795558069960476,108.30860320545996,1180.4211459795395,9894.299058444294
2024-12-21 10:45:00+00:00,order,buy,3460.1836753366792,0.5093572,scalp_pingpong,ETHUSDT,okx_spot,1.4099755746841598,0.0,-1.4099755746841598,1179.0111704048552,9892.88908286961
2024-12-21 10:55:00+00:00,order,sell,3465.9313852622045,0.5093572,scalp_pingpong,ETHUSDT,okx_spot,1.7653971057892774,-2.2062222692777747,3.368462597566221,1182.3796330024213,9894.051323197898
2024-12-21 13:25:00+00:00,order,buy,3363.2285780774637,0.64249599,scalp_pingpong,ETHUSDT,okx_spot,1.7286886998945379,0.0,-1.7286886998945379,1180.6509443025268,9892.322634498005
2024-12-21 14:10:00+00:00,order,sell,3410.6413773884847,0.64249599,scalp_pingpong,ETHUSDT,okx_spot,2.1913234083001782,-2.622268605778108,30.893478629483713,1211.5444229320105,9920.59384452171
2024-12-21 19:20:00+00:00,order,buy,3341.210268558576,0.54477224,scalp_pingpong,ETHUSDT,okx_spot,1.4561588818509257,0.0,-1.4561588818509257,1210.0882640501595,9919.13768563986
2024-12-21 19:30:00+00:00,order,sell,3343.01,0.54477224,scalp_pingpong,ETHUSDT,okx_spot,1.8211790460424002,-0.0,-0.8407353172993883,1209.2475287328602,9918.29695032256
2024-12-21 21:50:00+00:00,order,buy,3312.0985779073953,1.12734378,scalp_pingpong,ETHUSDT,okx_spot,2.987098984440598,0.0,-2.987098984440598,1206.2604297484197,9915.30985133812
2024-12-21 22:05:00+00:00,order,sell,3305.45,1.12734378,scalp_pingpong,ETHUSDT,okx_spot,3.726378497601,-0.0,-11.221611447348788,1195.038818301071,9904.08823989077
2024-12-22 15:00:00+00:00,order,buy,3278.179999999,0.54458583,scalp_pingpong,ETHUSDT,okx_spot,1.4282003009510844,0.0,-1.4282003009510844,1193.6106180001198,9902.660039589819
2024-12-22 18:15:00+00:00,order,sell,3304.161319425507,0.54458583,scalp_pingpong,ETHUSDT,okx_spot,1.799399434593235,-1.0735526255347783,13.423211595321046,1207.0338295954407,9915.009698559606
2024-12-22 22:00:00+00:00,order,buy,3267.5985818314048,0.87271228,scalp_pingpong,ETHUSDT,okx_spot,2.2813387267798815,0.0,-2.2813387267798815,1204.7524908686607,9912.728359832827
2024-12-23 00:20:00+00:00,order,sell,3283.3312779601924,0.87271228,scalp_pingpong,ETHUSDT,okx_spot,2.8654035255839534,-13.93833040315318,24.803043986670684,1229.5555348553314,9923.593073416345
2024-12-23 00:35:00+00:00,order,buy,3256.109999999,0.61986355,scalp_pingpong,ETHUSDT,okx_spot,1.6146751230319043,0.0,-1.6146751230319043,1227.9408597322995,9921.978398293313
2024-12-23 00:55:00+00:00,order,sell,3254.96,0.61986355,scalp_pingpong,ETHUSDT,okx_spot,2.017631060708,-0.0,-2.7304741425882373,1225.2103855897112,9919.247924150724
2024-12-23 06:40:00+00:00,order,buy,3263.399999999,0.52770234,scalp_pingpong,ETHUSDT,okx_spot,1.377683053084378,0.0,-1.377683053084378,1223.8327025366268,9917.87024109764
2024-12-23 14:45:00+00:00,order,sell,3303.41,0.52770234,scalp_pingpong,ETHUSDT,okx_spot,1.7432171869794002,-0.0,19.370153436948094,1243.202855973575,9937.240394534589
2024-12-23 14:50:00+00:00,order,buy,3290.419999999,0.56047101,scalp_pingpong,ETHUSDT,okx_spot,1.4753480165789117,0.0,-1.4753480165789117,1241.727507956996,9935.76504651801
2024-12-23 14:55:00+00:00,order,sell,3312.8214341675057,0.52770234,scalp_pingpong,ETHUSDT,okx_spot,1.7481836228123488,-11.821289229548665,21.89439483681276,1263.6219027938089,9946.572217329067
2024-12-23 15:05:00+00:00,order,sell,3301.21,0.03276866,scalp_pingpong,ETHUSDT,okx_spot,0.10817622807859999,-0.0,0.2453976133541625,1263.8673004071632,9946.083549846528
2024-12-23 21:45:00+00:00,order,buy,3424.978567051793,0.47483338,scalp_pingpong,ETHUSDT,okx_spot,1.3010353195366078,0.0,-1.3010353195366078,1262.5662650876266,9944.782515764677
2024-12-23 22:25:00+00:00,order,sell,3462.8314367068792,0.47483338,scalp_pingpong,ETHUSDT,okx_spot,1.6442679554617836,-3.4384758675834655,19.76801529873136,1282.334280386358,9961.112054228768
2024-12-23 22:40:00+00:00,order,buy,3440.247331838973,0.49010754,scalp_pingpong,ETHUSDT,okx_spot,1.3488729254393301,0.0,-1.3488729254393301,1280.9854074609186,9959.76318107749
2024-12-23 23:15:00+00:00,order,sell,3446.2213793273218,0.49010754,scalp_pingpong,ETHUSDT,okx_spot,1.6890190825175204,-3.0491449175205205,4.288051706048545,1285.273459166967,9961.00208777307
2024-12-26 07:45:00+00:00,order,buy,3424.049212454277,0.53913613,scalp_pingpong,ETHUSDT,okx_spot,1.4768229130657176,0.0,-1.4768229130657176,1283.7966362539014,9959.525264638283
2024-12-26 08:00:00+00:00,order,sell,3421.63,0.53913614,scalp_pingpong,ETHUSDT,okx_spot,1.8447243907082,-0.0,-3.149009417128048,1280.6476268367733,9956.376255383137
2024-12-26 14:45:00+00:00,order,buy,3342.1986419808613,0.59869352,scalp_pingpong,ETHUSDT,okx_spot,1.6007621356053934,0.0,-1.6007621356053934,1279.0468647011678,9954.77549324753
2024-12-26 15:45:00+00:00,order,sell,3347.611350333426,0.59869352,scalp_pingpong,ETHUSDT,okx_spot,2.004193222923072,-3.1678971566718213,4.4042573500789075,1283.4511220512468,9956.011853440938
2024-12-26 23:10:00+00:00,order,buy,3312.4886593473225,0.57722315,scalp_pingpong,ETHUSDT,okx_spot,1.5296361106301908,0.0,-1.5296361106301908,1281.9214859406165,9954.482217330307
2024-12-27 02:45:00+00:00,order,sell,3366.0,0.57722315,scalp_pingpong,ETHUSDT,okx_spot,1.9429331229000002,-0.0,28.94505148936156,1310.866537429978,9983.427268819669
2024-12-27 07:50:00+00:00,order,buy,3330.808619191092,0.6486125,scalp_pingpong,ETHUSDT,okx_spot,1.728323284412066,0.0,-1.728323284412066,1309.138214145566,9981.698945535258
2024-12-27 09:10:00+00:00,order,sell,3436.67,0.6486125,scalp_pingpong,ETHUSDT,okx_spot,2.2290671203750003,-0.0,66.43394773954289,1375.572161885109,10048.1328932748
2024-12-27 14:40:00+00:00,order,buy,3343.6885678321946,0.63942877,scalp_pingpong,ETHUSDT,okx_spot,1.7104405345536016,0.0,-1.7104405345536016,1373.8617213505554,10046.422452740246
2024-12-27 15:05:00+00:00,order,sell,3353.941457106549,0.63942877,scalp_pingpong,ETHUSDT,okx_spot,2.1446066605696483,-5.858099249048273,10.269484966125214,1384.1312063166806,10050.833838457324
2024-12-28 14:35:00+00:00,order,buy,3373.3388817912814,0.62401492,scalp_pingpong,ETHUSDT,okx_spot,1.6840110339631011,0.0,-1.6840110339631011,1382.4471952827175,10049.14982742336
2024-12-28 15:55:00+00:00,order,sell,3369.37,0.62401492,scalp_pingpong,ETHUSDT,okx_spot,2.1025371510004,-0.0,-4.579178604476477,1377.868016678241,10044.570648818884
2024-12-29 14:25:00+00:00,order,buy,3382.978695317577,0.61865592,scalp_pingpong,ETHUSDT,okx_spot,1.6743198376736765,0.0,-1.6743198376736765,1376.1936968405673,10042.89632898121
2024-12-29 14:25:00+00:00,order,sell,3382.601303222236,0.61865592,scalp_pingpong,ETHUSDT,okx_spot,2.0926663212381515,-8.185624067751355,5.859481892569075,1382.0531787331363,10040.570186806028
2024-12-29 14:40:00+00:00,order,buy,3360.5986223763175,0.57236483,scalp_pingpong,ETHUSDT,okx_spot,1.5387907673557244,0.0,-1.5387907673557244,1380.5143879657805,10039.031396038672
2024-12-29 16:15:00+00:00,order,sell,3360.41,0.57236483,scalp_pingpong,ETHUSDT,okx_spot,1.9233804983803,-0.0,-2.0313413127355378,1378.483046653045,10037.000054725937
2024-12-30 13:25:00+00:00,order,buy,3366.5585840737745,0.52898471,scalp_pingpong,ETHUSDT,okx_spot,1.424686413035421,0.0,-1.424686413035421,1377.0583602400095,10035.575368312902
2024-12-30 17:40:00+00:00,order,sell,3396.8114332936175,0.52898471,scalp_pingpong,ETHUSDT,okx_spot,1.7968613109655087,-7.729224803508686,21.9356581637756,1398.994018403785,10049.781801673169
2024-12-30 21:45:00+00:00,order,buy,3323.4885494026385,0.67067581,scalp_pingpong,ETHUSDT,okx_spot,1.7831866999170718,0.0,-1.7831866999170718,1397.210831703868,10047.998614973252
2024-12-31 01:10:00+00:00,order,sell,3327.6513106175044,0.67067581,scalp_pingpong,ETHUSDT,okx_spot,2.2317752381459566,-6.104028870456208,6.664116881927132,1403.8749485857952,10048.558702984723
2024-12-31 14:50:00+00:00,order,buy,3426.1486009847645,0.55853887,scalp_pingpong,ETHUSDT,okx_spot,1.5309097344368892,0.0,-1.5309097344368892,1402.3440388513584,10047.027793250285
2024-12-31 17:40:00+00:00,order,sell,3347.0314438434857,0.55853887,scalp_pingpong,ETHUSDT,okx_spot,1.8694471604988092,-5.161705601508983,-40.89774910629205,1361.4462897450662,10000.968338542485
2025-01-02 13:25:00+00:00,order,buy,3464.927855375427,0.6344729,scalp_pingpong,ETHUSDT,okx_spot,1.7587222597526624,0.0,-1.7587222597526624,1359.6875674853136,9999.209616282733
2025-01-02 13:50:00+00:00,order,sell,3463.59,0.6344729,scalp_pingpong,ETHUSDT,okx_spot,2.197553991711,-0.0,-3.0463869715386482,1356.641180513775,9996.163229311194
2025-01-04 15:35:00+00:00,order,buy,3612.238559346933,0.57045787,scalp_pingpong,ETHUSDT,okx_spot,1.6485039315975363,0.0,-1.6485039315975363,1354.9926765821774,9994.514725379597
2025-01-04 16:10:00+00:00,order,sell,3613.6211251435825,0.57045787,scalp_pingpong,ETHUSDT,okx_spot,2.061418610036412,-2.1683817530114258,0.8956586824665416,1355.888335264644,9993.242002309053
2025-01-07 14:40:00+00:00,order,buy,3617.9483034521545,0.59280129,scalp_pingpong,ETHUSDT,okx_spot,1.7157795371517992,0.0,-1.7157795371517992,1354.1725557274922,9991.526222771901
2025-01-07 14:50:00+00:00,order,sell,3620.04,0.59280129,scalp_pingpong,ETHUSDT,okx_spot,2.1459643818516003,-0.0,-0.9060039700002296,1353.266551757492,9990.620218801902
2025-01-07 15:05:00+00:00,order,buy,3536.798535929201,1.12277814,scalp_pingpong,ETHUSDT,okx_spot,3.1768320653802493,0.0,-3.1768320653802493,1350.0897196921117,9987.443386736522
2025-01-07 15:25:00+00:00,order,sell,3526.0013878337904,1.12277814,scalp_pingpong,ETHUSDT,okx_spot,3.9589172798694423,-0.08015269924203378,-16.001566436497146,1334.0881532556145,9971.361667600782
2025-01-07 15:45:00+00:00,order,buy,3452.189999999,1.1553665,scalp_pingpong,ETHUSDT,okx_spot,3.1908357421070757,0.0,-3.1908357421070757,1330.8973175135075,9968.170831858675
2025-01-07 17:30:00+00:00,order,sell,3454.02,1.1553665,scalp_pingpong,ETHUSDT,okx_spot,3.9906589983300003,-0.0,-1.8763383021746542,1329.0209792113328,9966.2944935565
2025-01-08 06:50:00+00:00,order,buy,3313.5085452131143,0.55414139,scalp_pingpong,ETHUSDT,okx_spot,1.4689217848170184,0.0,-1.4689217848170184,1327.5520574265158,9964.825571771682
2025-01-08 11:35:00+00:00,order,sell,3326.64,0.55414139,scalp_pingpong,ETHUSDT,okx_spot,1.8434289136295998,-0.0,5.433253694697237,1332.985311121213,9970.258825466379
2025-01-08 14:50:00+00:00,order,buy,3358.710742079731,0.75262749,scalp_pingpong,ETHUSDT,okx_spot,2.0222864283580044,0.0,-2.0222864283580044,1330.963024692855,9968.236539038022
2025-01-08 14:55:00+00:00,order,sell,3369.8812934773605,0.55414139,scalp_pingpong,ETHUSDT,okx_spot,1.8673907041025424,-23.8675864366425,28.190260611088767,1359.1532853039437,9974.776412394232
2025-01-08 15:15:00+00:00,order,sell,3357.0714460375016,0.1984861,scalp_pingpong,ETHUSDT,okx_spot,0.6663320187453442,-0.41115324534414105,-0.5805562515688416,1358.5727290523748,9971.567503715554
2025-01-08 15:20:00+00:00,order,buy,3347.2262842540854,0.83619061,scalp_pingpong,ETHUSDT,okx_spot,2.2391353507507654,0.0,-2.2391353507507654,1356.333593701624,9969.328368364802
2025-01-08 15:30:00+00:00,order,sell,3347.25,0.83619061,scalp_pingpong,ETHUSDT,okx_spot,2.7989390193225,-0.0,-2.7791081352795963,1353.5544855663445,9966.549260229523
2025-01-08 17:10:00+00:00,order,buy,3258.2685539082736,0.81486414,scalp_pingpong,ETHUSDT,okx_spot,2.124036962455607,0.0,-2.124036962455607,1351.4304486038889,9964.425223267068
2025-01-08 17:25:00+00:00,order,sell,3233.01,0.81486414,scalp_pingpong,ETHUSDT,okx_spot,2.6344639132614,-0.0,-23.216753721370125,1328.2136948825187,9941.208469545698
2025-01-08 17:30:00+00:00,order,buy,3225.359770186696,0.99839895,scalp_pingpong,ETHUSDT,okx_spot,2.5761566463413113,0.0,-2.5761566463413113,1325.6375382361773,9938.632312899357
2025-01-08 17:35:00+00:00,order,sell,3233.0,0.81486414,scalp_pingpong,ETHUSDT,okx_spot,2.63445576462,-0.0,3.5912935316003285,1329.2288317677776,9943.625854558099
2025-01-08 18:10:00+00:00,order,sell,3299.2114538378823,0.18353481,scalp_pingpong,ETHUSDT,okx_spot,0.6055201473299595,-0.805984645759477,13.754819225530161,1342.9836509933077,9955.172441010729
2025-01-09 13:40:00+00:00,order,buy,3253.228575021393,0.61372898,scalp_pingpong,ETHUSDT,okx_spot,1.5972805240437866,0.0,-1.5972805240437866,1341.386370469264,9953.575160486685
2025-01-09 17:50:00+00:00,order,sell,3251.73,0.61372898,scalp_pingpong,ETHUSDT,okx_spot,1.9956809361354,-0.0,-2.915399855468436,1338.4709706137955,9950.659760631217
2025-01-09 18:00:00+00:00,order,buy,3256.0847877225265,0.70759742,scalp_pingpong,ETHUSDT,okx_spot,1.843197756074966,0.0,-1.843197756074966,1336.6277728577206,9948.816562875141
2025-01-09 18:05:00+00:00,order,sell,3259.551391015707,0.61372898,scalp_pingpong,ETHUSDT,okx_spot,2.000481150465651,-11.808999281851017,11.93607303457355,1348.5638458922942,9949.269041271094
2025-01-09 18:20:00+00:00,order,sell,3260.721452110559,0.09386844,scalp_pingpong,ETHUSDT,okx_spot,0.30607883598415286,-0.9791841365528708,1.108341753476875,1349.6721876457711,9949.072794244788
2025-01-09 20:10:00+00:00,order,buy,3180.068543272665,0.89567254,scalp_pingpong,ETHUSDT,okx_spot,2.278640055621702,0.0,-2.278640055621702,1347.3935475901494,9946.794154189167
2025-01-09 20:40:00+00:00,order,sell,3192.9213873409935,0.89567254,scalp_pingpong,ETHUSDT,okx_spot,2.8598120090200316,-13.54381140803136,22.195938891915148,1369.5894864820646,9955.44628167305
2025-01-10 13:40:00+00:00,order,buy,3226.909999999,1.23405317,scalp_pingpong,ETHUSDT,okx_spot,3.1857428118427724,0.0,-3.1857428118427724,1366.4037436702217,9952.260538861208
2025-01-10 15:10:00+00:00,order,sell,3219.4,1.23405317,scalp_pingpong,ETHUSDT,okx_spot,3.972910775498,-0.0,-13.24065008096374,1353.163093589258,9939.019888780243
2025-01-13 10:30:00+00:00,order,buy,3119.348008547115,0.59852614,scalp_pingpong,ETHUSDT,okx_spot,1.4936090582979136,0.0,-1.4936090582979136,1351.6694845309603,9937.526279721946
2025-01-13 10:45:00+00:00,order,sell,3118.99,0.59852614,scalp_pingpong,ETHUSDT,okx_spot,1.8667970453986,-0.0,-2.081074519190581,1349.5884100117696,9935.445205202755
2025-01-13 11:40:00+00:00,order,buy,3075.1004042486243,0.77044829,scalp_pingpong,ETHUSDT,okx_spot,1.8953646784253293,0.0,-1.8953646784253293,1347.6930453333443,9933.54984052433
2025-01-13 11:55:00+00:00,order,sell,3073.25,0.77044829,scalp_pingpong,ETHUSDT,okx_spot,2.3677802072425003,-0.0,-3.7934209964037073,1343.8996243369406,9929.756419527926
2025-01-14 16:15:00+00:00,order,buy,3181.833302160451,0.71832095,scalp_pingpong,ETHUSDT,okx_spot,1.8284620162796255,0.0,-1.8284620162796255,1342.071162320661,9927.927957511647
2025-01-14 16:45:00+00:00,order,sell,3187.8012770052587,0.71832095,scalp_pingpong,ETHUSDT,okx_spot,2.2898644417096308,-3.9875985721306026,5.984655490519604,1348.0558178111805,9929.925014430035
2025-01-16 03:25:00+00:00,order,buy,3361.4886609454943,0.64565101,scalp_pingpong,ETHUSDT,okx_spot,1.736278839234405,0.0,-1.736278839234405,1346.319538971946,9928.1887355908
2025-01-16 03:45:00+00:00,order,sell,3367.11,0.64565101,scalp_pingpong,ETHUSDT,okx_spot,2.1739779722811003,-0.0,1.4554452658131045,1347.774984237759,9929.644180856614
2025-01-16 08:50:00+00:00,order,buy,3309.198556360009,0.65266773,scalp_pingpong,ETHUSDT,okx_spot,1.7278456879190116,0.0,-1.7278456879190116,1346.0471385498402,9927.916335168695
2025-01-16 09:05:00+00:00,order,sell,3307.2,0.65266773,scalp_pingpong,ETHUSDT,okx_spot,2.158502716656,-0.0,-3.46289595942049,1342.5842425904198,9924.453439209276
2025-01-16 14:50:00+00:00,order,buy,3267.399999999,1.21496645,scalp_pingpong,ETHUSDT,okx_spot,3.175825102983028,0.0,-3.175825102983028,1339.4084174874367,9921.277614106293
2025-01-16 22:15:00+00:00,order,sell,3308.72,1.21496645,scalp_pingpong,ETHUSDT,okx_spot,4.019983792443999,-0.0,46.18242992277056,1385.5908474102073,9967.460044029063
2025-01-18 03:45:00+00:00,order,buy,3382.779999999,0.49202176,scalp_pingpong,ETHUSDT,okx_spot,1.3315210954338463,0.0,-1.3315210954338463,1384.2593263147735,9966.12852293363
2025-01-18 03:55:00+00:00,order,sell,3384.66,0.49202176,scalp_pingpong,ETHUSDT,okx_spot,1.6653263702015997,-0.0,-0.7403254609097607,1383.5190008538636,9965.38819747272
2025-01-18 04:25:00+00:00,order,buy,3353.298435485077,0.48756123,scalp_pingpong,ETHUSDT,okx_spot,1.307950647809744,0.0,-1.307950647809744,1382.2110502060539,9964.080246824911
2025-01-18 04:50:00+00:00,order,sell,3362.0414137805583,0.48756123,scalp_pingpong,ETHUSDT,okx_spot,1.6392010470137879,-1.399990034687913,4.02352623928244,1386.2345764453364,9966.703783029505
2025-01-18 12:35:00+00:00,order,buy,3280.868677639763,0.92312688,scalp_pingpong,ETHUSDT,okx_spot,2.4229264528634564,0.0,-2.4229264528634564,1383.811649992473,9964.280856576643
2025-01-18 13:10:00+00:00,order,sell,3299.431315450372,0.92312688,scalp_pingpong,ETHUSDT,okx_spot,3.0457937360059977,-17.651400273197787,31.741276463869355,1415.5529264563422,9978.370732767313
2025-01-18 16:50:00+00:00,order,buy,3267.9886239208145,0.87164518,scalp_pingpong,ETHUSDT,okx_spot,2.2788212258683287,0.0,-2.2788212258683287,1413.2741052304739,9976.091911541445
2025-01-18 17:10:00+00:00,order,sell,3277.801229178143,0.87164518,scalp_pingpong,ETHUSDT,okx_spot,2.8570796424112035,-15.551221418403568,21.247251851785393,1434.5213570822593,9981.787941974826
2025-01-19 04:30:00+00:00,order,buy,3290.2786336391573,1.03802687,scalp_pingpong,ETHUSDT,okx_spot,2.732318105203465,0.0,-2.732318105203465,1431.789038977056,9979.055623869623
2025-01-19 05:00:00+00:00,order,sell,3283.15,1.03802687,scalp_pingpong,ETHUSDT,okx_spot,3.4079979182405,-0.0,-10.807711182071518,1420.9813277949845,9968.247912687551
2025-01-19 08:25:00+00:00,order,buy,3238.7686041519214,0.50818395,scalp_pingpong,ETHUSDT,okx_spot,1.316712177915128,0.0,-1.316712177915128,1419.6646156170693,9966.931200509638
2025-01-19 08:40:00+00:00,order,sell,3235.85,0.50818395,scalp_pingpong,ETHUSDT,okx_spot,1.6444070346075002,-0.0,-3.1275948210173716,1416.537020796052,9963.80360568862
2025-01-19 09:15:00+00:00,order,buy,3169.2285392745903,0.56798628,scalp_pingpong,ETHUSDT,okx_spot,1.4400626627939266,0.0,-1.4400626627939266,1415.096958133258,9962.363543025825
2025-01-19 09:35:00+00:00,order,sell,3189.3014420462982,0.56798628,scalp_pingpong,ETHUSDT,okx_spot,1.8114794618665124,-3.0168262093126454,12.606480121550254,1427.7034382548084,9971.953196938062
2025-01-19 14:30:00+00:00,order,buy,3324.6020848291037,1.19010547,scalp_pingpong,ETHUSDT,okx_spot,3.165301701382816,0.0,-3.165301701382816,1424.5381365534256,9968.787895236681
2025-01-19 21:30:00+00:00,order,sell,3286.991463079696,1.19010547,scalp_pingpong,ETHUSDT,okx_spot,3.911866520054449,-42.76223075624948,-5.91024243787588,1418.6278941155497,9920.115422042554
2025-01-19 21:40:00+00:00,order,buy,3253.838609747003,1.20712774,scalp_pingpong,ETHUSDT,okx_spot,3.1422390778469134,0.0,-3.1422390778469134,1415.4856550377028,9916.973182964708
2025-01-19 22:15:00+00:00,order,sell,3282.6114633159696,1.20712774,scalp_pingpong,ETHUSDT,okx_spot,3.962531357010699,-29.093544943298976,59.86352328834582,1475.3491783260486,9947.743161309754
2025-01-20 07:30:00+00:00,order,buy,3371.128581275009,1.17104602,scalp_pingpong,ETHUSDT,okx_spot,3.158197366408276,0.0,-3.158197366408276,1472.1909809596402,9944.584963943347
2025-01-20 09:40:00+00:00,order,sell,3372.111339225396,1.17104602,scalp_pingpong,ETHUSDT,okx_spot,3.9488975627967697,-20.846187450569957,18.048144674197548,1490.2391256338378,9941.786921166973
2025-01-20 15:45:00+00:00,order,buy,3338.588542818303,0.61786061,scalp_pingpong,ETHUSDT,okx_spot,1.6502258828837821,0.0,-1.6502258828837821,1488.588899750954,9940.13669528409
2025-01-20 15:55:00+00:00,order,sell,3340.53,0.61786061,scalp_pingpong,ETHUSDT,okx_spot,2.0639819035233002,-0.0,-0.8644319849507709,1487.7244677660033,9939.272263299139
2025-01-20 17:15:00+00:00,order,buy,3315.0285859653463,1.18884773,scalp_pingpong,ETHUSDT,okx_spot,3.1528513674480094,0.0,-3.1528513674480094,1484.5716163985553,9936.119411931692
2025-01-20 17:35:00+00:00,order,sell,3314.63,1.18884773,scalp_pingpong,ETHUSDT,okx_spot,3.9405903512899,-0.0,-4.414448371401621,1480.1571680271536,9931.704963560289
2025-01-20 17:45:00+00:00,order,buy,3229.741580095114,1.22920564,scalp_pingpong,ETHUSDT,okx_spot,3.176013252796341,0.0,-3.176013252796341,1476.9811547743573,9928.528950307493
2025-01-20 17:50:00+00:00,order,sell,3316.8514445411392,1.18884773,scalp_pingpong,ETHUSDT,okx_spot,3.9432313105899546,-82.51963827875421,182.13677157542926,1659.1179263497866,10031.661655673593
2025-01-20 22:15:00+00:00,order,sell,3294.6014675312776,0.04035791,scalp_pingpong,ETHUSDT,okx_spot,0.13296322951249523,-0.24704963569522478,2.7316959059415575,1661.849622255728,10030.630729874414
2025-01-21 00:00:00+00:00,order,buy,3270.1885763970135,1.22597619,scalp_pingpong,ETHUSDT,okx_spot,3.2073386651781877,0.0,-3.2073386651781877,1658.6422835905498,10027.423391209237
2025-01-21 00:20:00+00:00,order,sell,3268.69,1.22597619,scalp_pingpong,ETHUSDT,okx_spot,4.0073361124910996,-0.0,-5.844555094125678,1652.797728496424,10021.57883611511
2025-01-21 14:40:00+00:00,order,buy,3285.809999999,0.95527084,scalp_pingpong,ETHUSDT,okx_spot,2.5110707830235555,0.0,-2.5110707830235555,1650.2866577134005,10019.067765332087
2025-01-21 15:00:00+00:00,order,sell,3289.02,0.95527084,scalp_pingpong,ETHUSDT,okx_spot,3.1419048981768,-0.0,-0.07548550082152428,1650.211172212579,10018.992279831264
2025-01-23 04:50:00+00:00,order,buy,3193.040091709187,0.74953971,scalp_pingpong,ETHUSDT,okx_spot,1.9146482754864618,0.0,-1.9146482754864618,1648.2965239370924,10017.077631555778
2025-01-23 09:35:00+00:00,order,sell,3207.3813071693817,0.74953971,scalp_pingpong,ETHUSDT,okx_spot,2.404059654835159,-1.604994754759422,9.950245577006,1658.2467695140983,10025.422882378025
2025-01-23 15:15:00+00:00,order,buy,3230.8686217108375,1.23632901,scalp_pingpong,ETHUSDT,okx_spot,3.1955332836158594,0.0,-3.1955332836158594,1655.0512362304826,10022.22734909441
2025-01-23 18:45:00+00:00,order,sell,3240.9112180552306,1.23632901,scalp_pingpong,ETHUSDT,okx_spot,4.006832557716117,-1.1265653161173976,9.535685954694513,1664.5869221851772,10030.636469732985
2025-01-23 19:30:00+00:00,order,buy,3213.1364166076905,0.63497893,scalp_pingpong,ETHUSDT,okx_spot,1.6322191390092686,0.0,-1.6322191390092686,1662.9547030461679,10029.004250593976
2025-01-23 19:50:00+00:00,order,sell,3206.01,0.63497893,scalp_pingpong,ETHUSDT,okx_spot,2.0357487993693004,-0.0,-6.560873191654834,1656.3938298545131,10022.44337740232
2025-01-23 19:55:00+00:00,order,buy,3195.099999999,0.57822962,scalp_pingpong,ETHUSDT,okx_spot,1.4780011670891375,0.0,-1.4780011670891375,1654.915828687424,10020.965376235232
2025-01-23 20:00:00+00:00,order,sell,3209.311368003046,0.57822962,scalp_pingpong,ETHUSDT,okx_spot,1.8557188927820814,-8.217433920081517,14.579148947959123,1669.494977635383,10027.327091263109
2025-01-23 21:00:00+00:00,order,buy,3240.3952865155943,1.23535271,scalp_pingpong,ETHUSDT,okx_spot,3.202424878934613,0.0,-3.202424878934613,1666.2925527564485,10024.124666384174
2025-01-23 21:00:00+00:00,order,sell,3240.141466412068,0.05674931,scalp_pingpong,ETHUSDT,okx_spot,0.183875792521273,-2.556072140273039,2.3577922320124127,1668.6503449884608,10023.627233238909
2025-01-23 21:30:00+00:00,order,sell,3241.9610791549353,1.1786034,scalp_pingpong,ETHUSDT,okx_spot,3.8209863505596764,-6.672167139675664,4.696629317538354,1673.346974305999,10021.950848653778
2025-01-24 13:15:00+00:00,order,buy,3399.734856453001,0.53715154,scalp_pingpong,ETHUSDT,okx_spot,1.4609382509883269,0.0,-1.4609382509883269,1671.8860360550107,10020.48991040279
2025-01-24 13:35:00+00:00,order,sell,3397.37,0.53715154,scalp_pingpong,ETHUSDT,okx_spot,1.8249025274497999,-0.0,-3.095188813058363,1668.7908472419524,10017.394721589731
2025-01-24 19:50:00+00:00,order,buy,3367.669999999,0.62482369,scalp_pingpong,ETHUSDT,okx_spot,1.6833599968813404,0.0,-1.6833599968813404,1667.107487245071,10015.71136159285
2025-01-24 20:20:00+00:00,order,sell,3362.32,0.62482369,scalp_pingpong,ETHUSDT,okx_spot,2.1008571893608,-0.0,-5.443663930235976,1661.663823314835,10010.267697662614
2025-01-27 06:20:00+00:00,order,buy,3104.459999999,0.83300759,scalp_pingpong,ETHUSDT,okx_spot,2.0688309942804537,0.0,-2.0688309942804537,1659.5949923205546,10008.198866668334
2025-01-27 06:40:00+00:00,order,sell,3105.17,0.83300759,scalp_pingpong,ETHUSDT,okx_spot,2.5866301782403003,-0.0,-1.9951947885072219,1657.5997975320474,10006.203671879826
2025-01-27 07:25:00+00:00,order,buy,3027.4885524097767,1.30680898,scalp_pingpong,ETHUSDT,okx_spot,3.1650793817090377,0.0,-3.1650793817090377,1654.4347181503383,10003.038592498118
2025-01-27 07:40:00+00:00,order,sell,3077.101373397022,1.30680898,scalp_pingpong,ETHUSDT,okx_spot,4.021183707125562,-21.145964063961546,81.95926034610075,1736.393978496439,10063.851888780257
2025-01-27 17:05:00+00:00,order,buy,3080.403001106496,1.01281862,scalp_pingpong,ETHUSDT,okx_spot,2.495911613299632,0.0,-2.495911613299632,1733.8980668831396,10061.355977166957
2025-01-27 17:25:00+00:00,order,sell,3086.6212510958967,1.01281862,scalp_pingpong,ETHUSDT,okx_spot,3.1261874759976194,-6.604844535619671,9.776616432701772,1743.6746833158413,10064.527749064038
2025-01-27 21:30:00+00:00,order,buy,3165.678645219109,1.26558035,scalp_pingpong,ETHUSDT,okx_spot,3.205136550243141,0.0,-3.205136550243141,1740.4695467655981,10061.322612513795
2025-01-27 22:15:00+00:00,order,sell,3164.631083814259,1.26558035,scalp_pingpong,ETHUSDT,okx_spot,4.00509491467453,-0.15324129602896405,-5.177626748042131,1735.291920017556,10055.991744469724
2025-01-28 21:40:00+00:00,order,buy,3070.379999999,0.53280008,scalp_pingpong,ETHUSDT,okx_spot,1.3087189677038937,0.0,-1.3087189677038937,1733.9832010498521,10054.683025502021
2025-01-28 21:55:00+00:00,order,sell,3065.82,0.53280008,scalp_pingpong,ETHUSDT,okx_spot,1.6334691412656002,-0.0,-4.063037505532797,1729.9201635443194,10050.619987996488
2025-01-29 13:25:00+00:00,order,buy,3093.819344111324,0.6325762,scalp_pingpong,ETHUSDT,okx_spot,1.5656611873475472,0.0,-1.5656611873475472,1728.3545023569718,10049.05432680914
2025-01-29 13:30:00+00:00,order,sell,3101.071280124087,0.53280008,scalp_pingpong,ETHUSDT,okx_spot,1.652251026135816,-25.569757889416017,27.781338951035302,1756.135841308007,10051.9894779086
2025-01-29 14:40:00+00:00,order,sell,3099.4614477332457,0.09977612,scalp_pingpong,ETHUSDT,okx_spot,0.30925223734440604,-0.7384877372060541,0.9921827078950407,1757.1280240159022,10051.519602841448
2025-01-29 14:45:00+00:00,order,buy,3082.9986732123803,0.54284542,scalp_pingpong,ETHUSDT,okx_spot,1.338873367695534,0.0,-1.338873367695534,1755.7891506482067,10050.180729473752
2025-01-29 18:05:00+00:00,order,sell,3105.7010825746574,0.54284542,scalp_pingpong,ETHUSDT,okx_spot,1.6859156085646947,-6.997865134494634,17.63584847120722,1773.424999119414,10060.818712810466
2025-01-29 19:10:00+00:00,order,buy,3082.819999999,1.30540462,scalp_pingpong,ETHUSDT,okx_spot,3.2194619765016763,0.0,-3.2194619765016763,1770.2055371429124,10057.599250833964
2025-01-29 19:20:00+00:00,order,sell,3069.221339259816,1.30540462,scalp_pingpong,ETHUSDT,okx_spot,4.006575716072351,-2.247044222351157,-19.51128604846488,1750.6942510944475,10035.840920563147
2025-01-29 19:25:00+00:00,order,buy,3058.7885847358875,0.98062523,scalp_pingpong,ETHUSDT,okx_spot,2.3996202075424033,0.0,-2.3996202075424033,1748.294630886905,10033.441300355606
2025-01-29 19:40:00+00:00,order,sell,3135.2814589457944,0.98062523,scalp_pingpong,ETHUSDT,okx_spot,3.074536101793455,-26.05664304015514,97.99294930381271,1846.2875801907178,10105.377606619262
2025-01-29 20:15:00+00:00,order,buy,3100.3097451886724,1.29896268,scalp_pingpong,ETHUSDT,okx_spot,3.221749324352316,0.0,-3.221749324352316,1843.0658308663656,10102.15585729491
2025-01-30 00:10:00+00:00,order,sell,3104.1602369308685,1.29896268,scalp_pingpong,ETHUSDT,okx_spot,4.032188300513156,-1.4421563391556205,2.4116131114032306,1845.4774439777689,10103.125314067158
2025-01-30 14:30:00+00:00,order,buy,3245.5786118618043,0.54060256,scalp_pingpong,ETHUSDT,okx_spot,1.4036544850029902,0.0,-1.4036544850029902,1844.0737894927659,10101.721659582154
2025-01-30 20:40:00+00:00,order,sell,3240.81,0.54060256,scalp_pingpong,ETHUSDT,okx_spot,1.7519901824736,-0.0,-4.32991396261138,1839.7438755301546,10097.391745619543
2025-01-31 23:45:00+00:00,order,buy,3286.4902504093407,0.53813191,scalp_pingpong,ETHUSDT,okx_spot,1.4148522205193257,0.0,-1.4148522205193257,1838.3290233096352,10095.976893399024
2025-02-01 03:05:00+00:00,order,sell,3301.401340281466,0.53813191,scalp_pingpong,ETHUSDT,okx_spot,1.7765894089222254,-0.31283775602526576,6.560381620171668,1844.889404929807,10102.22443726317
2025-02-02 03:20:00+00:00,order,buy,3083.5185480755754,0.56548793,scalp_pingpong,ETHUSDT,okx_spot,1.39495401669429,0.0,-1.39495401669429,1843.4944509131126,10100.829483246476
2025-02-02 03:45:00+00:00,order,sell,3087.2914099990135,0.56548793,scalp_pingpong,ETHUSDT,okx_spot,1.7458260287471232,-1.1374280767233145,1.525109927237024,1845.0195608403496,10101.21716509699
2025-02-02 16:55:00+00:00,order,buy,3013.183308465266,0.68139568,scalp_pingpong,ETHUSDT,okx_spot,1.6425360715490716,0.0,-1.6425360715490716,1843.3770247688005,10099.574629025443
2025-02-02 17:25:00+00:00,order,sell,3009.4114345583203,0.68139568,scalp_pingpong,ETHUSDT,okx_spot,2.050599950850642,-8.211795445842041,3.591056909294049,1846.9680816780947,10094.953890488894
2025-02-02 17:35:00+00:00,order,buy,2998.738537573984,0.83626072,scalp_pingpong,ETHUSDT,okx_spot,2.0061817988186936,0.0,-2.0061817988186936,1844.961899879276,10092.947708690077
2025-02-02 18:40:00+00:00,order,sell,2928.8614387572998,0.83626072,scalp_pingpong,ETHUSDT,okx_spot,2.4492917755554156,14.541370744584592,-75.42613548809169,1769.5357643911843,10032.062943946568
2025-02-02 21:40:00+00:00,order,buy,2909.188664226764,1.37282125,scalp_pingpong,ETHUSDT,okx_spot,3.1950368148076933,0.0,-3.1950368148076933,1766.3407275763766,10028.86790713176
2025-02-02 22:00:00+00:00,order,sell,2926.701266146708,1.37282125,scalp_pingpong,ETHUSDT,okx_spot,4.017837690568107,-25.687223780606516,45.711058148528075,1812.0517857249047,10048.891741499683
2025-02-02 22:40:00+00:00,order,buy,2843.0685321472397,1.40998488,scalp_pingpong,ETHUSDT,okx_spot,3.206946914505122,0.0,-3.206946914505122,1808.8448388103996,10045.684794585179
2025-02-02 22:45:00+00:00,order,sell,2858.081415013053,1.40998488,scalp_pingpong,ETHUSDT,okx_spot,4.02985158097741,-21.433765323009826,38.57185158804046,1847.41669039844,10062.82288085021
2025-02-02 23:10:00+00:00,order,buy,2819.199999999,1.4277558,scalp_pingpong,ETHUSDT,okx_spot,3.2201033210868575,0.0,-3.2201033210868575,1844.1965870773533,10059.602777529122
2025-02-02 23:25:00+00:00,order,sell,2811.541452774175,1.4277558,scalp_pingpong,ETHUSDT,okx_spot,4.014194616138754,-7.326461460754673,-7.622268375201544,1836.5743187021517,10044.654047693166
2025-02-03 01:55:00+00:00,order,buy,2492.4485288554574,1.56669875,scalp_pingpong,ETHUSDT,okx_spot,3.1239327956777476,0.0,-3.1239327956777476,1833.450385906474,10041.530114897489
2025-02-03 02:00:00+00:00,order,sell,2474.941469110137,1.56669875,scalp_pingpong,ETHUSDT,okx_spot,3.877487705978015,27.13292069698517,-58.43869702213201,1775.011688884342,10010.224338572341
2025-02-03 08:10:00+00:00,order,buy,2589.999999999,1.54598059,scalp_pingpong,ETHUSDT,okx_spot,3.2032717824787635,0.0,-3.2032717824787635,1771.8084171018631,10007.021066789863
2025-02-03 08:20:00+00:00,order,sell,2570.69,1.54598059,scalp_pingpong,ETHUSDT,okx_spot,3.9742368429071004,-0.0,-33.827122034261166,1737.9812950676019,9973.193944755603
2025-02-03 08:25:00+00:00,order,buy,2560.5471448596154,1.55314854,scalp_pingpong,ETHUSDT,okx_spot,3.1815280477119043,0.0,-3.1815280477119043,1734.79976701989,9970.012416707892
2025-02-03 12:25:00+00:00,order,sell,2619.0,1.55314854,scalp_pingpong,ETHUSDT,okx_spot,4.06769602626,-0.0,86.71827059385978,1821.5180376137498,10056.730687301751
2025-02-03 14:10:00+00:00,order,buy,2541.999999999,1.58249106,scalp_pingpong,ETHUSDT,okx_spot,3.218153819614734,0.0,-3.218153819614734,1818.299883794135,10053.512533482137
2025-02-03 14:25:00+00:00,order,sell,2556.5814191779295,1.58249106,scalp_pingpong,ETHUSDT,okx_spot,4.045767240011186,-30.97159588058571,50.00079413334309,1868.300677927478,10072.541731734895
2025-02-03 20:10:00+00:00,order,buy,2717.999999999,0.9566757,scalp_pingpong,ETHUSDT,okx_spot,2.080195642079235,0.0,-2.080195642079235,1866.220482285399,10070.461536092815
2025-02-03 20:40:00+00:00,order,sell,2721.03,0.9566757,scalp_pingpong,ETHUSDT,okx_spot,2.603143279971,-0.0,0.2955840919859658,1866.516066377385,10070.7571201848
2025-02-04 05:10:00+00:00,order,buy,2716.188555377585,1.46691241,scalp_pingpong,ETHUSDT,okx_spot,3.1875285598266814,0.0,-3.1875285598266814,1863.3285378175583,10067.569591624973
2025-02-04 05:55:00+00:00,order,sell,2700.72,1.46691241,scalp_pingpong,ETHUSDT,okx_spot,3.9617196839351996,-0.0,-26.65273553208732,1836.675802285471,10040.916856092887
2025-02-04 14:00:00+00:00,order,buy,2795.909999999,0.8581569,scalp_pingpong,ETHUSDT,okx_spot,1.9194635666225135,0.0,-1.9194635666225135,1834.7563387188486,10038.997392526264
2025-02-04 14:10:00+00:00,order,sell,2797.87,0.8581569,scalp_pingpong,ETHUSDT,okx_spot,2.401011445803,-0.0,-0.7190239209448133,1834.0373147979037,10038.278368605319
2025-02-04 15:20:00+00:00,order,buy,2756.919999999,1.45644826,scalp_pingpong,ETHUSDT,okx_spot,3.212249069566195,0.0,-3.212249069566195,1830.8250657283374,10035.066119535753
2025-02-04 15:55:00+00:00,order,sell,2789.17,1.45644826,scalp_pingpong,ETHUSDT,okx_spot,4.0622817933442,-0.0,42.908174593112165,1873.7332403214496,10077.974294128864
2025-02-04 19:55:00+00:00,order,buy,2771.30860567344,1.4469817,scalp_pingpong,ETHUSDT,okx_spot,3.2080262699695874,0.0,-3.2080262699695874,1870.52521405148,10074.766267858895
2025-02-04 20:00:00+00:00,order,sell,2780.4813553215054,1.4469817,scalp_pingpong,ETHUSDT,okx_spot,4.023305638341416,-4.733591284415822,13.983086525506405,1884.5083005769864,10084.015763099986
2025-02-05 06:10:00+00:00,order,buy,2763.0456861882617,0.83988493,scalp_pingpong,ETHUSDT,okx_spot,1.8565123461848243,0.0,-1.8565123461848243,1882.6517882308015,10082.1592507538
2025-02-05 08:00:00+00:00,order,sell,2771.1813923866225,0.83988493,scalp_pingpong,ETHUSDT,okx_spot,2.327473489761941,-10.037794358040973,14.543377899189855,1897.1951661299913,10086.66483429495
2025-02-05 15:15:00+00:00,order,buy,2773.5786456475666,0.65094753,scalp_pingpong,ETHUSDT,okx_spot,1.4443633349160232,0.0,-1.4443633349160232,1895.7508027950753,10085.220470960034
2025-02-05 15:45:00+00:00,order,sell,2773.56,0.65094753,scalp_pingpong,ETHUSDT,okx_spot,1.8054420313068003,-0.0,-1.8175793695355404,1893.9332234255398,10083.402891590498
2025-02-05 22:25:00+00:00,order,buy,2756.599999999,1.46316519,scalp_pingpong,ETHUSDT,okx_spot,3.2266889302020294,0.0,-3.2266889302020294,1890.7065344953378,10080.176202660297
2025-02-05 22:40:00+00:00,order,sell,2751.8009751782984,1.46316519,scalp_pingpong,ETHUSDT,okx_spot,4.0263393966889405,-5.444401353740308,-5.603704106545119,1885.1028303887927,10069.128097200011
2025-02-06 14:30:00+00:00,order,buy,2761.189079385066,1.16894473,scalp_pingpong,ETHUSDT,okx_spot,2.58214193830458,0.0,-2.58214193830458,1882.520688450488,10066.545955261707
2025-02-06 14:35:00+00:00,order,sell,2759.801345864823,1.16894473,scalp_pingpong,ETHUSDT,okx_spot,3.226055239095592,-9.131031582892284,4.282792558664072,1886.8034810091522,10061.697716237479
2025-02-06 14:45:00+00:00,order,buy,2750.549999999,0.58667881,scalp_pingpong,ETHUSDT,okx_spot,1.2909515206759308,0.0,-1.2909515206759308,1885.5125294884763,10060.406764716801
2025-02-06 14:50:00+00:00,order,sell,2759.99,0.58667881,scalp_pingpong,ETHUSDT,okx_spot,1.6192276488119,-0.0,3.9190203181746464,1889.431549806651,10064.325785034976
2025-02-06 16:30:00+00:00,order,buy,2704.3887683796447,1.41231179,scalp_pingpong,ETHUSDT,okx_spot,3.055552113860921,0.0,-3.055552113860921,1886.3759976927902,10061.270232921115
2025-02-06 17:15:00+00:00,order,sell,2704.59,1.41231179,scalp_pingpong,ETHUSDT,okx_spot,3.8197243441161,-0.0,-3.5355225541672617,1882.8404751386229,10057.734710366949
2025-02-07 02:10:00+00:00,order,buy,2720.675224583152,0.74141452,scalp_pingpong,ETHUSDT,okx_spot,1.613718492568168,0.0,-1.613718492568168,1881.2267566460548,10056.12099187438
2025-02-07 02:40:00+00:00,order,sell,2722.9111726532083,0.74141452,scalp_pingpong,ETHUSDT,okx_spot,2.0188058800753153,-0.8979809913156697,0.536939476345904,1881.7636961224007,10055.75995035941
2025-02-07 06:35:00+00:00,order,buy,2678.073302091303,0.78021421,scalp_pingpong,ETHUSDT,okx_spot,1.671576676570606,0.0,-1.671576676570606,1880.0921194458301,10054.08837368284
2025-02-07 06:45:00+00:00,order,sell,2683.861422305982,0.78021421,scalp_pingpong,ETHUSDT,okx_spot,2.093986819353938,-3.870972184938178,6.292959006265081,1886.3850784520953,10056.510360504166
2025-02-07 15:10:00+00:00,order,buy,2741.6285823048984,1.41544855,scalp_pingpong,ETHUSDT,okx_spot,3.1045073611696195,0.0,-3.1045073611696195,1883.2805710909256,10053.405853142996
2025-02-07 17:10:00+00:00,order,sell,2686.811357279671,1.41544855,scalp_pingpong,ETHUSDT,okx_spot,3.803043239785042,10.27423531345793,-91.66824023022478,1791.612330860701,9972.01184822623
2025-02-07 20:35:00+00:00,order,buy,2612.698637060488,0.77742698,scalp_pingpong,ETHUSDT,okx_spot,1.6249459288480412,0.0,-1.6249459288480412,1789.9873849318528,9970.386902297381
2025-02-07 21:10:00+00:00,order,sell,2602.7412747965195,0.77742698,scalp_pingpong,ETHUSDT,okx_spot,2.023441288986408,-2.5120802066081147,-7.2524831560213485,1782.7349017758315,9960.622338934752
2025-02-09 13:55:00+00:00,order,buy,2612.336844991322,0.80103442,scalp_pingpong,ETHUSDT,okx_spot,1.674057383577803,0.0,-1.674057383577803,1781.0608443922538,9958.948281551175
2025-02-09 16:35:00+00:00,order,sell,2654.910708989349,0.80103442,scalp_pingpong,ETHUSDT,okx_spot,2.126674859927072,-0.16878515307221387,32.145240747963854,1813.2060851402177,9990.924737146066
2025-02-09 21:25:00+00:00,order,buy,2622.738676589212,0.60919693,scalp_pingpong,ETHUSDT,okx_spot,1.2782114799763287,0.0,-1.2782114799763287,1811.9278736602414,9989.646525666089
2025-02-09 21:45:00+00:00,order,sell,2563.19,0.60919693,scalp_pingpong,ETHUSDT,okx_spot,1.5614874790067,-0.0,-37.838358442717436,1774.089515217524,9951.808167223371
2025-02-09 22:00:00+00:00,order,buy,2544.029182665081,1.52389219,scalp_pingpong,ETHUSDT,okx_spot,3.1014609620763203,0.0,-3.1014609620763203,1770.9880542554477,9948.706706261295
2025-02-09 22:05:00+00:00,order,sell,2554.851410812513,0.60919693,scalp_pingpong,ETHUSDT,okx_spot,1.5564076360731518,-8.962146302951938,13.99860683005414,1784.9866610855017,9963.642207577492
2025-02-09 22:30:00+00:00,order,sell,2598.011375929133,0.91469526,scalp_pingpong,ETHUSDT,okx_spot,2.3763886909884557,-6.266921086856193,53.26778869889999,1838.2544497844017,10000.74403440044
2025-02-10 01:55:00+00:00,order,buy,2575.088769631159,1.55134477,scalp_pingpong,ETHUSDT,okx_spot,3.1958803960424267,0.0,-3.1958803960424267,1835.0585693883593,9997.548154004398
2025-02-10 02:30:00+00:00,order,sell,2578.360958261526,1.55134477,scalp_pingpong,ETHUSDT,okx_spot,3.9999267877712064,-10.16279483750653,11.239160767908686,1846.297730156268,9998.624519934801
2025-02-11 06:15:00+00:00,order,buy,2706.8,0.64001503,scalp_pingpong,ETHUSDT,okx_spot,1.3859141465632001,0.0,-1.3859141465632001,1844.9118160097048,9997.238605788238
2025-02-11 09:45:00+00:00,order,sell,2717.1212346158254,0.64001503,scalp_pingpong,ETHUSDT,okx_spot,1.7389984284862847,-6.663346634984519,11.530093488782722,1856.4419094984876,10002.105352642036
2025-02-11 10:00:00+00:00,order,buy,2700.1886657889536,0.64186014,scalp_pingpong,ETHUSDT,okx_spot,1.3865147800397688,0.0,-1.3865147800397688,1855.0553947184478,10000.718837861998
2025-02-11 10:25:00+00:00,order,sell,2699.31,0.64186014,scalp_pingpong,ETHUSDT,okx_spot,1.7325794945033999,-0.0,-2.296560040814486,1852.7588346776333,9998.422277821182
2025-02-11 13:55:00+00:00,order,buy,2634.57856513457,0.7262904,scalp_pingpong,ETHUSDT,okx_spot,1.5307752959224104,0.0,-1.5307752959224104,1851.2280593817109,9996.891502525259
2025-02-11 17:05:00+00:00,order,sell,2643.61,0.7262904,scalp_pingpong,ETHUSDT,okx_spot,1.9200285643440003,-0.0,4.6394158766431355,1855.867475258354,10001.530918401902
2025-02-12 13:40:00+00:00,order,buy,2570.289999999,1.55648287,scalp_pingpong,ETHUSDT,okx_spot,3.200489884744595,0.0,-3.200489884744595,1852.6669853736094,9998.330428517158
2025-02-12 14:30:00+00:00,order,sell,2578.4014277840183,1.55648287,scalp_pingpong,ETHUSDT,okx_spot,4.013237654329367,-12.718687369266553,21.330748113560233,1873.9977334871696,10006.942489261452
2025-02-12 17:40:00+00:00,order,buy,2663.001279432207,0.86739522,scalp_pingpong,ETHUSDT,okx_spot,1.8478996645067047,0.0,-1.8478996645067047,1872.149833822663,10005.094589596945
2025-02-12 18:10:00+00:00,order,sell,2663.79144471616,0.86739522,scalp_pingpong,ETHUSDT,okx_spot,2.3105599662236918,-3.5142037808917914,1.889029404979043,1874.038863227642,10003.469415221032
2025-02-13 06:40:00+00:00,order,buy,2693.709999999,0.6632825,scalp_pingpong,ETHUSDT,okx_spot,1.4293525624594696,0.0,-1.4293525624594696,1872.6095106651826,10002.040062658572
2025-02-13 06:50:00+00:00,order,sell,2689.001391389411,0.6632825,scalp_pingpong,ETHUSDT,okx_spot,1.7835675653842469,-2.256083384246966,-2.6506218712271146,1869.9588887939556,9997.133357403098
2025-02-13 11:45:00+00:00,order,buy,2659.053772221777,0.78141626,scalp_pingpong,ETHUSDT,okx_spot,1.662262283062746,0.0,-1.662262283062746,1868.2966265108928,9995.471095120034
2025-02-13 12:50:00+00:00,order,sell,2660.310831076349,0.78141626,scalp_pingpong,ETHUSDT,okx_spot,2.0788101400571724,-0.4694991725724846,-0.6270247387450203,1867.6696017721479,9994.374571208717
2025-02-13 14:15:00+00:00,order,buy,2633.884296520722,0.83878243,scalp_pingpong,ETHUSDT,okx_spot,1.767404696459593,0.0,-1.767404696459593,1865.9021970756883,9992.607166512258
2025-02-13 14:40:00+00:00,order,sell,2643.4113767829017,0.83878243,scalp_pingpong,ETHUSDT,okx_spot,2.217247018107608,-14.67984734630799,20.45374786131657,1886.3559449370048,9998.381067027265
2025-02-15 14:50:00+00:00,order,buy,2685.2494740733405,0.82493428,scalp_pingpong,ETHUSDT,okx_spot,1.772123473212056,0.0,-1.772123473212056,1884.5838214637927,9996.608943554053
2025-02-15 15:35:00+00:00,order,sell,2691.960888277637,0.82493428,scalp_pingpong,ETHUSDT,okx_spot,2.220690817159473,-4.603866053072802,7.919650880316356,1892.503472344109,9999.924728381297
2025-02-16 23:10:00+00:00,order,buy,2660.8794664466536,0.71772845,scalp_pingpong,ETHUSDT,okx_spot,1.5278311160716669,0.0,-1.5278311160716669,1890.9756412280374,9998.396897265226
2025-02-16 23:50:00+00:00,order,sell,2660.51,0.71772845,scalp_pingpong,ETHUSDT,okx_spot,1.9095237185095,-0.0,-2.174700298593062,1888.8009409294443,9996.222196966632
2025-02-17 15:40:00+00:00,order,buy,2776.488598371041,1.1285679,scalp_pingpong,ETHUSDT,okx_spot,2.5067647254700396,0.0,-2.5067647254700396,1886.2941762039743,9993.715432241162
2025-02-17 15:45:00+00:00,order,sell,2768.4114508548714,0.71772845,scalp_pingpong,ETHUSDT,okx_spot,1.986967659584318,-78.4559381893181,70.67177196253198,1956.9659481665062,9982.612855171265
2025-02-17 18:05:00+00:00,order,sell,2717.091450871803,0.41083945,scalp_pingpong,ETHUSDT,okx_spot,1.1162883572758735,2.020734018626581,-27.53971378605842,1929.4262343804478,9960.412286246945
2025-02-18 00:30:00+00:00,order,buy,2718.5387369592336,0.59816632,scalp_pingpong,ETHUSDT,okx_spot,1.3009106496514822,0.0,-1.3009106496514822,1928.1253237307963,9959.111375597293
2025-02-18 00:55:00+00:00,order,sell,2721.01,0.59816632,scalp_pingpong,ETHUSDT,okx_spot,1.6276165383832002,-0.0,-0.14939021953578124,1927.9759335112606,9958.961985377757
2025-02-18 16:30:00+00:00,order,buy,2656.5486819599546,0.62804841,scalp_pingpong,ETHUSDT,okx_spot,1.3347529406340362,0.0,-1.3347529406340362,1926.6411805706266,9957.627232437122
2025-02-18 19:55:00+00:00,order,sell,2638.85,0.62804841,scalp_pingpong,ETHUSDT,okx_spot,1.6573255467285002,-0.0,-12.772954610773652,1913.868225959853,9944.854277826349
2025-02-19 14:55:00+00:00,order,buy,2690.7986308677077,0.76720064,scalp_pingpong,ETHUSDT,okx_spot,1.6515059453702634,0.0,-1.6515059453702634,1912.2167200144827,9943.202771880979
2025-02-19 15:40:00+00:00,order,sell,2710.17,0.76720064,scalp_pingpong,ETHUSDT,okx_spot,2.0792441585088,-0.0,12.78248263746218,1924.9992026519449,9955.98525451844
2025-02-21 14:40:00+00:00,order,buy,2781.139999999,1.32713508,scalp_pingpong,ETHUSDT,okx_spot,2.952758765111898,0.0,-2.952758765111898,1922.046443886833,9953.032495753328
2025-02-21 15:10:00+00:00,order,sell,2827.8213466359043,1.32713508,scalp_pingpong,ETHUSDT,okx_spot,3.7529009090933485,-8.269838716148417,66.46939051053103,1988.515834397364,10011.23204754771
2025-02-21 15:30:00+00:00,order,buy,2753.2785489920693,1.43576524,scalp_pingpong,ETHUSDT,okx_spot,3.1624493093443604,0.0,-3.1624493093443604,1985.3533850880196,10008.069598238366
2025-02-21 15:45:00+00:00,order,sell,2712.6114481391687,1.43576524,scalp_pingpong,ETHUSDT,okx_spot,3.8946732268642816,17.49989908771914,-79.78298213075252,1905.570402957267,9945.786515195332
2025-02-21 19:25:00+00:00,order,buy,2646.088653627342,1.50172115,scalp_pingpong,ETHUSDT,okx_spot,3.1789498367417632,0.0,-3.1789498367417632,1902.3914531205253,9942.60756535859
2025-02-21 19:40:00+00:00,order,sell,2637.04,1.50172115,scalp_pingpong,ETHUSDT,okx_spot,3.960098741396,-0.0,-17.548653272599726,1884.8427998479256,9925.058912085991
2025-02-24 03:35:00+00:00,order,buy,2729.399999999,0.5927569,scalp_pingpong,ETHUSDT,okx_spot,1.294296546287526,0.0,-1.294296546287526,1883.548503301638,9923.764615539703
2025-02-24 03:50:00+00:00,order,sell,2727.91,0.5927569,scalp_pingpong,ETHUSDT,okx_spot,1.616987475079,-0.0,-2.5001952554864744,1881.0483080461515,9921.264420284217
2025-02-24 21:00:00+00:00,order,buy,2637.9287794647935,0.6462805,scalp_pingpong,ETHUSDT,okx_spot,1.3638735444455174,0.0,-1.3638735444455174,1879.684434501706,9919.900546739771
2025-02-24 21:50:00+00:00,order,sell,2646.071141500128,0.6462805,scalp_pingpong,ETHUSDT,okx_spot,1.7101041803642734,-4.37605671427326,7.928202341285962,1887.6126368429918,9923.452692366784
2025-02-24 22:10:00+00:00,order,buy,2566.1785382548087,1.54299928,scalp_pingpong,ETHUSDT,okx_spot,3.167689309502898,0.0,-3.167689309502898,1884.4449475334889,9920.28500305728
2025-02-24 22:50:00+00:00,order,sell,2553.7714396164256,1.54299928,scalp_pingpong,ETHUSDT,okx_spot,3.940467492612709,-2.100700347908395,-20.983911410618376,1863.4610361228704,9897.200391298755
2025-02-25 04:45:00+00:00,order,buy,2489.395834318888,0.72965856,scalp_pingpong,ETHUSDT,okx_spot,1.4531271837912947,0.0,-1.4531271837912947,1862.007908939079,9895.747264114963
2025-02-25 05:00:00+00:00,order,sell,2494.211426637966,0.72965856,scalp_pingpong,ETHUSDT,okx_spot,1.8199227178962039,-1.6135863762037777,3.3074018153931006,1865.3153107544722,9897.441079554153
2025-02-25 07:15:00+00:00,order,buy,2425.389999999,1.63230509,scalp_pingpong,ETHUSDT,okx_spot,3.1671811537867742,0.0,-3.1671811537867742,1862.1481296006855,9894.273898400366
2025-02-25 07:25:00+00:00,order,sell,2389.07,1.63230509,scalp_pingpong,ETHUSDT,okx_spot,3.8996911213663004,-0.0,-63.18501198853353,1798.963117612152,9831.088886411833
2025-02-25 07:30:00+00:00,order,buy,2339.97855244722,1.66164632,scalp_pingpong,ETHUSDT,okx_spot,3.1105734004422803,0.0,-3.1105734004422803,1795.8525442117098,9827.978313011392
2025-02-25 07:35:00+00:00,order,sell,2370.2814580333365,1.63230509,scalp_pingpong,ETHUSDT,okx_spot,3.8690224886804367,-6.0255857373364,51.620150278663566,1847.4726944903732,9874.462002075188
2025-02-25 07:45:00+00:00,order,sell,2381.0114724947675,0.02934122,scalp_pingpong,ETHUSDT,okx_spot,0.06986178143699293,-0.3568324399929257,1.490926592913442,1848.9636210832866,9874.706972115968
2025-02-25 19:20:00+00:00,order,buy,2414.4621500587514,0.78364471,scalp_pingpong,ETHUSDT,okx_spot,1.5136643931110136,0.0,-1.5136643931110136,1847.4499566901757,9873.193308057364
2025-02-25 20:05:00+00:00,order,sell,2466.821354937671,0.78364472,scalp_pingpong,ETHUSDT,okx_spot,1.9331115299801518,-3.6528461849519247,42.75074984657118,1890.2007065367468,9912.291210974146
2025-02-26 08:20:00+00:00,order,buy,2467.100692330649,0.99633236,scalp_pingpong,ETHUSDT,okx_spot,1.9664418041179437,0.0,-1.9664418041179437,1888.2342647326288,9910.324769170029
2025-02-26 09:10:00+00:00,order,sell,2467.4,0.99633236,scalp_pingpong,ETHUSDT,okx_spot,2.4583504650640005,-0.0,-2.1601405484933873,1886.0741241841354,9908.164628621536
2025-02-26 14:10:00+00:00,order,buy,2387.699999999,1.19621382,scalp_pingpong,ETHUSDT,okx_spot,2.284959790410243,0.0,-2.284959790410243,1883.789164393725,9905.879668831127
2025-02-26 14:45:00+00:00,order,sell,2425.6214230863134,1.19621382,scalp_pingpong,ETHUSDT,okx_spot,2.9015618683839155,-17.490348363915107,59.95091686664276,1943.7400812603678,9948.340237333854
2025-02-26 17:40:00+00:00,order,buy,2377.390550370708,0.84094388,scalp_pingpong,ETHUSDT,okx_spot,1.599401626963263,0.0,-1.599401626963263,1942.1406796334045,9946.74083570689
2025-02-26 17:55:00+00:00,order,sell,2370.79,0.84094388,scalp_pingpong,ETHUSDT,okx_spot,1.9937013412652,-0.0,-7.5443937801437135,1934.5962858532607,9939.196441926746
2025-02-26 18:25:00+00:00,order,buy,2308.8485347638693,0.68965016,scalp_pingpong,ETHUSDT,okx_spot,1.2738382091325344,0.0,-1.2738382091325344,1933.3224476441283,9937.922603717614
2025-02-26 18:40:00+00:00,order,sell,2319.7914656288426,0.68965016,scalp_pingpong,ETHUSDT,okx_spot,1.5998445554375658,-31.718021629565687,37.66497109602589,1970.9874187401542,9943.869553184075
2025-02-28 01:35:00+00:00,order,buy,2198.959999999,1.7806226,scalp_pingpong,ETHUSDT,okx_spot,3.132414297995376,0.0,-3.132414297995376,1967.8550044421588,9940.73713888608
2025-02-28 01:55:00+00:00,order,sell,2195.32,1.7806226,scalp_pingpong,ETHUSDT,okx_spot,3.9090364062320004,-0.0,-10.390502668451102,1957.4645017737078,9930.346636217628
2025-02-28 02:40:00+00:00,order,buy,2141.058627580138,1.84345931,scalp_pingpong,ETHUSDT,okx_spot,3.1575635682147425,0.0,-3.1575635682147425,1954.306938205493,9927.189072649413
2025-02-28 02:50:00+00:00,order,sell,2152.4113927148237,1.84345931,scalp_pingpong,ETHUSDT,okx_spot,3.967882820850208,-21.036438140207935,37.996915901137726,1992.3038541066308,9944.149550410342
2025-02-28 20:25:00+00:00,order,buy,2203.989999999,1.4555406,scalp_pingpong,ETHUSDT,okx_spot,2.566397541594035,0.0,-2.566397541594035,1989.7374565650366,9941.583152868749
2025-02-28 20:35:00+00:00,order,sell,2205.2211801345297,1.4555406,scalp_pingpong,ETHUSDT,okx_spot,3.2097889596657216,-7.031978831721672,5.614222545233296,1995.35167911027,9940.16539658226
2025-03-01 10:35:00+00:00,order,buy,2213.782157198178,0.86522893,scalp_pingpong,ETHUSDT,okx_spot,1.5323426937005373,0.0,-1.5323426937005373,1993.8193364165695,9938.63305388856
2025-03-01 10:40:00+00:00,order,sell,2210.0212506493745,0.86522893,scalp_pingpong,ETHUSDT,okx_spot,1.9121743219766203,-3.9897874653201875,-1.1764320057077402,1992.6429044108618,9933.466834417532
2025-03-01 11:20:00+00:00,order,buy,2175.579999999,0.89471966,scalp_pingpong,ETHUSDT,okx_spot,1.5572273583215244,0.0,-1.5572273583215244,1991.0856770525402,9931.90960705921
2025-03-01 12:10:00+00:00,order,sell,2175.51,0.89471966,scalp_pingpong,ETHUSDT,okx_spot,1.9464715675266002,-0.0,-2.0091019428315344,1989.0765751097088,9929.900505116379
2025-03-01 17:15:00+00:00,order,buy,2194.4987168194816,1.09137119,scalp_pingpong,ETHUSDT,okx_spot,1.9160101408230008,0.0,-1.9160101408230008,1987.1605649688859,9927.984494975555
2025-03-01 17:35:00+00:00,order,sell,2198.021106697251,1.09137119,scalp_pingpong,ETHUSDT,okx_spot,2.398856910861296,-5.78547512449609,7.23085304618002,1994.391418015066,9929.429872897239
2025-03-02 13:30:00+00:00,order,buy,2210.5886247371304,0.93564403,scalp_pingpong,ETHUSDT,okx_spot,1.654659239616965,0.0,-1.654659239616965,1992.736758775449,9927.775213657622
2025-03-02 13:50:00+00:00,order,sell,2211.43,0.93564403,scalp_pingpong,ETHUSDT,okx_spot,2.0691112772629,-0.0,-1.2818835355694862,1991.4548752398796,9926.493330122052
2025-03-02 15:50:00+00:00,order,buy,2229.999999999,1.78053692,scalp_pingpong,ETHUSDT,okx_spot,3.1764778652785757,0.0,-3.1764778652785757,1988.278397374601,9923.316852256772
2025-03-02 16:00:00+00:00,order,sell,2234.1114223054124,1.78053692,scalp_pingpong,ETHUSDT,okx_spot,3.9779178708084983,-7.3383445776986145,10.680965917168756,1998.9593632917697,9926.659473596243
2025-03-02 17:00:00+00:00,order,buy,2410.87853927309,1.60725686,scalp_pingpong,ETHUSDT,okx_spot,3.0999208566987626,0.0,-3.0999208566987626,1995.8594424350708,9923.559552739544
2025-03-02 21:50:00+00:00,order,sell,2519.471015993684,1.60725686,scalp_pingpong,ETHUSDT,okx_spot,4.049437074027018,-1.5606721170182891,172.04723819655598,2167.906680631627,10094.046118819082
2025-03-03 00:10:00+00:00,order,buy,2482.5485778406082,0.97962466,scalp_pingpong,ETHUSDT,okx_spot,1.9455726452004718,0.0,-1.9455726452004718,2165.961107986426,10092.100546173882
2025-03-03 00:35:00+00:00,order,sell,2482.66,0.97962466,scalp_pingpong,ETHUSDT,okx_spot,2.4320749583956,-0.0,-2.322923063384945,2163.638184923041,10089.777623110496
2025-03-03 07:00:00+00:00,order,buy,2354.6985631532148,0.95043774,scalp_pingpong,ETHUSDT,okx_spot,1.7903955045956712,0.0,-1.7903955045956712,2161.8477894184452,10087.9872276059
2025-03-03 08:50:00+00:00,order,sell,2345.42,0.95043774,scalp_pingpong,ETHUSDT,okx_spot,2.2291756841508,-0.0,-11.047872277939245,2150.799917140506,10076.93935532796
2025-03-03 08:55:00+00:00,order,buy,2334.799999999,1.72639016,scalp_pingpong,ETHUSDT,okx_spot,3.2246205964530192,0.0,-3.2246205964530192,2147.575296544053,10073.714734731508
2025-03-03 09:00:00+00:00,order,sell,2349.2714015708884,0.95043774,scalp_pingpong,ETHUSDT,okx_spot,2.2328362015556675,-13.754166203667475,25.275496206729642,2172.8507927507826,10096.465183805069
2025-03-03 12:10:00+00:00,order,sell,2369.69,0.77595242,scalp_pingpong,ETHUSDT,okx_spot,1.8387666901498,-0.0,25.23421324442607,2198.0850059952086,10110.470277978997
2025-03-03 14:25:00+00:00,order,buy,2355.299999999,1.02219982,scalp_pingpong,ETHUSDT,okx_spot,1.9260697888359826,0.0,-1.9260697888359826,2196.158936206373,10108.54420819016
2025-03-03 14:40:00+00:00,order,sell,2328.4,1.02219982,scalp_pingpong,ETHUSDT,okx_spot,2.380090060888,-0.0,-29.877265217865848,2166.281670988507,10078.666942972295
2025-03-03 14:45:00+00:00,order,buy,2321.7300981615963,1.73210917,scalp_pingpong,ETHUSDT,okx_spot,3.217191994632561,0.0,-3.217191994632561,2163.064478993874,10075.449750977663
2025-03-03 14:50:00+00:00,order,sell,2327.49,1.02219982,scalp_pingpong,ETHUSDT,okx_spot,2.3791598590518,-0.0,3.508610763382091,2166.573089757256,10083.04736991121
2025-03-03 14:55:00+00:00,order,sell,2302.11,0.70990935,scalp_pingpong,ETHUSDT,okx_spot,1.6342894137285,-0.0,-15.562780546563506,2151.010309210693,10063.395581194482
2025-03-03 15:00:00+00:00,order,buy,2275.189999999,1.48527673,scalp_pingpong,ETHUSDT,okx_spot,2.703429410661772,0.0,-2.703429410661772,2148.3068798000313,10060.69215178382
2025-03-03 15:05:00+00:00,order,sell,2282.7514563215354,0.70990935,scalp_pingpong,ETHUSDT,okx_spot,1.6205466025687747,-5.367948542274578,9.115350482690125,2157.4222302827216,10070.302460302024
2025-03-03 15:30:00+00:00,order,sell,2305.31,0.77536738,scalp_pingpong,ETHUSDT,okx_spot,1.7874621747878001,-0.0,21.566603311587674,2178.988833594309,10086.006157035823
2025-03-03 18:25:00+00:00,order,buy,2212.288570068364,1.62211248,scalp_pingpong,ETHUSDT,okx_spot,2.8708647190953984,0.0,-2.8708647190953984,2176.1179688752136,10083.135292316727
2025-03-03 19:20:00+00:00,order,sell,2179.031384663255,1.62211248,scalp_pingpong,ETHUSDT,okx_spot,3.534634003373946,-32.20117880754649,-25.280350691129215,2150.8376181840845,10025.653762818052
2025-03-03 20:00:00+00:00,order,buy,2109.709999999,1.90085912,scalp_pingpong,ETHUSDT,okx_spot,3.2082091952426395,0.0,-3.2082091952426395,2147.629408988842,10022.445553622809
2025-03-03 20:40:00+00:00,order,sell,2104.6413878648677,1.90085912,scalp_pingpong,ETHUSDT,okx_spot,4.000626776452392,-0.47785291559140985,-13.157491461769045,2134.471917527073,10008.81020924545
2025-03-04 01:45:00+00:00,order,buy,2047.1885410366226,1.95148211,scalp_pingpong,ETHUSDT,okx_spot,3.196041450903976,0.0,-3.196041450903976,2131.275876076169,10005.614167794545
2025-03-04 02:00:00+00:00,order,sell,2056.66,1.95148211,scalp_pingpong,ETHUSDT,okx_spot,4.0135351963526,-0.0,14.469847526277213,2145.745723602446,10020.084015320823
2025-03-04 14:05:00+00:00,order,buy,2066.2386203210613,1.0635996,scalp_pingpong,ETHUSDT,okx_spot,1.7581204560624262,0.0,-1.7581204560624262,2143.9876031463837,10018.32589486476
2025-03-04 14:15:00+00:00,order,sell,2074.66,1.0635996,scalp_pingpong,ETHUSDT,okx_spot,2.206607546136,-0.0,6.75036851183104,2150.7379716582145,10025.076263376592
2025-03-04 19:35:00+00:00,order,buy,2144.209999999,1.83851487,scalp_pingpong,ETHUSDT,okx_spot,3.1537295755206896,0.0,-3.1537295755206896,2147.584242082694,10021.922533801071
2025-03-04 20:55:00+00:00,order,sell,2152.02,1.83851487,scalp_pingpong,ETHUSDT,okx_spot,3.9565207705374,-0.0,10.402280366000804,2157.986522448695,10032.324814167072
2025-03-05 04:10:00+00:00,order,buy,2163.0907438327126,0.83350446,scalp_pingpong,ETHUSDT,okx_spot,1.4423566258954268,0.0,-1.4423566258954268,2156.544165822799,10030.882457541176
2025-03-05 04:15:00+00:00,order,sell,2166.499820702186,0.83350446,scalp_pingpong,ETHUSDT,okx_spot,1.8057872631444722,-22.87954798147208,23.915241493516362,2180.4594073163157,10031.918151053222
2025-03-05 17:45:00+00:00,order,buy,2191.0586419450656,1.00275661,scalp_pingpong,ETHUSDT,okx_spot,1.7576788288864305,0.0,-1.7576788288864305,2178.701728487429,10030.160472224336
2025-03-05 17:50:00+00:00,order,sell,2192.9112512957845,1.00275661,scalp_pingpong,ETHUSDT,okx_spot,2.1989562523802193,-54.00972575971879,53.66848577951985,2232.370214266949,10029.819232244135
2025-03-06 02:00:00+00:00,order,buy,2263.679999999,1.20152208,scalp_pingpong,ETHUSDT,okx_spot,2.175889201642559,0.0,-2.175889201642559,2230.1943250653067,10027.643343042493
2025-03-06 03:00:00+00:00,order,sell,2290.7113837336246,1.20152208,scalp_pingpong,ETHUSDT,okx_spot,2.7523403064633025,-7.222810287303066,36.949274390944424,2267.143599456251,10057.369807146135
2025-03-06 12:45:00+00:00,order,buy,2261.2985976786267,0.70869981,scalp_pingpong,ETHUSDT,okx_spot,1.2820655092224873,0.0,-1.2820655092224873,2265.861533947029,10056.087741636913
2025-03-06 13:25:00+00:00,order,sell,2259.41,0.70869981,scalp_pingpong,ETHUSDT,okx_spot,1.6012434377121,-0.0,-2.939692253721177,2262.9218416933077,10053.148049383191
2025-03-06 14:40:00+00:00,order,buy,2215.598594240509,1.76512667,scalp_pingpong,ETHUSDT,okx_spot,3.1286497349667446,0.0,-3.1286497349667446,2259.793191958341,10050.019399648225
2025-03-06 15:15:00+00:00,order,sell,2261.0413637639626,1.76512667,scalp_pingpong,ETHUSDT,okx_spot,3.9910244131529415,-22.472469725242128,98.69368975660001,2358.4868817149413,10126.240619679582
2025-03-06 17:15:00+00:00,order,buy,2210.580723962866,1.19203937,scalp_pingpong,ETHUSDT,okx_spot,2.1080794028214713,0.0,-2.1080794028214713,2356.3788023121197,10124.132540276762
2025-03-06 17:35:00+00:00,order,sell,2208.08,1.19203937,scalp_pingpong,ETHUSDT,okx_spot,2.6321182921096002,-0.0,-5.613079709348687,2350.765722602771,10118.519460567411
2025-03-07 00:25:00+00:00,order,buy,2128.0985516471724,1.89222279,scalp_pingpong,ETHUSDT,okx_spot,3.2214692630342174,0.0,-3.2214692630342174,2347.5442533397368,10115.297991304378
2025-03-07 00:40:00+00:00,order,sell,2121.321331286445,1.89222279,scalp_pingpong,ETHUSDT,okx_spot,4.014012567973351,-1.383841727250975,-15.454181660142815,2332.090071679594,10098.459967916984
2025-03-07 12:30:00+00:00,order,buy,2181.778664608858,0.96035508,scalp_pingpong,ETHUSDT,okx_spot,1.6762257791941866,0.0,-1.6762257791941866,2330.4138459004,10096.78374213779
2025-03-07 12:35:00+00:00,order,sell,2176.3113135060416,0.96035508,scalp_pingpong,ETHUSDT,okx_spot,2.0900316255869997,-52.62871981619949,45.28808978487909,2375.701935685279,10089.44311210647
2025-03-07 14:10:00+00:00,order,buy,2191.3554912616833,1.36165767,scalp_pingpong,ETHUSDT,okx_spot,2.387100809898471,0.0,-2.387100809898471,2373.3148348753803,10087.056011296572
2025-03-07 14:15:00+00:00,order,sell,2195.121108528315,0.93186771,scalp_pingpong,ETHUSDT,okx_spot,2.0455624805769426,-68.59581513484201,70.05930979325744,2443.3741446686377,10090.137930449388
2025-03-07 14:15:00+00:00,order,sell,2195.1207326570193,0.42978996,scalp_pingpong,ETHUSDT,okx_spot,0.9434408518838311,-32.03256060743095,32.70738270423873,2476.0815273728763,10089.194328051795
2025-03-07 15:45:00+00:00,order,buy,2195.133484733985,1.84434165,scalp_pingpong,ETHUSDT,okx_spot,3.2388608905636223,0.0,-3.2388608905636223,2472.842666482313,10085.955467161231
2025-03-07 15:50:00+00:00,order,sell,2212.7113609164585,1.46243283,scalp_pingpong,ETHUSDT,okx_spot,3.235941737518208,-134.72130254850757,157.1918240219139,2630.0344905042266,10115.139134585592
2025-03-07 16:20:00+00:00,order,sell,2189.69,0.38190882,scalp_pingpong,ETHUSDT,okx_spot,0.8362619240658,-0.0,-2.9151767555101085,2627.1193137487166,10105.510811879127
2025-03-07 18:10:00+00:00,order,buy,2166.5719985219353,1.86181461,scalp_pingpong,ETHUSDT,okx_spot,3.22700432037203,0.0,-3.22700432037203,2623.8923094283446,10102.283807558755
2025-03-07 18:25:00+00:00,order,sell,2176.2112953473184,1.86181461,scalp_pingpong,ETHUSDT,okx_spot,4.051701984124662,-19.55146510156227,33.44634677706266,2657.338656205407,10116.178689234255
2025-03-07 21:05:00+00:00,order,buy,2131.4185456856458,1.87467696,scalp_pingpong,ETHUSDT,okx_spot,3.1965769917708697,0.0,-3.1965769917708697,2654.142079213636,10112.982112242484
2025-03-07 21:30:00+00:00,order,sell,2154.2,1.87467696,scalp_pingpong,ETHUSDT,okx_spot,4.038429107232,-0.0,38.66943841118006,2692.811517624816,10151.651550653665
2025-03-09 13:55:00+00:00,order,buy,2104.498563334541,1.00362681,scalp_pingpong,ETHUSDT,okx_spot,1.6897049438152227,0.0,-1.6897049438152227,2691.121812681001,10149.96184570985
2025-03-09 15:50:00+00:00,order,sell,2092.8013239691045,1.00362681,scalp_pingpong,ETHUSDT,okx_spot,2.100391516738889,-2.108945071889058,-11.731109474989411,2679.3907032060115,10136.121791162972
2025-03-09 16:00:00+00:00,order,buy,2091.8487419811418,1.49680048,scalp_pingpong,ETHUSDT,okx_spot,2.5048641608678155,0.0,-2.5048641608678155,2676.8858390451437,10133.616927002104
2025-03-09 16:05:00+00:00,order,sell,2093.92142415802,1.00362681,scalp_pingpong,ETHUSDT,okx_spot,2.1015156793183705,-0.9348022564705847,0.9134859784762943,2677.79932502362,10134.617803000025
2025-03-09 16:30:00+00:00,order,sell,2091.18,0.49317367,scalp_pingpong,ETHUSDT,okx_spot,1.0313149152306,-0.0,-1.3611208523533282,2676.4382041712665,10132.234489871757
2025-03-09 16:50:00+00:00,order,buy,2055.798540695397,1.20604863,scalp_pingpong,ETHUSDT,okx_spot,1.9835144108493463,0.0,-1.9835144108493463,2674.4546897604173,10130.250975460907
2025-03-09 17:20:00+00:00,order,sell,2043.1,1.20604863,scalp_pingpong,ETHUSDT,okx_spot,2.464077955953,-0.0,-17.77913556463622,2656.675554195781,10112.47183989627
2025-03-09 18:45:00+00:00,order,buy,2006.9386630007164,2.00332257,scalp_pingpong,ETHUSDT,okx_spot,3.2164364161559673,0.0,-3.2164364161559673,2653.459117779625,10109.255403480114
2025-03-09 22:55:00+00:00,order,sell,2013.7,2.00332257,scalp_pingpong,ETHUSDT,okx_spot,4.034090659209,-0.0,9.51104835483207,2662.970166134457,10118.766451834947
2025-03-10 12:15:00+00:00,order,buy,2116.739999999,0.95092102,scalp_pingpong,ETHUSDT,okx_spot,1.6102820478990791,0.0,-1.6102820478990791,2661.359884086558,10117.156169787047
2025-03-10 12:30:00+00:00,order,sell,2110.54,0.95092102,scalp_pingpong,ETHUSDT,okx_spot,2.0069568495508,-0.0,-7.902667172599916,2653.457216913958,10109.253502614447
2025-03-10 13:45:00+00:00,order,buy,2096.3044004081344,1.92841881,scalp_pingpong,ETHUSDT,okx_spot,3.2340422697862543,0.0,-3.2340422697862543,2650.2231746441716,10106.01946034466
2025-03-10 14:05:00+00:00,order,sell,2054.111420794027,1.92841881,scalp_pingpong,ETHUSDT,okx_spot,3.9611871016950264,-2.933936477126134,-82.39298616236024,2567.8301884818115,10020.692537705174
2025-03-10 14:30:00+00:00,order,buy,2014.698614185699,1.96813154,scalp_pingpong,ETHUSDT,okx_spot,3.1721535089385324,0.0,-3.1721535089385324,2564.658034972873,10017.520384196236
2025-03-10 16:10:00+00:00,order,sell,2015.4612676762836,1.96813154,scalp_pingpong,ETHUSDT,okx_spot,3.966692888562076,-14.86188808067604,12.396197581024785,2577.0542325538977,10015.054693696584
2025-03-10 17:10:00+00:00,order,buy,1944.598629208567,2.04811033,scalp_pingpong,ETHUSDT,okx_spot,3.186202032148725,0.0,-3.186202032148725,2573.868030521749,10011.868491664434
2025-03-10 17:35:00+00:00,order,sell,1943.0,2.04811033,scalp_pingpong,ETHUSDT,okx_spot,3.97947837119,-0.0,-7.253647367095711,2566.6143831546533,10004.614844297339
2025-03-10 19:00:00+00:00,order,buy,1825.609999999,2.19205961,scalp_pingpong,ETHUSDT,okx_spot,3.201476755687926,0.0,-3.201476755687926,2563.4129063989653,10001.41336754165
2025-03-10 19:40:00+00:00,order,sell,1877.79,2.19205961,scalp_pingpong,ETHUSDT,okx_spot,4.1162276150619,-0.0,110.26544283693035,2673.678349235896,10111.678810378582
2025-03-11 00:30:00+00:00,order,buy,1818.9185733623337,2.20809146,scalp_pingpong,ETHUSDT,okx_spot,3.213070854621402,0.0,-3.213070854621402,2670.4652783812744,10108.465739523961
2025-03-11 00:55:00+00:00,order,sell,1813.5014111865914,2.20809146,scalp_pingpong,ETHUSDT,okx_spot,4.004376978739061,-41.736044623061225,25.770078106630713,2696.235356487905,10092.49977300753
2025-03-11 14:15:00+00:00,order,buy,1881.223310346277,2.118415,scalp_pingpong,ETHUSDT,okx_spot,3.188169343189767,0.0,-3.188169343189767,2693.0471871447153,10089.31160366434
2025-03-11 14:25:00+00:00,order,sell,1881.29,2.118415,scalp_pingpong,ETHUSDT,okx_spot,3.9853529553500002,-0.0,-3.844076592558641,2689.2031105521564,10085.467527071782
2025-03-11 17:35:00+00:00,order,buy,1886.9570454004238,2.04982231,scalp_pingpong,ETHUSDT,okx_spot,3.0943413197387777,0.0,-3.0943413197387777,2686.1087692324177,10082.373185752043
2025-03-11 18:10:00+00:00,order,sell,1944.8013927403717,2.04982231,scalp_pingpong,ETHUSDT,okx_spot,3.9864972833582866,-32.800011830286124,147.38414823174213,2833.4929174641597,10196.9573221535
2025-03-12 02:05:00+00:00,order,buy,1909.9885813564304,0.90276795,scalp_pingpong,ETHUSDT,okx_spot,1.3794211808916423,0.0,-1.3794211808916423,2832.113496283268,10195.577900972608
2025-03-12 02:25:00+00:00,order,sell,1907.35,0.90276795,scalp_pingpong,ETHUSDT,okx_spot,1.7218944494325,-0.0,-4.103921131485538,2828.0095751517824,10191.473979841123
2025-03-12 09:15:00+00:00,order,buy,1899.0286183650753,2.12987962,scalp_pingpong,ETHUSDT,okx_spot,3.2357618816420257,0.0,-3.2357618816420257,2824.77381327014,10188.23821795948
2025-03-12 09:55:00+00:00,order,sell,1895.69,2.12987962,scalp_pingpong,ETHUSDT,okx_spot,4.0375914968378,-0.0,-11.1484467115694,2813.625366558571,10177.08977124791
2025-03-12 12:45:00+00:00,order,buy,1913.6543760491534,0.8857533,scalp_pingpong,ETHUSDT,okx_spot,1.3560205429159828,0.0,-1.3560205429159828,2812.269346015655,10175.733750704996
2025-03-12 13:20:00+00:00,order,sell,1911.31,0.8857533,scalp_pingpong,ETHUSDT,okx_spot,1.692949139823,-0.0,-3.769487961801829,2808.499858053853,10171.964262743193
2025-03-12 13:45:00+00:00,order,buy,1892.638618954275,0.9150694,scalp_pingpong,ETHUSDT,okx_spot,1.3855165483706537,0.0,-1.3855165483706537,2807.1143415054826,10170.578746194824
2025-03-12 15:05:00+00:00,order,sell,1845.3214521310065,0.9150694,scalp_pingpong,ETHUSDT,okx_spot,1.6885971940086488,9.231721445351253,-54.21881009402814,2752.8955314114546,10125.591657546145
2025-03-13 08:40:00+00:00,order,buy,1860.6818303651162,1.09436336,scalp_pingpong,ETHUSDT,okx_spot,1.629009615815455,0.0,-1.629009615815455,2751.266521795639,10123.96264793033
2025-03-13 08:45:00+00:00,order,sell,1868.7613629559305,0.9150694,scalp_pingpong,ETHUSDT,okx_spot,1.7100463391432656,-21.276610749265565,26.959897450279204,2778.2264192459184,10131.094546024498
2025-03-13 13:45:00+00:00,order,sell,1881.51,0.17929395,scalp_pingpong,ETHUSDT,okx_spot,0.33734335986450004,-0.0,3.397021445243771,2781.623440691162,10133.04295628487
2025-03-13 23:20:00+00:00,order,buy,1865.2086556284908,1.39669491,scalp_pingpong,ETHUSDT,okx_spot,2.0841019483234047,0.0,-2.0841019483234047,2779.539338742839,10130.958854173532
2025-03-13 23:40:00+00:00,order,sell,1864.0,1.39669491,scalp_pingpong,ETHUSDT,okx_spot,2.60343931224,-0.0,-4.2915624312277325,2775.2477763116112,10126.66729168495
2025-03-16 11:10:00+00:00,order,buy,1893.988566217569,0.82835365,scalp_pingpong,ETHUSDT,okx_spot,1.2551138735076723,0.0,-1.2551138735076723,2773.9926624381037,10125.412178111326
2025-03-16 11:15:00+00:00,order,sell,1886.401443317091,0.82835366,scalp_pingpong,ETHUSDT,okx_spot,1.5626075398009949,-18.92907670799489,11.081648432511964,2785.0743108706156,10117.564749548044
2025-03-16 19:30:00+00:00,order,buy,1873.403930507536,0.82402511,scalp_pingpong,ETHUSDT,okx_spot,1.2349855039287236,0.0,-1.2349855039287236,2783.839325366687,10116.329764044116
2025-03-16 19:35:00+00:00,order,sell,1877.3311978862475,0.56834126,scalp_pingpong,ETHUSDT,okx_spot,1.0669647784439793,-7.832423370979287,8.997486682908967,2792.8368120495957,10118.498966199413
2025-03-16 23:05:00+00:00,order,sell,1873.8113484744565,0.25568385,scalp_pingpong,ETHUSDT,okx_spot,0.4791032997516406,-0.26369914864067373,-0.11123395676961689,2792.7255780928263,10117.119894250634
2025-03-18 10:30:00+00:00,order,buy,1889.528431416068,1.03163209,scalp_pingpong,ETHUSDT,okx_spot,1.559438531852944,0.0,-1.559438531852944,2791.1661395609735,10115.560455718782
2025-03-18 10:35:00+00:00,order,sell,1894.4214577567243,0.25568385,scalp_pingpong,ETHUSDT,okx_spot,0.48437297184185163,-5.221436941851631,5.9881317829403935,2797.154271343914,10120.123885737175
2025-03-18 11:40:00+00:00,order,sell,1891.7906908197558,0.77594824,scalp_pingpong,ETHUSDT,okx_spot,1.4679316569899736,-0.14796620597374824,0.43543075169879375,2797.5897020956127,10116.614615105595
2025-03-18 13:45:00+00:00,order,buy,1877.989999999,1.15141262,scalp_pingpong,ETHUSDT,okx_spot,1.7298731089861192,0.0,-1.7298731089861192,2795.8598289866263,10114.884741996608
2025-03-18 16:45:00+00:00,order,sell,1880.48,1.15141262,scalp_pingpong,ETHUSDT,okx_spot,2.1652084036576005,-0.0,0.701809021293827,2796.56163800792,10115.586551017901
2025-03-19 02:05:00+00:00,order,buy,1929.1329219787158,0.84703379,scalp_pingpong,ETHUSDT,okx_spot,1.307232616253925,0.0,-1.307232616253925,2795.2544053916663,10114.279318401646
2025-03-19 02:30:00+00:00,order,sell,1929.79,0.84703379,scalp_pingpong,ETHUSDT,okx_spot,1.6345973376041,-0.0,-1.0780300509099106,2794.1763753407563,10113.201288350736
2025-03-19 19:30:00+00:00,order,buy,2024.509999999,1.25951457,scalp_pingpong,ETHUSDT,okx_spot,2.039919873687553,0.0,-2.039919873687553,2792.1364554670686,10111.161368477047
2025-03-19 19:35:00+00:00,order,sell,2029.1211160365522,0.84703379,scalp_pingpong,ETHUSDT,okx_spot,1.7187341492854706,-84.04363796447048,86.23067490860258,2878.367130375671,10115.25040216102
2025-03-19 23:20:00+00:00,order,sell,2046.2111220529716,0.41248078,scalp_pingpong,ETHUSDT,okx_spot,0.844022759669085,-1.0770376610849777,9.184310653113108,2887.551441028784,10121.45567841321
2025-03-20 10:20:00+00:00,order,buy,1978.859999999,1.10087399,scalp_pingpong,ETHUSDT,okx_spot,1.7427804030802392,0.0,-1.7427804030802392,2885.808660625704,10119.71289801013
2025-03-20 14:25:00+00:00,order,sell,2007.72,1.10087399,scalp_pingpong,ETHUSDT,okx_spot,2.2102467272028,-0.0,29.560976625297982,2915.3696372510017,10149.273874635426
2025-03-20 15:15:00+00:00,order,buy,1981.3289446177057,1.65514633,scalp_pingpong,ETHUSDT,okx_spot,2.623511464965415,0.0,-2.623511464965415,2912.7461257860364,10146.650363170462
2025-03-20 15:35:00+00:00,order,sell,1976.78,1.65514633,scalp_pingpong,ETHUSDT,okx_spot,3.2718601622174,-0.0,-10.801029151586228,2901.9450966344502,10135.849334018874
2025-03-21 03:15:00+00:00,order,buy,1976.07703675721,1.01408272,scalp_pingpong,ETHUSDT,okx_spot,1.6031244610914333,0.0,-1.6031244610914333,2900.341972173359,10134.246209557783
2025-03-21 05:10:00+00:00,order,sell,1976.6,1.01408272,scalp_pingpong,ETHUSDT,okx_spot,2.004435904352,-0.0,-1.4741079166435394,2898.8678642567156,10132.77210164114
2025-03-21 12:50:00+00:00,order,buy,1949.3641234564213,0.96907367,scalp_pingpong,ETHUSDT,okx_spot,1.511261956227398,0.0,-1.511261956227398,2897.3566023004882,10131.260839684912
2025-03-21 13:25:00+00:00,order,sell,1948.5212862996939,0.96907367,scalp_pingpong,ETHUSDT,okx_spot,1.8882606739875651,-3.0150656328649927,0.3100336621950093,2897.6666359626834,10128.555807714241
2025-03-25 13:45:00+00:00,order,buy,2055.588585506315,0.84652243,scalp_pingpong,ETHUSDT,okx_spot,1.3920814755864552,0.0,-1.3920814755864552,2896.274554487097,10127.163726238656
2025-03-25 14:10:00+00:00,order,sell,2063.8108685745015,0.84652243,scalp_pingpong,ETHUSDT,okx_spot,1.7470621915260978,-6.138022885297655,11.35130773680039,2907.625862223897,10132.377011090157
2025-03-26 14:00:00+00:00,order,buy,2028.499999999,1.04946059,scalp_pingpong,ETHUSDT,okx_spot,1.7030646454511604,0.0,-1.7030646454511604,2905.9227975784456,10130.673946444706
2025-03-26 14:15:00+00:00,order,sell,2030.4,1.04946059,scalp_pingpong,ETHUSDT,okx_spot,2.1308247819360004,-0.0,-0.136849659886495,2905.785947918559,10130.53709678482
2025-03-26 14:35:00+00:00,order,buy,2012.805053772169,0.88164354,scalp_pingpong,ETHUSDT,okx_spot,1.4196612583500685,0.0,-1.4196612583500685,2904.366286660209,10129.117435526468
2025-03-26 15:00:00+00:00,order,sell,2019.11135693879,0.88164354,scalp_pingpong,ETHUSDT,okx_spot,1.7801364843857184,-0.6271632497183827,4.406938213465544,2908.7732248736747,10132.897210490215
2025-03-26 19:05:00+00:00,order,buy,1989.548584594612,0.83152201,scalp_pingpong,ETHUSDT,okx_spot,1.3234827504438136,0.0,-1.3234827504438136,2907.449742123231,10131.573727739773
2025-03-26 19:25:00+00:00,order,sell,1991.91,0.83152201,scalp_pingpong,ETHUSDT,okx_spot,1.6563170069391002,-0.0,0.30725187739409887,2907.756994000625,10131.880979617166
2025-03-27 11:40:00+00:00,order,buy,2016.4989629639417,0.98286265,scalp_pingpong,ETHUSDT,okx_spot,1.5855532115687934,0.0,-1.5855532115687934,2906.1714407890563,10130.295426405599
2025-03-27 11:45:00+00:00,order,sell,2014.301404790517,0.83152201,scalp_pingpong,ETHUSDT,okx_spot,1.6749359528572343,-20.29030515823419,16.788051215918806,2922.959492004975,10126.46059260288
2025-03-27 12:45:00+00:00,order,sell,2020.9,0.15134064,scalp_pingpong,ETHUSDT,okx_spot,0.30584429937600005,-0.0,0.3602114623245906,2923.3197034672994,10127.153383925608
2025-03-27 13:40:00+00:00,order,buy,1988.299999999,0.88771455,scalp_pingpong,ETHUSDT,okx_spot,1.4120342718112897,0.0,-1.4120342718112897,2921.9076691954883,10125.741349653796
2025-03-27 14:45:00+00:00,order,sell,2021.25,0.88771455,scalp_pingpong,ETHUSDT,okx_spot,1.7942930341874999,-0.0,27.45590138920021,2949.3635705846887,10153.197251042997
2025-03-28 04:40:00+00:00,order,buy,1937.5885301184162,0.92004884,scalp_pingpong,ETHUSDT,okx_spot,1.4261408636262032,0.0,-1.4261408636262032,2947.9374297210625,10151.77111017937
2025-03-28 11:30:00+00:00,order,sell,1898.4114077798029,0.92004884,scalp_pingpong,ETHUSDT,okx_spot,1.7466312135705746,-0.09330011017464465,-37.69819706557523,2910.2392326554873,10113.979613003621
2025-03-28 11:35:00+00:00,order,buy,1895.679648194211,0.96430129,scalp_pingpong,ETHUSDT,okx_spot,1.4624050641443391,0.0,-1.4624050641443391,2908.776827591343,10112.517207939476
2025-03-28 12:05:00+00:00,order,sell,1894.81,0.96430129,scalp_pingpong,ETHUSDT,okx_spot,1.8271677273049,-0.0,-2.665770602828875,2906.111056988514,10109.851437336647
2025-03-29 11:30:00+00:00,order,buy,1843.7825494096264,1.84768282,scalp_pingpong,ETHUSDT,okx_spot,2.7253802722879743,0.0,-2.7253802722879743,2903.385676716226,10107.126057064359
2025-03-29 12:05:00+00:00,order,sell,1847.061029124344,1.84768282,scalp_pingpong,ETHUSDT,okx_spot,3.41278293100457,-8.224090044370296,10.868897757968169,2914.254574474194,10109.770864777956
2025-03-29 16:55:00+00:00,order,buy,1822.0186480078803,0.91894729,scalp_pingpong,ETHUSDT,okx_spot,1.3394712791330443,0.0,-1.3394712791330443,2912.915103195061,10108.431393498824
2025-03-29 17:15:00+00:00,order,sell,1816.92,0.91894729,scalp_pingpong,ETHUSDT,okx_spot,1.6696537101468,-0.0,-6.355042479652408,2906.560060715409,10102.076351019172
2025-03-30 13:45:00+00:00,order,buy,1812.0567661145692,1.34546046,scalp_pingpong,ETHUSDT,okx_spot,1.9504405840660965,0.0,-1.9504405840660965,2904.6096201313426,10100.125910435107
2025-03-30 13:50:00+00:00,order,sell,1809.0113450863842,0.91894729,scalp_pingpong,ETHUSDT,okx_spot,1.6623860731463875,-2.5742884754875,-1.8866789984186454,2902.722941132924,10094.366030784484
2025-03-30 15:00:00+00:00,order,sell,1814.7211567974907,0.42651317,scalp_pingpong,ETHUSDT,okx_spot,0.7740024732517649,-0.44406708616478835,0.806462329204436,2903.5294034621284,10096.02733820424
2025-03-31 13:45:00+00:00,order,buy,1807.6988103917042,2.04837387,scalp_pingpong,ETHUSDT,okx_spot,2.962274406429161,0.0,-2.962274406429161,2900.5671290556993,10093.06506379781
2025-03-31 14:00:00+00:00,order,sell,1825.811298471455,2.04837387,scalp_pingpong,ETHUSDT,okx_spot,3.7399441553396993,-14.566597970699421,47.927801118607846,2948.4949301743072,10126.42626694572
2025-04-01 11:50:00+00:00,order,buy,1860.2783886238353,0.91714726,scalp_pingpong,ETHUSDT,okx_spot,1.3649193815708527,0.0,-1.3649193815708527,2947.1300107927364,10125.06134756415
2025-04-01 12:50:00+00:00,order,sell,1865.5909251175847,0.91714726,scalp_pingpong,ETHUSDT,okx_spot,1.7110216052524578,-3.6694375090580373,6.830794192697958,2953.960804985434,10128.22270424779
2025-04-01 14:20:00+00:00,order,buy,1847.195014409633,0.92700797,scalp_pingpong,ETHUSDT,okx_spot,1.3698916004015957,0.0,-1.3698916004015957,2952.5909133850328,10126.852812647388
2025-04-01 15:00:00+00:00,order,sell,1887.7814169615917,0.92700797,scalp_pingpong,ETHUSDT,okx_spot,1.7499884191412887,-4.988616413288634,40.862546633441404,2993.4534600184743,10162.72674286754
2025-04-02 02:15:00+00:00,order,buy,1876.0668068563618,1.14497833,scalp_pingpong,ETHUSDT,okx_spot,1.718444671586264,0.0,-1.718444671586264,2991.735015346888,10161.008298195953
2025-04-02 04:00:00+00:00,order,sell,1880.100737960043,1.14497833,scalp_pingpong,ETHUSDT,okx_spot,2.1526746031812576,-4.42046130205767,6.886550397304168,2998.621565744192,10163.4743872912
2025-04-02 05:15:00+00:00,order,buy,1863.578559322283,1.18397903,scalp_pingpong,ETHUSDT,okx_spot,1.765150347996155,0.0,-1.765150347996155,2996.856415396196,10161.709236943205
2025-04-02 08:20:00+00:00,order,sell,1865.6799764012258,1.18397903,scalp_pingpong,ETHUSDT,okx_spot,2.2089259687499463,-1.6220233306462286,1.901131116648278,2998.7575465128443,10161.988344729207
2025-04-02 14:10:00+00:00,order,buy,1864.2985762436595,1.19854306,scalp_pingpong,ETHUSDT,okx_spot,1.7875536962597751,0.0,-1.7875536962597751,2996.9699928165846,10160.200791032947
2025-04-02 15:40:00+00:00,order,sell,1914.9,1.19854306,scalp_pingpong,ETHUSDT,okx_spot,2.2950901055940003,-0.0,58.35289516368698,3055.322887980272,10218.553686196634
2025-04-02 15:55:00+00:00,order,buy,1895.909999999,1.27697783,scalp_pingpong,ETHUSDT,okx_spot,1.936828030139219,0.0,-1.936828030139219,3053.3860599501327,10216.616858166493
2025-04-02 16:10:00+00:00,order,sell,1902.0109387899251,1.27697783,scalp_pingpong,ETHUSDT,okx_spot,2.4288258012522217,-6.641483529921512,12.003421306867784,3065.3894812570006,10221.97879594344
2025-04-02 20:30:00+00:00,order,buy,1892.9885611164927,2.15354836,scalp_pingpong,ETHUSDT,okx_spot,3.261313929032946,0.0,-3.261313929032946,3062.1281673279677,10218.717482014406
2025-04-02 21:15:00+00:00,order,sell,1861.6412555596644,2.15354836,scalp_pingpong,ETHUSDT,okx_spot,4.0091344728188565,-1.402510342456103,-70.11456260268947,2992.013604725278,10147.20040906926
2025-04-03 12:50:00+00:00,order,buy,1756.899999999,2.13124134,scalp_pingpong,ETHUSDT,okx_spot,2.995502328195095,0.0,-2.995502328195095,2989.018102397083,10144.204906741066
2025-04-03 14:05:00+00:00,order,sell,1774.0,2.13124134,scalp_pingpong,ETHUSDT,okx_spot,3.78082213716,-0.0,32.6634047789709,3021.681507176054,10176.868311520037
2025-04-04 10:15:00+00:00,order,buy,1808.0886172568944,1.24828004,scalp_pingpong,ETHUSDT,okx_spot,1.8056007451783849,0.0,-1.8056007451783849,3019.8759064308756,10175.062710774859
2025-04-04 11:30:00+00:00,order,sell,1773.3714132291268,1.24828004,scalp_pingpong,ETHUSDT,okx_spot,2.2136641386405107,-7.216822736911035,-38.333634234199586,2981.542272196676,10129.512253803747
2025-04-04 11:40:00+00:00,order,buy,1767.788739696134,1.24929814,scalp_pingpong,ETHUSDT,okx_spot,1.7667961475322596,0.0,-1.7667961475322596,2979.775476049144,10127.745457656214
2025-04-04 11:55:00+00:00,order,sell,1783.9113429319605,1.24929814,scalp_pingpong,ETHUSDT,okx_spot,2.2286371226498005,-2.7501336304003066,20.663434742226634,3000.4389107913707,10145.65875876804
2025-04-06 13:45:00+00:00,order,buy,1762.0229149994734,1.12426887,scalp_pingpong,ETHUSDT,okx_spot,1.5847900092484515,0.0,-1.5847900092484515,2998.854120782122,10144.073968758792
2025-04-06 13:55:00+00:00,order,sell,1750.09,1.12426887,scalp_pingpong,ETHUSDT,okx_spot,1.9675717066983,-0.0,-15.38337656896224,2983.47074421316,10128.690592189829
2025-04-06 14:00:00+00:00,order,buy,1747.311850294902,1.28735784,scalp_pingpong,ETHUSDT,okx_spot,1.799532487521639,0.0,-1.799532487521639,2981.6712117256384,10126.891059702308
2025-04-06 14:05:00+00:00,order,sell,1755.5913207295644,1.12426887,scalp_pingpong,ETHUSDT,okx_spot,1.973756670338435,-7.837638879035021,15.17223307847299,2996.843444804111,10135.57594420708
2025-04-06 15:25:00+00:00,order,sell,1760.8,0.16308897,scalp_pingpong,ETHUSDT,okx_spot,0.287167058376,-0.0,1.9126013842340932,2998.7560461883454,10136.138255285978
2025-04-06 17:10:00+00:00,order,buy,1720.9385494849275,1.38447099,scalp_pingpong,ETHUSDT,okx_spot,1.9060715978676495,0.0,-1.9060715978676495,2996.849974590478,10134.232183688111
2025-04-06 17:20:00+00:00,order,sell,1725.0,1.38447099,scalp_pingpong,ETHUSDT,okx_spot,2.3882124577500004,-0.0,3.2347479576882283,3000.084722548166,10137.466931645798
2025-04-06 17:35:00+00:00,order,buy,1693.909999999,2.393862,scalp_pingpong,ETHUSDT,okx_spot,3.2439894243340848,0.0,-3.2439894243340848,2996.8407331238323,10134.222942221464
2025-04-06 17:55:00+00:00,order,sell,1686.18,2.393862,scalp_pingpong,ETHUSDT,okx_spot,4.0364822271600005,-0.0,-22.541035484766404,2974.299697639066,10111.6819067367
2025-04-06 18:25:00+00:00,order,buy,1625.4685955786006,2.45906661,scalp_pingpong,ETHUSDT,okx_spot,3.1977084391927444,0.0,-3.1977084391927444,2971.101989199873,10108.484198297507
2025-04-06 18:40:00+00:00,order,sell,1623.6,2.45906661,scalp_pingpong,ETHUSDT,okx_spot,3.9925405479959997,-0.0,-8.587541542926616,2962.5144476569462,10099.89665675458
2025-04-06 20:45:00+00:00,order,buy,1578.988611134739,2.53439896,scalp_pingpong,ETHUSDT,okx_spot,3.2014296751293814,0.0,-3.2014296751293814,2959.3130179818168,10096.69522707945
2025-04-06 22:50:00+00:00,order,sell,1576.82,2.53439896,scalp_pingpong,ETHUSDT,okx_spot,3.9962909681072,-0.0,-9.492416772634055,2949.8206012091828,10087.202810306815
2025-04-06 23:30:00+00:00,order,buy,1553.3268635385698,2.60383787,scalp_pingpong,ETHUSDT,okx_spot,3.2356890494160404,0.0,-3.2356890494160404,2946.5849121597666,10083.9671212574
2025-04-06 23:40:00+00:00,order,sell,1580.7214032185695,2.60383787,scalp_pingpong,ETHUSDT,okx_spot,4.1159422516200515,-12.502075529651089,79.717073128032,3026.3019852877987,10151.18211885578
2025-04-07 03:40:00+00:00,order,buy,1528.488551060547,2.44050146,scalp_pingpong,ETHUSDT,okx_spot,2.9842228323652398,0.0,-2.9842228323652398,3023.3177624554337,10148.197896023416
2025-04-07 03:55:00+00:00,order,sell,1543.611136153395,2.44050146,scalp_pingpong,ETHUSDT,okx_spot,3.767185231454619,-2.003983981219149,35.14348974783381,3058.4612522032676,10181.337401790031
2025-04-07 06:40:00+00:00,order,buy,1468.7885585669915,2.73947771,scalp_pingpong,ETHUSDT,okx_spot,3.2189708135178425,0.0,-3.2189708135178425,3055.2422813897497,10178.118430976512
2025-04-07 06:50:00+00:00,order,sell,1425.1514585099158,2.73947771,scalp_pingpong,ETHUSDT,okx_spot,3.904170653961904,88.61810836309597,-212.0651419524566,2843.177139437293,10054.671397387152
2025-04-07 14:30:00+00:00,order,buy,1557.5085432336427,2.58075125,scalp_pingpong,ETHUSDT,okx_spot,3.215633695868722,0.0,-3.215633695868722,2839.9615057414244,10051.455763691283
2025-04-07 14:35:00+00:00,order,sell,1548.6814503838195,2.58075125,scalp_pingpong,ETHUSDT,okx_spot,3.9967615889298553,-318.3136022548555,291.53630975987835,3131.4978155013027,10024.678471196306
2025-04-08 13:50:00+00:00,order,buy,1565.6672999076454,2.12783974,scalp_pingpong,ETHUSDT,okx_spot,2.6651912802895894,0.0,-2.6651912802895894,3128.8326242210132,10022.013279916016
2025-04-08 13:55:00+00:00,order,sell,1568.5514513836638,0.15872646,scalp_pingpong,ETHUSDT,okx_spot,0.2489706192059911,-22.73144670959107,22.940267244277308,3151.7728914652907,10027.901321423662
2025-04-08 14:25:00+00:00,order,sell,1561.73,1.96911328,scalp_pingpong,ETHUSDT,okx_spot,3.0752232827744,-0.0,-10.82821281826176,3140.944678647029,10011.393887632441
2025-04-08 14:30:00+00:00,order,buy,1557.309999999,1.94244559,scalp_pingpong,ETHUSDT,okx_spot,2.4199919534087657,0.0,-2.4199919534087657,3138.52468669362,10008.973895679032
2025-04-08 14:35:00+00:00,order,sell,1559.6013364682296,1.94244559,scalp_pingpong,ETHUSDT,okx_spot,3.029440738180819,-4.4507964179189585,5.87215209959963,3144.3968387932196,10010.395251360713
2025-04-08 14:50:00+00:00,order,buy,1536.5186288438672,2.2373543,scalp_pingpong,ETHUSDT,okx_spot,2.750189249019144,0.0,-2.750189249019144,3141.6466495442005,10007.645062111695
2025-04-08 15:45:00+00:00,order,sell,1535.59,2.2373543,scalp_pingpong,ETHUSDT,okx_spot,3.4356588895369997,-0.0,-5.513330626467369,3136.133318917733,10002.131731485228
2025-04-08 16:40:00+00:00,order,buy,1496.099999999,2.24739959,scalp_pingpong,ETHUSDT,okx_spot,2.6898676212774024,0.0,-2.6898676212774024,3133.443451296456,9999.44186386395
2025-04-08 16:55:00+00:00,order,sell,1489.05,2.24739959,scalp_pingpong,ETHUSDT,okx_spot,3.3464903594895,-0.0,-19.19065746674186,3114.252793829714,9980.251206397208
2025-04-08 22:10:00+00:00,order,buy,1462.4068379821324,2.24870066,scalp_pingpong,ETHUSDT,okx_spot,2.6308121774071473,0.0,-2.6308121774071473,3111.6219816523067,9977.6203942198
2025-04-08 22:25:00+00:00,order,sell,1460.1710811416483,2.24870066,scalp_pingpong,ETHUSDT,okx_spot,3.283487673876138,-1.9363137315382108,-6.374721825134098,3105.2472598271725,9969.30935866313
2025-04-09 01:15:00+00:00,order,buy,1414.0185540658063,2.63989646,scalp_pingpong,ETHUSDT,okx_spot,2.986290060202113,0.0,-2.986290060202113,3102.2609697669704,9966.323068602927
2025-04-09 01:30:00+00:00,order,sell,1417.2014018874063,2.63989646,scalp_pingpong,ETHUSDT,okx_spot,3.741264963949601,-51.74567145360143,56.4067951866126,3158.667764953583,9970.984192335938
2025-04-09 06:25:00+00:00,order,buy,1465.3026989701484,1.24056595,scalp_pingpong,ETHUSDT,okx_spot,1.454243707828373,0.0,-1.454243707828373,3157.2135212457547,9969.529948628111
2025-04-09 06:50:00+00:00,order,sell,1462.84,1.24056595,scalp_pingpong,ETHUSDT,okx_spot,1.8147494942979998,-0.0,-4.86988998176436,3152.34363126399,9964.660058646346
2025-04-09 11:10:00+00:00,order,buy,1453.645042104413,2.74170549,scalp_pingpong,ETHUSDT,okx_spot,3.188373273959161,0.0,-3.188373273959161,3149.155257990031,9961.471685372388
2025-04-09 11:35:00+00:00,order,sell,1447.79,2.74170549,scalp_pingpong,ETHUSDT,okx_spot,3.9694137913671,-0.0,-20.022214873217802,3129.133043116813,9941.44947049917
2025-04-09 11:45:00+00:00,order,buy,1450.6606377438268,2.74902857,scalp_pingpong,ETHUSDT,okx_spot,3.1903260308257604,0.0,-3.1903260308257604,3125.942717085987,9938.259144468346
2025-04-09 11:50:00+00:00,order,sell,1453.3112307521292,2.74170549,scalp_pingpong,ETHUSDT,okx_spot,3.98455138003177,-18.564720527169495,21.847314549755822,3147.790031635743,9941.561148995579
2025-04-09 12:25:00+00:00,order,sell,1448.7214722449787,0.00732307,scalp_pingpong,ETHUSDT,okx_spot,0.010609088751753037,-0.003159701453036532,-0.021650031988197628,3147.768381603755,9941.516928738098
2025-04-09 14:20:00+00:00,order,buy,1484.0959328805166,2.69306504,scalp_pingpong,ETHUSDT,okx_spot,3.1974134982773648,0.0,-3.1974134982773648,3144.5709681054777,9938.319515593566
2025-04-09 14:40:00+00:00,order,sell,1484.55,2.69306505,scalp_pingpong,ETHUSDT,okx_spot,3.9979897199775003,-0.0,-2.7751570957895417,3141.7958110096884,9935.544358163424
2025-04-09 17:15:00+00:00,order,buy,1499.754263624921,2.64032537,scalp_pingpong,ETHUSDT,okx_spot,3.167871384811637,0.0,-3.167871384811637,3138.6279396248765,9932.376486778612
2025-04-09 17:30:00+00:00,order,sell,1591.0214521036407,2.64032537,scalp_pingpong,ETHUSDT,okx_spot,4.200814304203483,-50.750887637482634,287.5251465222149,3426.1530861470915,10169.150745663344
2025-04-09 21:45:00+00:00,order,buy,1670.7796037839462,2.43021516,scalp_pingpong,ETHUSDT,okx_spot,3.2482831377076313,0.0,-3.2482831377076313,3422.9048030093836,10165.902462525635
2025-04-09 22:00:00+00:00,order,sell,1672.4511702314296,2.43021516,scalp_pingpong,ETHUSDT,okx_spot,4.0644161882561605,-2.77328919656109,2.7711391299265626,3425.6759421393103,10165.900312459002
2025-04-10 03:20:00+00:00,order,buy,1608.2086326892183,1.99956394,scalp_pingpong,ETHUSDT,okx_spot,2.5725727919376533,0.0,-2.5725727919376533,3423.103369347373,10163.327739667064
2025-04-10 04:35:00+00:00,order,sell,1613.451166736535,1.99956394,scalp_pingpong,ETHUSDT,okx_spot,3.226198771957303,-11.699782013303079,18.95636527658237,3442.059734623955,10170.584322930343
2025-04-10 07:35:00+00:00,order,buy,1588.789999999,1.17513911,scalp_pingpong,ETHUSDT,okx_spot,1.49363941326058,0.0,-1.49363941326058,3440.5660952106946,10169.090683517083
2025-04-10 08:35:00+00:00,order,sell,1589.09,1.17513911,scalp_pingpong,ETHUSDT,okx_spot,1.8674018083098998,-0.0,-1.5148600741346525,3439.05123513656,10167.575823442949
2025-04-10 12:40:00+00:00,order,buy,1599.3986649093092,1.20489465,scalp_pingpong,ETHUSDT,okx_spot,1.5416855156530955,0.0,-1.5416855156530955,3437.509549620907,10166.034137927296
2025-04-10 12:45:00+00:00,order,sell,1589.8013832189308,1.17513911,scalp_pingpong,ETHUSDT,okx_spot,1.8682377825526633,-4.819695825663249,-8.326683020939901,3429.182866599967,10152.602186781462
2025-04-10 13:35:00+00:00,order,sell,1570.4214724581136,0.02975554,scalp_pingpong,ETHUSDT,okx_spot,0.046728738940586295,0.14516322141370072,-1.0541239694237172,3428.128742630543,10151.978798332682
2025-04-10 13:40:00+00:00,order,buy,1564.9887122817183,2.58548686,scalp_pingpong,ETHUSDT,okx_spot,3.237006201322163,0.0,-3.237006201322163,3424.891736429221,10148.74179213136
2025-04-10 13:55:00+00:00,order,sell,1573.56,2.58548686,scalp_pingpong,ETHUSDT,okx_spot,4.0684187034215995,-0.0,18.092533065475067,3442.984269494696,10166.834325196836
2025-04-10 15:45:00+00:00,order,buy,1485.8785825632099,2.70684292,scalp_pingpong,ETHUSDT,okx_spot,3.2176319369526882,0.0,-3.2176319369526882,3439.7666375577433,10163.616693259884
2025-04-10 16:00:00+00:00,order,sell,1496.2,2.70684292,scalp_pingpong,ETHUSDT,okx_spot,4.049978376904001,-0.0,23.888477336236228,3463.6551148939793,10187.50517059612
2025-04-11 14:10:00+00:00,order,buy,1559.5584475582582,1.04597183,scalp_pingpong,ETHUSDT,okx_spot,1.3050033627075763,0.0,-1.3050033627075763,3462.3501115312715,10186.200167233414
2025-04-11 14:20:00+00:00,order,sell,1557.22,1.04597183,scalp_pingpong,ETHUSDT,okx_spot,1.6288082531126002,-0.0,-4.074758524983116,3458.2753530062882,10182.12540870843
2025-04-12 12:50:00+00:00,order,buy,1599.8447705649853,1.68589329,scalp_pingpong,ETHUSDT,okx_spot,2.157734050989679,0.0,-2.157734050989679,3456.1176189552984,10179.96767465744
2025-04-12 14:30:00+00:00,order,sell,1656.87,1.68589329,scalp_pingpong,ETHUSDT,okx_spot,2.7933060154023,-0.0,93.3451456497992,3549.4627646050976,10273.312820307241
2025-04-12 17:15:00+00:00,order,buy,1629.729999999,1.57987886,scalp_pingpong,ETHUSDT,okx_spot,2.0598207796049763,0.0,-2.0598207796049763,3547.4029438254925,10271.252999527635
2025-04-12 23:35:00+00:00,order,sell,1646.60097427338,1.57987886,scalp_pingpong,ETHUSDT,okx_spot,2.601430070109917,-0.7598810867170339,24.81254662030365,3572.215490445796,10295.305665061222
2025-04-13 11:25:00+00:00,order,buy,1600.0809976860623,1.43440322,scalp_pingpong,ETHUSDT,okx_spot,1.8361290682733606,0.0,-1.8361290682733606,3570.379361377523,10293.469535992948
2025-04-13 11:35:00+00:00,order,sell,1601.0309770412234,1.43440322,scalp_pingpong,ETHUSDT,okx_spot,2.296523988787677,-2.755455653477094,1.8215851106661924,3572.200946488189,10292.535665450137
2025-04-13 13:50:00+00:00,order,buy,1571.718554877162,2.06392213,scalp_pingpong,ETHUSDT,okx_spot,2.5951237660340754,0.0,-2.5951237660340754,3569.6058227221547,10289.940541684104
2025-04-13 17:25:00+00:00,order,sell,1623.54,2.06392213,scalp_pingpong,ETHUSDT,okx_spot,3.3508601349402,-0.0,103.60456726266574,3673.2103899848203,10393.545108946768
2025-04-13 19:45:00+00:00,order,buy,1580.989999999,2.62962956,scalp_pingpong,ETHUSDT,okx_spot,3.3259344304494167,0.0,-3.3259344304494167,3669.884455554371,10390.219174516318
2025-04-13 21:05:00+00:00,order,sell,1582.4013589653475,2.62962956,scalp_pingpong,ETHUSDT,okx_spot,4.1611293893194485,-10.522091815448633,10.0723136838076,3679.956769238179,10389.769396384676
2025-04-14 02:45:00+00:00,order,buy,1639.940789092737,1.05822164,scalp_pingpong,ETHUSDT,okx_spot,1.3883366650692883,0.0,-1.3883366650692883,3678.5684325731095,10388.381059719606
2025-04-14 02:50:00+00:00,order,sell,1637.281043784503,1.05822164,scalp_pingpong,ETHUSDT,okx_spot,1.7326062312945485,-57.87524604694868,53.32803977359258,3731.896472346702,10383.83385344625
2025-04-14 15:10:00+00:00,order,buy,1656.9687044898249,1.43058049,scalp_pingpong,ETHUSDT,okx_spot,1.8963416809469753,0.0,-1.8963416809469753,3730.000130665755,10381.937511765302
2025-04-14 15:15:00+00:00,order,sell,1660.6312617772157,1.43058049,scalp_pingpong,ETHUSDT,okx_spot,2.3756666841825678,-111.64430651346768,114.50822282813374,3844.5083534938885,10384.801428079967
2025-04-14 15:45:00+00:00,order,buy,1624.3786529291244,2.5373032,scalp_pingpong,ETHUSDT,okx_spot,3.297232923271006,0.0,-3.297232923271006,3841.2111205706174,10381.504195156696
2025-04-14 15:50:00+00:00,order,sell,1628.2914699870366,0.14082743,scalp_pingpong,ETHUSDT,okx_spot,0.22930810300919652,-6.436020565496515,6.757744432813085,3847.9688650034304,10391.202890295743
2025-04-14 16:10:00+00:00,order,sell,1626.2313288028688,2.39647577,scalp_pingpong,ETHUSDT,okx_spot,3.897223975890978,-8.558602942777995,9.10127180797895,3857.0701368114096,10382.368587889214
2025-04-14 21:45:00+00:00,order,buy,1615.664759362101,1.37142309,scalp_pingpong,ETHUSDT,okx_spot,1.7726079653507831,0.0,-1.7726079653507831,3855.297528846059,10380.595979923864
2025-04-14 22:25:00+00:00,order,sell,1618.46,1.37142309,scalp_pingpong,ETHUSDT,okx_spot,2.2195934142414,-0.0,1.613864138679718,3856.9113929847385,10382.209844062543
2025-04-15 00:20:00+00:00,order,buy,1616.301391485471,1.08409294,scalp_pingpong,ETHUSDT,okx_spot,1.40177674193726,0.0,-1.40177674193726,3855.5096162428013,10380.808067320606
2025-04-15 00:25:00+00:00,order,sell,1626.6710594670208,1.08409294,scalp_pingpong,ETHUSDT,okx_spot,1.7634626112705174,-10.798714243117338,20.27693548078892,3875.78655172359,10390.286288558278
2025-04-15 14:00:00+00:00,order,buy,1628.5986819041514,2.55148537,scalp_pingpong,ETHUSDT,okx_spot,3.324276568383781,0.0,-3.324276568383781,3872.462275155206,10386.962011989894
2025-04-15 14:05:00+00:00,order,sell,1631.4114443935478,0.28733015,scalp_pingpong,ETHUSDT,okx_spot,0.4687536950293148,-4.224168222814725,4.563605995778266,3877.0258811509843,10393.669980635845
2025-04-15 14:20:00+00:00,order,sell,1611.9813870012752,2.26415522,scalp_pingpong,ETHUSDT,okx_spot,3.6497760719217776,-2.6522019935774064,-38.62170907497108,3838.4041720760133,10346.02753869431
2025-04-15 14:30:00+00:00,order,buy,1612.998969888818,2.56698178,scalp_pingpong,ETHUSDT,okx_spot,3.3124311734906917,0.0,-3.3124311734906917,3835.091740902523,10342.71510752082
2025-04-15 14:35:00+00:00,order,sell,1614.3009319586135,2.26415522,scalp_pingpong,ETHUSDT,okx_spot,3.6550278817449597,-4.82476071755952,4.117577052384153,3839.209317954907,10342.402192550491
2025-04-15 17:25:00+00:00,order,sell,1616.59,0.30282656,scalp_pingpong,ETHUSDT,okx_spot,0.48954638863040006,-0.0,0.5979129067951603,3839.807230861702,10342.60583676244
2025-04-16 04:25:00+00:00,order,buy,1578.809999999,1.09106577,scalp_pingpong,ETHUSDT,okx_spot,1.378068438666087,0.0,-1.378068438666087,3838.429162423036,10341.227768323773
2025-04-16 05:25:00+00:00,order,sell,1566.1314211977256,1.09106577,scalp_pingpong,ETHUSDT,okx_spot,1.7087523849902908,-3.0565347761908375,-12.485380951117584,3825.943781471918,10325.685852596465
2025-04-16 05:30:00+00:00,order,buy,1559.343607782003,2.63692881,scalp_pingpong,ETHUSDT,okx_spot,3.289502467239763,0.0,-3.289502467239763,3822.6542790046783,10322.396350129227
2025-04-16 05:35:00+00:00,order,sell,1571.2514273650631,1.09106577,scalp_pingpong,ETHUSDT,okx_spot,1.7143386484616616,-5.380511595261751,16.658387289212897,3839.312666293891,10352.082084003618
2025-04-16 08:05:00+00:00,order,sell,1561.51,1.54586304,scalp_pingpong,ETHUSDT,okx_spot,2.4138805955904,-0.0,0.9350650643550571,3840.2477313582463,10334.609290887533
2025-04-16 14:00:00+00:00,order,buy,1567.619999999,1.39607916,scalp_pingpong,ETHUSDT,okx_spot,1.750817290238243,0.0,-1.750817290238243,3838.496914068008,10332.858473597295
2025-04-16 14:05:00+00:00,order,sell,1575.5013244828947,1.39607916,scalp_pingpong,ETHUSDT,okx_spot,2.1995245656629674,-20.733624608966924,29.537052908467437,3868.0339669764758,10341.661901896796
2025-04-16 17:40:00+00:00,order,buy,1584.048610613802,1.57230544,scalp_pingpong,ETHUSDT,okx_spot,1.9924865981540185,0.0,-1.9924865981540185,3866.041480378322,10339.669415298642
2025-04-16 17:45:00+00:00,order,sell,1570.0814644236887,0.14978388,scalp_pingpong,ETHUSDT,okx_spot,0.23517289365746205,-1.4126813354620376,-0.9145449070778977,3865.126935471244,10317.473622468993
2025-04-16 17:55:00+00:00,order,sell,1545.3714550046411,1.42252156,scalp_pingpong,ETHUSDT,okx_spot,2.198324212952672,17.281567178528082,-74.49897912498699,3790.627956346257,10280.124777109642
2025-04-17 19:25:00+00:00,order,buy,1582.5887124718965,1.2693377,scalp_pingpong,ETHUSDT,okx_spot,1.6070716130680307,0.0,-1.6070716130680307,3789.020884733189,10278.517705496573
2025-04-17 19:30:00+00:00,order,sell,1578.121296750807,1.2693377,scalp_pingpong,ETHUSDT,okx_spot,2.0031688571386868,-41.3312815266869,33.657453473196604,3822.678338206386,10270.843877443083
2025-04-20 11:05:00+00:00,order,buy,1574.1527286832195,1.41189482,scalp_pingpong,ETHUSDT,okx_spot,1.7780304668133629,0.0,-1.7780304668133629,3820.9003077395723,10269.065846976267
2025-04-20 11:10:00+00:00,order,sell,1579.0914387367527,0.15318386,scalp_pingpong,ETHUSDT,okx_spot,0.2418913218786493,-5.136475217049312,5.651114564591616,3826.551422304164,10275.796894796455
2025-04-20 11:25:00+00:00,order,sell,1573.29,1.25871096,scalp_pingpong,ETHUSDT,okx_spot,1.9803173662584,-0.0,-3.0662434153331146,3823.485178888831,10266.514242908477
2025-04-21 17:15:00+00:00,order,buy,1581.1564853763432,1.24878383,scalp_pingpong,ETHUSDT,okx_spot,1.5796181213100873,0.0,-1.5796181213100873,3821.905560767521,10264.934624787165
2025-04-21 17:25:00+00:00,order,sell,1583.8113987302193,1.24878383,scalp_pingpong,ETHUSDT,okx_spot,1.9778380645039804,-5.396492857280324,6.734067659147733,3828.6396284266684,10266.272199589033
2025-04-22 00:40:00+00:00,order,buy,1558.199999999,1.47916125,scalp_pingpong,ETHUSDT,okx_spot,1.843863247798817,0.0,-1.843863247798817,3826.7957651788697,10264.428336341234
2025-04-22 01:25:00+00:00,order,sell,1581.98,1.47916125,scalp_pingpong,ETHUSDT,okx_spot,2.3400035142749998,-0.0,32.83445101220417,3859.630216191074,10297.262787353438
2025-04-22 13:25:00+00:00,order,buy,1630.1786893364822,1.38180119,scalp_pingpong,ETHUSDT,okx_spot,1.8020662822702334,0.0,-1.8020662822702334,3857.828149908804,10295.460721071167
2025-04-22 13:50:00+00:00,order,sell,1648.39,1.38180119,scalp_pingpong,ETHUSDT,okx_spot,2.2777472635841,-0.0,22.88666348272483,3880.714813391529,10318.347384553892
2025-04-22 22:05:00+00:00,order,buy,1746.8486964587175,2.35279237,scalp_pingpong,ETHUSDT,okx_spot,3.2879778276580134,0.0,-3.2879778276580134,3877.426835563871,10315.059406726234
2025-04-22 22:40:00+00:00,order,sell,1745.2211607540369,2.35279237,scalp_pingpong,ETHUSDT,okx_spot,4.106143030984641,-10.402073288641509,2.4666766697814397,3879.8935122336525,10307.124010107373
2025-04-23 05:30:00+00:00,order,buy,1799.1367522977218,2.29174519,scalp_pingpong,ETHUSDT,okx_spot,3.29853039858442,0.0,-3.29853039858442,3876.594981835068,10303.825479708788
2025-04-23 05:35:00+00:00,order,sell,1806.6012817537692,2.29174519,scalp_pingpong,ETHUSDT,okx_spot,4.140269797707035,-140.23482562913506,153.2013553079379,4029.796337143006,10316.792009387591
2025-04-23 13:50:00+00:00,order,buy,1789.7885957509543,1.8978456,scalp_pingpong,ETHUSDT,okx_spot,2.717393929100902,0.0,-2.717393929100902,4027.078943213905,10314.074615458489
2025-04-23 13:55:00+00:00,order,sell,1786.7614712265856,0.06104718,scalp_pingpong,ETHUSDT,okx_spot,0.1090767491510342,-2.5243907072341885,2.230516542361422,4029.3094597562663,10308.220523750113
2025-04-23 14:20:00+00:00,order,sell,1796.411389379234,1.83679842,scalp_pingpong,ETHUSDT,okx_spot,3.299645601681782,-21.033893918581587,29.898985189310036,4059.2084449455765,10322.645832564345
2025-04-24 14:20:00+00:00,order,buy,1756.976261088626,1.25993603,scalp_pingpong,ETHUSDT,okx_spot,1.7709421561601977,0.0,-1.7709421561601977,4057.437502789416,10320.874890408184
2025-04-24 17:15:00+00:00,order,sell,1755.4,1.25993603,scalp_pingpong,ETHUSDT,okx_spot,2.211691707062,-0.0,-4.197679845308739,4053.2398229441073,10316.677210562877
2025-04-24 17:20:00+00:00,order,buy,1751.0986136211,1.1853737,scalp_pingpong,ETHUSDT,okx_spot,1.660564994154331,0.0,-1.660564994154331,4051.579257949953,10315.016645568721
2025-04-24 17:25:00+00:00,order,sell,1759.4513100884114,1.1853737,scalp_pingpong,ETHUSDT,okx_spot,2.0856073094093475,-5.0986598543474955,12.914119261372036,4064.493377211325,10322.832104975747
2025-04-25 13:05:00+00:00,order,buy,1773.2585923773438,1.10092196,scalp_pingpong,ETHUSDT,okx_spot,1.5617754600855251,0.0,-1.5617754600855251,4062.9316017512397,10321.27032951566
2025-04-25 13:25:00+00:00,order,sell,1772.61,1.10092196,scalp_pingpong,ETHUSDT,okx_spot,1.9515052755156,-0.0,-2.66555486682192,4060.266046884418,10318.604774648838
2025-04-25 15:35:00+00:00,order,buy,1808.6285613273192,1.10757617,scalp_pingpong,ETHUSDT,okx_spot,1.6025551159260178,0.0,-1.6025551159260178,4058.663491768492,10317.002219532911
2025-04-25 15:40:00+00:00,order,sell,1808.211383544276,1.10092196,scalp_pingpong,ETHUSDT,okx_spot,1.990699620465876,-45.92097812587612,43.47099832283415,4102.134490091326,10314.549463741294
2025-04-26 08:35:00+00:00,order,sell,1823.1,0.00665421,scalp_pingpong,ETHUSDT,okx_spot,0.012131290251,-0.0,0.08416470167876457,4102.218654793005,10314.63640443155
2025-04-26 08:50:00+00:00,order,buy,1806.2888108834354,0.99775665,scalp_pingpong,ETHUSDT,okx_spot,1.4417893383036322,0.0,-1.4417893383036322,4100.776865454702,10313.194615093245
2025-04-26 09:40:00+00:00,order,sell,1798.94,0.99775665,scalp_pingpong,ETHUSDT,okx_spot,1.794904347951,-0.0,-9.127229276490947,4091.6496361782106,10304.067385816756
2025-04-27 01:25:00+00:00,order,buy,1828.409999999,2.03821139,scalp_pingpong,ETHUSDT,okx_spot,2.9813488700702893,0.0,-2.9813488700702893,4088.6682873081404,10301.086036946685
2025-04-27 05:30:00+00:00,order,sell,1795.41094976015,2.03821139,scalp_pingpong,ETHUSDT,okx_spot,3.6594270475318553,-2.7331390745557513,-68.18532802898224,4020.482959279158,10230.167569843146
2025-04-27 22:10:00+00:00,order,buy,1790.4386544929048,1.19562831,scalp_pingpong,ETHUSDT,okx_spot,1.7125593141040205,0.0,-1.7125593141040205,4018.770399965054,10228.455010529044
2025-04-27 22:30:00+00:00,order,sell,1789.57,1.19562831,scalp_pingpong,ETHUSDT,okx_spot,2.1396605547267,-0.0,-3.178248458052306,4015.5921515070017,10225.276762070991
2025-04-28 00:20:00+00:00,order,buy,1775.2585486481612,1.08714052,scalp_pingpong,ETHUSDT,okx_spot,1.5439644013694458,0.0,-1.5439644013694458,4014.048187105632,10223.732797669622
2025-04-28 00:30:00+00:00,order,sell,1781.9813454083635,1.08714052,scalp_pingpong,ETHUSDT,okx_spot,1.9372641264775479,-2.132258067147922,7.503618706411035,4021.5518058120433,10229.104158308885
2025-04-28 01:40:00+00:00,order,buy,1757.3001069791342,0.93476325,scalp_pingpong,ETHUSDT,okx_spot,1.3141276473801307,0.0,-1.3141276473801307,4020.237678164663,10227.790030661505
2025-04-28 12:05:00+00:00,order,sell,1812.34,0.93476325,scalp_pingpong,ETHUSDT,okx_spot,1.694108828505,-0.0,49.7551604513317,4069.992838615995,10277.545191112837
2025-04-30 12:45:00+00:00,order,buy,1772.0785473135852,1.2395682,scalp_pingpong,ETHUSDT,okx_spot,1.7572897721216925,0.0,-1.7572897721216925,4068.2355488438734,10275.787901340715
2025-04-30 13:00:00+00:00,order,sell,1775.41,1.2395682,scalp_pingpong,ETHUSDT,okx_spot,2.200741777962,-0.0,1.9288210319226464,4070.164369875796,10277.716722372637
2025-04-30 13:45:00+00:00,order,buy,1755.6662811308795,0.95682073,scalp_pingpong,ETHUSDT,okx_spot,1.3438863141984267,0.0,-1.3438863141984267,4068.820483561598,10276.37283605844
2025-04-30 14:30:00+00:00,order,sell,1768.8214547670757,0.95682073,scalp_pingpong,ETHUSDT,okx_spot,1.6924450355898952,-4.259244199795448,15.153942006067359,4083.974425567665,10287.267533864711
2025-05-01 13:40:00+00:00,order,buy,1833.389999999,1.23297619,scalp_pingpong,ETHUSDT,okx_spot,1.8084209735862937,0.0,-1.8084209735862937,4082.166004594079,10285.459112891125
2025-05-01 13:55:00+00:00,order,sell,1830.13,1.23297619,scalp_pingpong,ETHUSDT,okx_spot,2.2565067146047006,-0.0,-6.27600909277179,4075.889995501307,10279.183103798354
2025-05-02 06:05:00+00:00,order,buy,1832.307146416756,1.17784163,scalp_pingpong,ETHUSDT,okx_spot,1.7265341087969286,0.0,-1.7265341087969286,4074.1634613925103,10277.456569689557
2025-05-02 06:10:00+00:00,order,sell,1832.930740520525,1.17784163,scalp_pingpong,ETHUSDT,okx_spot,2.1589021310918026,-7.468388150102285,6.043981114652188,4080.2074425071623,10276.032162654106
2025-05-02 16:20:00+00:00,order,buy,1860.5127698377955,1.13598533,scalp_pingpong,ETHUSDT,okx_spot,1.690812170250722,0.0,-1.690812170250722,4078.5166303369115,10274.341350483855
2025-05-03 08:10:00+00:00,order,sell,1823.7009616134396,1.13598533,scalp_pingpong,ETHUSDT,okx_spot,2.0716975386997607,1.0440141248393244,-44.933385777180796,4033.5832445597307,10230.451978831514
2025-05-04 22:10:00+00:00,order,buy,1823.0866335426617,1.25444801,scalp_pingpong,ETHUSDT,okx_spot,1.8295739196041532,0.0,-1.8295739196041532,4031.7536706401265,10228.622404911908
2025-05-04 22:35:00+00:00,order,sell,1817.3612389534992,1.25444801,scalp_pingpong,ETHUSDT,okx_spot,2.2797851896563515,-3.4136527899514237,-6.048342248544575,4025.705328391582,10219.160409873413
2025-05-04 22:45:00+00:00,order,buy,1815.9,1.18265406,scalp_pingpong,ETHUSDT,okx_spot,1.7180652060432,0.0,-1.7180652060432,4023.9872631855387,10217.44234466737
2025-05-04 23:05:00+00:00,order,sell,1816.4,1.18265406,scalp_pingpong,ETHUSDT,okx_spot,2.1481728345840003,-0.0,-1.5568458045842255,4022.4304173809546,10215.885498862786
2025-05-05 01:45:00+00:00,order,buy,1789.1586138403693,1.23568257,scalp_pingpong,ETHUSDT,okx_spot,1.7686656912703242,0.0,-1.7686656912703242,4020.6617516896845,10214.116833171516
2025-05-05 02:05:00+00:00,order,sell,1789.16,1.23568257,scalp_pingpong,ETHUSDT,okx_spot,2.2108338269412005,-0.0,-2.209120973646225,4018.452630716038,10211.90771219787
2025-05-06 11:40:00+00:00,order,buy,1772.9285150136693,1.16213637,scalp_pingpong,ETHUSDT,okx_spot,1.6483077669659811,0.0,-1.6483077669659811,4016.8043229490722,10210.259404430903
2025-05-06 12:15:00+00:00,order,sell,1774.3412149333908,1.16213637,scalp_pingpong,ETHUSDT,okx_spot,2.0620264586640804,-1.419218289680705,0.9989417876212237,4017.8032647366936,10209.839127928843
2025-05-07 18:00:00+00:00,order,buy,1795.0312100990618,1.19142711,scalp_pingpong,ETHUSDT,okx_spot,1.7109190776065026,0.0,-1.7109190776065026,4016.092345659087,10208.128208851236
2025-05-07 18:10:00+00:00,order,sell,1795.8113260143296,1.19142711,scalp_pingpong,ETHUSDT,okx_spot,2.1395782982585207,-3.718832432620412,2.5087053847543945,4018.6010510438414,10206.918081803371
2025-05-08 07:50:00+00:00,order,buy,1927.8386130990111,1.05889639,scalp_pingpong,ETHUSDT,okx_spot,1.6331050783305197,0.0,-1.6331050783305197,4016.967945965511,10205.28497672504
2025-05-08 08:10:00+00:00,order,sell,1928.7912764415014,1.05889639,scalp_pingpong,ETHUSDT,okx_spot,2.0423901196873975,-2.6274146664979314,1.593796321058623,4018.5617422865694,10204.2513583796
2025-05-08 16:05:00+00:00,order,buy,2045.4977581952805,1.98950124,scalp_pingpong,ETHUSDT,okx_spot,3.255616261077385,0.0,-3.255616261077385,4015.306126025492,10200.995742118525
2025-05-08 16:30:00+00:00,order,sell,2045.1013579626433,1.98950124,scalp_pingpong,ETHUSDT,okx_spot,4.068731687592363,-4.638239557562766,-0.2191308843976909,4015.0869951410946,10196.138371676563
2025-05-08 20:10:00+00:00,order,buy,2115.228618146136,1.82471371,scalp_pingpong,ETHUSDT,okx_spot,3.087749327452487,0.0,-3.087749327452487,4011.999245813642,10193.05062234911
2025-05-08 20:15:00+00:00,order,sell,2119.8212671386145,1.82471371,scalp_pingpong,ETHUSDT,okx_spot,3.8680669288974023,-135.99822497150245,140.51042762439857,4152.50967343804,10197.562825002007
2025-05-09 01:30:00+00:00,order,buy,2197.582808555348,1.84936124,scalp_pingpong,ETHUSDT,okx_spot,3.251299574266081,0.0,-3.251299574266081,4149.258373863774,10194.311525427742
2025-05-09 01:35:00+00:00,order,sell,2193.8714619576253,0.16478753,scalp_pingpong,ETHUSDT,okx_spot,0.361522659353486,-24.484372119786048,23.511265821619972,4172.769639685394,10187.086382222355
2025-05-09 01:50:00+00:00,order,sell,2198.3313006280996,1.68457371,scalp_pingpong,ETHUSDT,okx_spot,3.703251114908203,-2.5627430431031617,0.1203819960955772,4172.89002168149,10190.896058082568
2025-05-09 11:40:00+00:00,order,buy,2349.6106796847685,1.73638655,scalp_pingpong,ETHUSDT,okx_spot,3.2638659055527923,0.0,-3.2638659055527923,4169.626155775937,10187.632192177016
2025-05-09 11:55:00+00:00,order,sell,2350.901127029795,1.73638655,scalp_pingpong,ETHUSDT,okx_spot,4.082073097354378,-9.204805674377878,7.363447990410579,4176.9896037663475,10185.79083449305
2025-05-10 09:00:00+00:00,order,buy,2371.548609731971,1.71030947,scalp_pingpong,ETHUSDT,okx_spot,3.2448656366319395,0.0,-3.2448656366319395,4173.744738129715,10182.545968856419
2025-05-10 09:30:00+00:00,order,sell,2391.75,1.71030947,scalp_pingpong,ETHUSDT,okx_spot,4.0906326748725,-0.0,30.45999640770355,4204.2047345374185,10213.005965264121
2025-05-10 17:50:00+00:00,order,buy,2462.599999999,1.03866737,scalp_pingpong,ETHUSDT,okx_spot,2.0462578122887694,0.0,-2.0462578122887694,4202.15847672513,10210.959707451831
2025-05-10 22:45:00+00:00,order,sell,2570.52,1.03866737,scalp_pingpong,ETHUSDT,okx_spot,2.6699152479324,-0.0,109.42306732350598,4311.581544048636,10320.382774775338
2025-05-10 23:35:00+00:00,order,buy,2572.809999999,0.70565767,scalp_pingpong,ETHUSDT,okx_spot,1.4524184879615956,0.0,-1.4524184879615956,4310.129125560674,10318.930356287377
2025-05-11 00:20:00+00:00,order,sell,2566.02,0.70565767,scalp_pingpong,ETHUSDT,okx_spot,1.8107316943734,-0.0,-6.602147272968152,4303.526978287706,10312.32820901441
2025-05-11 00:25:00+00:00,order,buy,2514.1685355682152,0.87659715,scalp_pingpong,ETHUSDT,okx_spot,1.763130378319017,0.0,-1.763130378319017,4301.763847909387,10310.565078636091
2025-05-11 00:40:00+00:00,order,sell,2535.9114435694905,0.87659715,scalp_pingpong,ETHUSDT,okx_spot,2.2229727440854012,-12.808349790401067,29.64514823294598,4331.408996142332,10327.401877078635
2025-05-11 07:15:00+00:00,order,buy,2484.3785631458622,1.11646164,scalp_pingpong,ETHUSDT,okx_spot,2.2189706919925385,0.0,-2.2189706919925385,4329.19002545034,10325.182906386643
2025-05-11 07:40:00+00:00,order,sell,2484.16,1.11646164,scalp_pingpong,ETHUSDT,okx_spot,2.7734693476223997,-0.0,-3.017486715895889,4326.172538734444,10322.165419670746
2025-05-11 13:35:00+00:00,order,buy,2493.849999999,0.92762259,scalp_pingpong,ETHUSDT,okx_spot,1.8506812768564578,0.0,-1.8506812768564578,4324.321857457588,10320.314738393889
2025-05-11 13:40:00+00:00,order,sell,2489.0014003130377,0.92762259,scalp_pingpong,ETHUSDT,okx_spot,2.3088539254720066,-31.382771181706794,24.576246657669294,4348.8981041152565,10313.50821386985
2025-05-11 16:05:00+00:00,order,buy,2449.3286070655154,1.67541314,scalp_pingpong,ETHUSDT,okx_spot,3.282909865964369,0.0,-3.282909865964369,4345.6151942492925,10310.225304003887
2025-05-11 18:45:00+00:00,order,sell,2507.771346560156,1.67541314,scalp_pingpong,ETHUSDT,okx_spot,4.201553066142379,-11.31129473957913,105.02547536035426,4450.6406696096465,10403.939484624663
2025-05-12 07:45:00+00:00,order,buy,2549.8885435300535,1.61786748,scalp_pingpong,ETHUSDT,okx_spot,3.3003054017614706,0.0,-3.3003054017614706,4447.340364207885,10400.6391792229
2025-05-12 08:05:00+00:00,order,sell,2547.2913901699476,1.61786748,scalp_pingpong,ETHUSDT,okx_spot,4.12117990223995,-0.8758975499498792,-7.447132314178072,4439.893231893707,10392.316149358774
2025-05-12 14:30:00+00:00,order,buy,2510.579999999,1.21876913,scalp_pingpong,ETHUSDT,okx_spot,2.4478539219153452,0.0,-2.4478539219153452,4437.4453779717915,10389.86829543686
2025-05-12 14:55:00+00:00,order,sell,2505.901378422347,1.21876913,scalp_pingpong,ETHUSDT,okx_spot,3.054115242845605,-2.3173413256047226,-6.438933465817556,4431.006444505974,10381.112020645436
2025-05-13 01:45:00+00:00,order,buy,2445.382971670845,0.7338713,scalp_pingpong,ETHUSDT,okx_spot,1.435677104334357,0.0,-1.435677104334357,4429.57076740164,10379.676343541101
2025-05-13 02:05:00+00:00,order,sell,2453.701439240654,0.7338713,scalp_pingpong,ETHUSDT,okx_spot,1.80070106502741,-2.488879924409843,6.792863468845653,4436.363630870486,10383.980327085537
2025-05-13 02:20:00+00:00,order,buy,2423.429999999,0.94948876,scalp_pingpong,ETHUSDT,okx_spot,1.8408156365166806,0.0,-1.8408156365166806,4434.52281523397,10382.13951144902
2025-05-13 02:35:00+00:00,order,sell,2438.6,0.94948876,scalp_pingpong,ETHUSDT,okx_spot,2.315423290136,-0.0,12.08832120001362,4446.611136433983,10394.227832649034
2025-05-13 20:00:00+00:00,order,buy,2682.5850340283223,1.54502998,scalp_pingpong,ETHUSDT,okx_spot,3.315739441178463,0.0,-3.315739441178463,4443.295396992805,10390.912093207857
2025-05-13 21:05:00+00:00,order,sell,2678.1013665464834,1.54502998,scalp_pingpong,ETHUSDT,okx_spot,4.137746900793286,-1.7170946330862613,-9.348052947499323,4433.947344045306,10379.84694562727
2025-05-14 01:55:00+00:00,order,buy,2671.888725690665,1.55363672,scalp_pingpong,ETHUSDT,okx_spot,3.32091554878962,0.0,-3.32091554878962,4430.626428496516,10376.526030078483
2025-05-14 05:15:00+00:00,order,sell,2669.5210385048176,1.55363672,scalp_pingpong,ETHUSDT,okx_spot,4.1474659102336195,-3.0312050632183047,-4.794786600420981,4425.831641896096,10368.700038414843
2025-05-14 09:05:00+00:00,order,buy,2589.299999999,0.74290272,scalp_pingpong,ETHUSDT,okx_spot,1.5388784103162059,0.0,-1.5388784103162059,4424.29276348578,10367.161160004527
2025-05-14 10:30:00+00:00,order,sell,2609.22,0.74290272,scalp_pingpong,ETHUSDT,okx_spot,1.9383966350783999,-0.0,12.86022554806407,4437.152989033843,10380.02138555259
2025-05-14 13:50:00+00:00,order,buy,2584.7122004362636,1.20636937,scalp_pingpong,ETHUSDT,okx_spot,2.4944941030972876,0.0,-2.4944941030972876,4434.658494930746,10377.526891449495
2025-05-14 14:20:00+00:00,order,sell,2573.05,1.20636937,scalp_pingpong,ETHUSDT,okx_spot,3.1040487074785004,-0.0,-17.172970100587623,4417.485524830158,10360.353921348908
2025-05-14 14:30:00+00:00,order,buy,2567.188591008467,0.90370127,scalp_pingpong,ETHUSDT,okx_spot,1.8559772720190897,0.0,-1.8559772720190897,4415.629547558139,10358.49794407689
2025-05-14 14:35:00+00:00,order,sell,2577.461345913764,0.90370127,scalp_pingpong,ETHUSDT,okx_spot,2.329255091678178,-6.905494006777721,13.859740569415385,4429.489288127555,10365.452190639526
2025-05-15 01:45:00+00:00,order,buy,2588.75230341725,0.90705167,scalp_pingpong,ETHUSDT,okx_spot,1.8785056800247706,0.0,-1.8785056800247706,4427.61078244753,10363.573684959501
2025-05-15 02:45:00+00:00,order,sell,2596.0110731014947,0.90705167,scalp_pingpong,ETHUSDT,okx_spot,2.354716179195203,-9.769919844403072,13.999282829447353,4441.610065276977,10367.803047944546
2025-05-15 07:35:00+00:00,order,buy,2532.249999999,0.68210592,scalp_pingpong,ETHUSDT,okx_spot,1.3818101727354544,0.0,-1.3818101727354544,4440.228255104242,10366.42123777181
2025-05-15 08:00:00+00:00,order,sell,2546.7114462139225,0.68210592,scalp_pingpong,ETHUSDT,okx_spot,1.7371269539942782,-10.716870474278124,18.843981595244514,4459.072236699486,10374.548348892777
2025-05-15 12:50:00+00:00,order,buy,2553.548567981172,0.71507864,scalp_pingpong,ETHUSDT,okx_spot,1.460790429732739,0.0,-1.460790429732739,4457.611446269753,10373.087558463043
2025-05-15 13:40:00+00:00,order,sell,2545.081369546216,0.71507864,scalp_pingpong,ETHUSDT,okx_spot,1.8199333244244456,-4.355808250845809,-3.518837815057034,4454.092608454696,10365.21291239714
2025-05-15 13:45:00+00:00,order,buy,2517.7885559917313,0.99791119,scalp_pingpong,ETHUSDT,okx_spot,2.010023499262472,0.0,-2.010023499262472,4452.082584955434,10363.202888897878
2025-05-15 14:30:00+00:00,order,sell,2516.4,0.99791119,scalp_pingpong,ETHUSDT,okx_spot,2.5111437185159997,-0.0,-3.8967992806065053,4448.1857856748275,10359.306089617272
2025-05-15 18:30:00+00:00,order,buy,2538.085539429159,1.02476696,scalp_pingpong,ETHUSDT,okx_spot,2.0807569619686235,0.0,-2.0807569619686235,4446.105028712859,10357.225332655304
2025-05-15 18:40:00+00:00,order,sell,2541.6212585494554,1.02476696,scalp_pingpong,ETHUSDT,okx_spot,2.6045694905951,-12.10378751749951,13.12250616122473,4459.227534874084,10358.244051299027
2025-05-15 18:45:00+00:00,order,buy,2523.5448742798,1.21051371,scalp_pingpong,ETHUSDT,okx_spot,2.4438285344927393,0.0,-2.4438285344927393,4456.783706339591,10355.800222764534
2025-05-15 20:15:00+00:00,order,sell,2535.321407144685,1.21051371,scalp_pingpong,ETHUSDT,okx_spot,3.069041322605133,-16.86415934823337,28.050772514837753,4484.834478854429,10366.986835931139
2025-05-16 08:30:00+00:00,order,buy,2564.373640535793,1.1507362,scalp_pingpong,ETHUSDT,okx_spot,2.36073406279226,0.0,-2.36073406279226,4482.473744791637,10364.626101868347
2025-05-16 08:40:00+00:00,order,sell,2568.6112377632708,1.1507362,scalp_pingpong,ETHUSDT,okx_spot,2.955793935021003,-8.770034183002952,10.690596778660044,4493.1643415702965,10366.546664464004
2025-05-16 20:45:00+00:00,order,buy,2568.288608155469,0.87426379,scalp_pingpong,ETHUSDT,okx_spot,1.7962893859038602,0.0,-1.7962893859038602,4491.368052184393,10364.7503750781
2025-05-16 21:30:00+00:00,order,sell,2572.7014371131813,0.87426379,scalp_pingpong,ETHUSDT,okx_spot,2.2492197089490165,-3.4458557486163754,5.054612608858482,4496.422664793251,10366.359131938341
2025-05-17 00:25:00+00:00,order,buy,2500.248548982624,1.09968544,scalp_pingpong,ETHUSDT,okx_spot,2.199589540557855,0.0,-2.199589540557855,4494.223075252693,10364.159542397785
2025-05-17 00:40:00+00:00,order,sell,2504.4613459698553,1.09968544,scalp_pingpong,ETHUSDT,okx_spot,2.7541196772058525,-11.086309378652434,12.964941209980637,4507.188016462674,10366.038174229112
2025-05-17 02:00:00+00:00,order,buy,2473.28868281928,1.14771531,scalp_pingpong,ETHUSDT,okx_spot,2.270905029857137,0.0,-2.270905029857137,4504.9171114328165,10363.767269199256
2025-05-17 02:30:00+00:00,order,sell,2488.421382548012,1.14771531,scalp_pingpong,ETHUSDT,okx_spot,2.85599931848172,-6.314020976520023,20.82605281833672,4525.743164251153,10378.279301041071
2025-05-17 13:45:00+00:00,order,buy,2454.988542041101,0.68812693,scalp_pingpong,ETHUSDT,okx_spot,1.3514749828959352,0.0,-1.3514749828959352,4524.391689268257,10376.927826058176
2025-05-17 16:40:00+00:00,order,sell,2459.701425124771,0.68812693,scalp_pingpong,ETHUSDT,okx_spot,1.6925867903877336,-4.714650137233631,6.26512511466055,4530.656814382918,10378.478301035602
2025-05-18 06:45:00+00:00,order,buy,2497.600334724643,0.69465758,scalp_pingpong,ETHUSDT,okx_spot,1.3879816034616084,0.0,-1.3879816034616084,4529.268832779457,10377.090319432142
2025-05-18 08:15:00+00:00,order,sell,2519.61,0.69465758,scalp_pingpong,ETHUSDT,okx_spot,1.7502661851438002,-0.0,13.538914631645866,4542.807747411102,10390.629234063786
2025-05-18 17:35:00+00:00,order,buy,2525.7885587655755,1.01543464,scalp_pingpong,ETHUSDT,okx_spot,2.051818556708993,0.0,-2.051818556708993,4540.7559288543935,10388.577415507078
2025-05-18 17:50:00+00:00,order,sell,2514.5,1.01543464,scalp_pingpong,ETHUSDT,okx_spot,2.55331040228,-0.0,-14.016104008520667,4526.739824845873,10374.561311498555
2025-05-18 17:55:00+00:00,order,buy,2490.188539281443,0.85537212,scalp_pingpong,ETHUSDT,okx_spot,1.7040302800358968,0.0,-1.7040302800358968,4525.035794565837,10372.85728121852
2025-05-18 19:35:00+00:00,order,sell,2435.2,0.85537212,scalp_pingpong,ETHUSDT,okx_spot,2.083002186624,-0.0,-49.11866560749506,4475.917128958342,10323.738615611024
2025-05-18 19:40:00+00:00,order,buy,2426.897679088973,1.69575904,scalp_pingpong,ETHUSDT,okx_spot,3.2923469427761156,0.0,-3.2923469427761156,4472.624782015566,10320.44626866825
2025-05-18 19:50:00+00:00,order,sell,2424.69,1.69575904,scalp_pingpong,ETHUSDT,okx_spot,4.1116899866976,-0.0,-7.85538175924208,4464.769400256324,10312.590886909007
2025-05-18 20:15:00+00:00,order,buy,2372.1955627513867,1.73420681,scalp_pingpong,ETHUSDT,okx_spot,3.2911021596601895,0.0,-3.2911021596601895,4461.478298096664,10309.299784749348
2025-05-18 23:05:00+00:00,order,sell,2447.1,1.73420681,scalp_pingpong,ETHUSDT,okx_spot,4.243777484751,-0.0,125.65600769101209,4587.134305787676,10434.955792440358
2025-05-19 00:20:00+00:00,order,buy,2461.188639189606,1.68556534,scalp_pingpong,ETHUSDT,okx_spot,3.3187954123358128,0.0,-3.3187954123358128,4583.81551037534,10431.636997028021
2025-05-19 02:15:00+00:00,order,sell,2401.011404377475,1.68556534,scalp_pingpong,ETHUSDT,okx_spot,4.047061604163396,-3.1543743557966435,-102.32534850473584,4481.4901618706035,10326.157274167488
2025-05-19 06:45:00+00:00,order,buy,2371.2887495769846,0.93953655,scalp_pingpong,ETHUSDT,okx_spot,1.7823299606650995,0.0,-1.7823299606650995,4479.707831909938,10324.374944206822
2025-05-19 12:40:00+00:00,order,sell,2400.0114163373532,0.93953655,scalp_pingpong,ETHUSDT,okx_spot,2.2548984460662105,-12.685074125710294,37.41617091448016,4517.124002824418,10349.106040995592
2025-05-20 00:30:00+00:00,order,buy,2524.788597220665,1.16226957,scalp_pingpong,ETHUSDT,okx_spot,2.3475879657860528,0.0,-2.3475879657860528,4514.776414858632,10346.758453029806
2025-05-20 00:50:00+00:00,order,sell,2518.5013411402742,1.16226957,scalp_pingpong,ETHUSDT,okx_spot,2.92717747081153,-1.5008865118298025,-8.733777380017447,4506.042637478615,10336.523789137958
2025-05-20 18:30:00+00:00,order,buy,2472.409999999,0.70787432,scalp_pingpong,ETHUSDT,okx_spot,1.4001244380083937,0.0,-1.4001244380083937,4504.642513040606,10335.12366469995
2025-05-20 18:45:00+00:00,order,sell,2471.85,0.70787432,scalp_pingpong,ETHUSDT,okx_spot,1.7497591378919999,-0.0,-2.1461687563838163,4502.496344284222,10332.977495943565
2025-05-20 18:55:00+00:00,order,buy,2451.6561228269215,0.81037462,scalp_pingpong,ETHUSDT,okx_spot,1.5894079191252322,0.0,-1.5894079191252322,4500.906936365097,10331.388088024441
2025-05-21 05:25:00+00:00,order,sell,2586.79,0.81037462,scalp_pingpong,ETHUSDT,okx_spot,2.0962689632698,-0.0,107.41279539999042,4608.319731765087,10438.80088342443
2025-05-21 07:20:00+00:00,order,buy,2548.0485516332456,0.72553934,scalp_pingpong,ETHUSDT,okx_spot,1.4789675715519528,0.0,-1.4789675715519528,4606.8407641935355,10437.321915852877
2025-05-21 07:40:00+00:00,order,sell,2553.0113831039366,0.72553934,scalp_pingpong,ETHUSDT,okx_spot,1.8523101939097173,-2.765308381717461,4.513727657584268,4611.35449185112,10439.070335128745
2025-05-21 17:25:00+00:00,order,buy,2478.828538661623,1.6688094,scalp_pingpong,ETHUSDT,okx_spot,3.309353893045424,0.0,-3.309353893045424,4608.0451379580745,10435.7609812357
2025-05-21 17:40:00+00:00,order,sell,2503.2,1.6688094,scalp_pingpong,ETHUSDT,okx_spot,4.177363690079999,-0.0,36.49396008314014,4644.539098041215,10472.254941318839
2025-05-21 23:40:00+00:00,order,buy,2560.1574781101162,0.93999886,scalp_pingpong,ETHUSDT,okx_spot,1.9252360886751876,0.0,-1.9252360886751876,4642.61386195254,10470.329705230164
2025-05-22 00:30:00+00:00,order,sell,2570.32,0.93999886,scalp_pingpong,ETHUSDT,okx_spot,2.4160978698352,-0.0,7.136661121381051,4649.750523073921,10477.466366351544
2025-05-22 04:00:00+00:00,order,buy,2618.858557219612,0.88929234,scalp_pingpong,ETHUSDT,okx_spot,1.8631446835830823,0.0,-1.8631446835830823,4647.887378390337,10475.603221667961
2025-05-22 04:25:00+00:00,order,sell,2622.6012537372176,0.88929234,scalp_pingpong,ETHUSDT,okx_spot,2.3322592058229037,-5.3902265193039955,6.386318657532135,4654.273697047869,10476.59931380619
2025-05-22 06:10:00+00:00,order,buy,2613.4739246439167,1.23702909,scalp_pingpong,ETHUSDT,okx_spot,2.586354616592794,0.0,-2.586354616592794,4651.687342431276,10474.012959189597
2025-05-22 06:55:00+00:00,order,sell,2612.29,1.23702909,scalp_pingpong,ETHUSDT,okx_spot,3.2314787215161003,-0.0,-4.696027946408935,4646.991314484867,10469.316931243187
2025-05-22 08:30:00+00:00,order,buy,2656.418581958654,0.95146605,scalp_pingpong,ETHUSDT,okx_spot,2.0219936762582416,0.0,-2.0219936762582416,4644.969320808609,10467.29493756693
2025-05-22 08:35:00+00:00,order,sell,2659.5213869372346,0.95146605,scalp_pingpong,ETHUSDT,okx_spot,2.530444308919692,-47.62219542619243,48.04396471416277,4693.013285522772,10467.7167068549
2025-05-23 02:50:00+00:00,order,buy,2708.114838945164,0.68647307,scalp_pingpong,ETHUSDT,okx_spot,1.4872383259225939,0.0,-1.4872383259225939,4691.5260471968495,10466.229468528978
2025-05-23 02:55:00+00:00,order,sell,2704.911469184278,0.28556304,scalp_pingpong,ETHUSDT,okx_spot,0.7724227420711287,-27.254556082328758,25.567369333095254,4717.093416529945,10463.258018712806
2025-05-23 03:15:00+00:00,order,sell,2706.3,0.40091003,scalp_pingpong,ETHUSDT,okx_spot,1.084982814189,-0.0,-1.812569950139671,4715.280846579805,10462.729711829603
2025-05-23 11:35:00+00:00,order,buy,2647.364192568622,0.71581585,scalp_pingpong,ETHUSDT,okx_spot,1.5160201998104577,0.0,-1.5160201998104577,4713.764826379995,10461.213691629791
2025-05-23 11:50:00+00:00,order,sell,2591.82,0.71581585,scalp_pingpong,ETHUSDT,okx_spot,1.8552658363470003,-0.0,-41.61467925241877,4672.150147127576,10419.599012377374
2025-05-24 06:45:00+00:00,order,buy,2540.370380878111,0.89007096,scalp_pingpong,ETHUSDT,okx_spot,1.8088879229309969,0.0,-1.8088879229309969,4670.341259204645,10417.790124454443
2025-05-24 14:00:00+00:00,order,sell,2548.5112438083834,0.89007096,scalp_pingpong,ETHUSDT,okx_spot,2.268355849347322,-1.9236603513219226,6.9012501855504835,4677.242509390196,10422.767714288671
2025-05-25 00:50:00+00:00,order,buy,2489.3786246547106,1.67111876,scalp_pingpong,ETHUSDT,okx_spot,3.3280378563227884,0.0,-3.3280378563227884,4673.9144715338725,10419.43967643235
2025-05-25 01:15:00+00:00,order,sell,2490.8112261746937,1.67111876,scalp_pingpong,ETHUSDT,okx_spot,4.162441367679134,-4.697892799133728,2.9294987071031118,4676.843970240976,10417.671282340318
2025-05-26 14:00:00+00:00,order,buy,2548.379529310575,0.86114979,scalp_pingpong,ETHUSDT,okx_spot,1.7556291972048808,0.0,-1.7556291972048808,4675.088341043771,10415.91565314311
2025-05-26 14:35:00+00:00,order,sell,2544.521212558294,0.86114979,scalp_pingpong,ETHUSDT,okx_spot,2.1912139078451203,-0.78469050322003,-4.729112065605818,4670.359228978165,10410.401850574286
2025-05-27 01:25:00+00:00,order,buy,2523.920391857936,0.75081725,scalp_pingpong,ETHUSDT,okx_spot,1.5160023742669584,0.0,-1.5160023742669584,4668.843226603898,10408.88584820002
2025-05-27 03:20:00+00:00,order,sell,2559.73,0.75081725,scalp_pingpong,ETHUSDT,okx_spot,1.9218894393425001,-0.0,24.96458206945956,4693.807808673358,10433.85043026948
2025-05-28 13:50:00+00:00,order,buy,2662.799999999,0.72985211,scalp_pingpong,ETHUSDT,okx_spot,1.5547601588058164,0.0,-1.5547601588058164,4692.253048514552,10432.295670110676
2025-05-28 14:00:00+00:00,order,sell,2657.25,0.72985211,scalp_pingpong,ETHUSDT,okx_spot,1.9393995192975002,-0.0,-5.990078729067851,4686.262969785484,10426.305591381608
2025-05-29 01:15:00+00:00,order,buy,2711.7068264818454,0.63558928,scalp_pingpong,ETHUSDT,okx_spot,1.378825431531745,0.0,-1.378825431531745,4684.884144353952,10424.926765950077
2025-05-29 02:00:00+00:00,order,sell,2711.76,0.63558928,scalp_pingpong,ETHUSDT,okx_spot,1.7235655859328003,-0.0,-1.6897690678139665,4683.194375286138,10423.236996882262
2025-05-29 13:55:00+00:00,order,buy,2660.9185805344305,0.68267076,scalp_pingpong,ETHUSDT,okx_spot,1.453225047737249,0.0,-1.453225047737249,4681.741150238401,10421.783771834525
2025-05-29 14:55:00+00:00,order,sell,2672.211433859531,0.68267076,scalp_pingpong,ETHUSDT,okx_spot,1.824240610433576,-0.8952775495757661,6.7803377011573085,4688.521487939558,10427.668831986106
2025-05-30 00:55:00+00:00,order,buy,2573.8185340412797,0.96550764,scalp_pingpong,ETHUSDT,okx_spot,1.9880331668723645,0.0,-1.9880331668723645,4686.533454772685,10425.680798819234
2025-05-30 06:45:00+00:00,order,sell,2617.03,0.96550764,scalp_pingpong,ETHUSDT,okx_spot,2.5267624591092006,-0.0,39.194238059635204,4725.727692832321,10464.87503687887
2025-05-30 12:20:00+00:00,order,buy,2584.1758917020506,1.18227195,scalp_pingpong,ETHUSDT,okx_spot,2.444158936500458,0.0,-2.444158936500458,4723.28353389582,10462.43087794237
2025-05-30 12:40:00+00:00,order,sell,2616.121245458722,1.18227195,scalp_pingpong,ETHUSDT,okx_spot,3.092966766304912,-6.302981964412083,40.97811087744732,4764.261644773268,10497.106006855403
2025-05-30 16:45:00+00:00,order,buy,2546.3285950661298,1.43485286,scalp_pingpong,ETHUSDT,okx_spot,2.9228854937043343,0.0,-2.9228854937043343,4761.338759279563,10494.1831213617
2025-05-30 17:00:00+00:00,order,sell,2550.0213595791324,1.43485286,scalp_pingpong,ETHUSDT,okx_spot,3.6589054408532062,-13.245642693806603,14.885310975741604,4776.224070255305,10495.822789643635
2025-05-30 22:55:00+00:00,order,buy,2526.588593845865,0.89351559,scalp_pingpong,ETHUSDT,okx_spot,1.806037038493967,0.0,-1.806037038493967,4774.418033216812,10494.016752605141
2025-05-30 23:05:00+00:00,order,sell,2535.241358471411,0.89351559,scalp_pingpong,ETHUSDT,okx_spot,2.265277678206984,-1.1181083028843826,6.584210714202772,4781.002243931014,10499.482855016458
2025-06-01 02:05:00+00:00,order,buy,2494.9886612153878,0.94065032,scalp_pingpong,ETHUSDT,okx_spot,1.8775295060549009,0.0,-1.8775295060549009,4779.124714424959,10497.605325510405
2025-06-01 03:25:00+00:00,order,sell,2501.811299747926,0.94065032,scalp_pingpong,ETHUSDT,okx_spot,2.3533295996875028,-7.733368238702482,11.797755757891661,4790.922470182851,10501.669713029592
2025-06-01 12:40:00+00:00,order,buy,2482.078714041126,0.77054261,scalp_pingpong,ETHUSDT,okx_spot,1.5300379284341545,0.0,-1.5300379284341545,4789.392432254416,10500.139675101158
2025-06-01 13:05:00+00:00,order,sell,2487.2311415407266,0.77054261,scalp_pingpong,ETHUSDT,okx_spot,1.916517575476071,-4.470026743771053,6.5236741016733095,4795.91610635609,10502.19332245906
2025-06-03 15:45:00+00:00,order,buy,2620.0885638829077,0.67012287,scalp_pingpong,ETHUSDT,okx_spot,1.404625014466714,0.0,-1.404625014466714,4794.511481341623,10500.788697444594
2025-06-03 15:55:00+00:00,order,sell,2623.411313093896,0.67012287,scalp_pingpong,ETHUSDT,okx_spot,1.7580079183209503,-0.4833684006500246,0.95201071988688,4795.46349206151,10501.257339763828
2025-06-04 20:25:00+00:00,order,buy,2604.051757793658,0.83909296,scalp_pingpong,ETHUSDT,okx_spot,1.7480331979522268,0.0,-1.7480331979522268,4793.715458863558,10499.509306565877
2025-06-04 20:40:00+00:00,order,sell,2610.381443658048,0.83909296,scalp_pingpong,ETHUSDT,okx_spot,2.190352692288105,-3.1142462449045194,6.235088400437258,4799.950547263995,10502.63014872141
2025-06-05 13:55:00+00:00,order,buy,2590.1985509050355,0.83686511,scalp_pingpong,ETHUSDT,okx_spot,1.7341174361799867,0.0,-1.7341174361799867,4798.216429827815,10500.89603128523
2025-06-05 14:10:00+00:00,order,sell,2590.05,0.83686511,scalp_pingpong,ETHUSDT,okx_spot,2.1675224781555005,-0.0,-2.2918395476388684,4795.924590280176,10498.604191737591
2025-06-05 16:30:00+00:00,order,buy,2564.478630916057,0.88089913,scalp_pingpong,ETHUSDT,okx_spot,1.8072375959020368,0.0,-1.8072375959020368,4794.117352684274,10496.79695414169
2025-06-05 17:50:00+00:00,order,sell,2569.61104087529,0.88089913,scalp_pingpong,ETHUSDT,okx_spot,2.263568130345438,-5.00442396453772,7.261991302083609,4801.3793439863575,10499.054521479235
2025-06-05 20:25:00+00:00,order,buy,2473.9685830008793,1.69623435,scalp_pingpong,ETHUSDT,okx_spot,3.357144393045534,0.0,-3.357144393045534,4798.022199593312,10495.69737708619
2025-06-05 20:45:00+00:00,order,sell,2437.06143717576,1.69623435,scalp_pingpong,ETHUSDT,okx_spot,4.133827322797891,-30.839978269891162,-35.89701756193327,4762.125182031378,10428.960381254365
2025-06-05 20:50:00+00:00,order,buy,2408.966574770206,1.71159469,scalp_pingpong,ETHUSDT,okx_spot,3.298539518211338,0.0,-3.298539518211338,4758.826642513167,10425.661841736153
2025-06-06 00:05:00+00:00,order,sell,2412.161206517726,1.71159469,scalp_pingpong,ETHUSDT,okx_spot,4.128642312499734,-7.1222989797331895,8.4615714027935,4767.28821391596,10427.001114159215
2025-06-06 11:45:00+00:00,order,buy,2476.155980154454,0.71950344,scalp_pingpong,ETHUSDT,okx_spot,1.4252821965581612,0.0,-1.4252821965581612,4765.862931719402,10425.575831962658
2025-06-06 12:20:00+00:00,order,sell,2477.16,0.71950344,scalp_pingpong,ETHUSDT,okx_spot,1.7823251414304,-0.0,-1.0599294087316853,4764.80300231067,10424.515902553925
2025-06-07 07:15:00+00:00,order,buy,2490.3685939550687,0.88243011,scalp_pingpong,ETHUSDT,okx_spot,1.7580609858434535,0.0,-1.7580609858434535,4763.044941324827,10422.757841568084
2025-06-07 07:50:00+00:00,order,sell,2490.9807961988427,0.88243011,scalp_pingpong,ETHUSDT,okx_spot,2.1981164579976324,-0.7066466778324496,-0.9512440868494496,4762.093697237978,10421.0999508034
2025-06-09 13:50:00+00:00,order,buy,2520.0685881314894,0.87542868,scalp_pingpong,ETHUSDT,okx_spot,1.7649122540939308,0.0,-1.7649122540939308,4760.328784983883,10419.335038549307
2025-06-09 16:30:00+00:00,order,sell,2567.4,0.87542868,scalp_pingpong,ETHUSDT,okx_spot,2.2475755930320003,-0.0,39.18769982155461,4799.516484805438,10458.52273837086
2025-06-10 02:20:00+00:00,order,buy,2686.549703817978,1.15414935,scalp_pingpong,ETHUSDT,okx_spot,2.480543675523369,0.0,-2.480543675523369,4797.035941129915,10456.042194695337
2025-06-10 03:05:00+00:00,order,sell,2686.25,1.15414935,scalp_pingpong,ETHUSDT,okx_spot,3.1003336914375,-0.0,-3.446236658149447,4793.589704471766,10452.59595803719
2025-06-10 05:30:00+00:00,order,buy,2670.778587803461,0.84318537,scalp_pingpong,ETHUSDT,okx_spot,1.8015691453961111,0.0,-1.8015691453961111,4791.78813532637,10450.794388891794
2025-06-10 05:55:00+00:00,order,sell,2670.511369282699,0.84318537,scalp_pingpong,ETHUSDT,okx_spot,2.2517361169978396,-3.1125085744390355,0.6354577101418881,4792.423593036512,10448.317338027497
2025-06-10 12:00:00+00:00,order,buy,2770.9985926922777,1.38745992,scalp_pingpong,ETHUSDT,okx_spot,3.0757195885895525,0.0,-3.0757195885895525,4789.347873447922,10445.241618438908
2025-06-10 13:10:00+00:00,order,sell,2773.6613471607666,1.38745992,scalp_pingpong,ETHUSDT,okx_spot,3.8483439508387693,-3.498268129969605,3.3443892809601725,4792.692262728882,10445.087739589897
2025-06-10 19:50:00+00:00,order,buy,2765.218577611351,1.26098244,scalp_pingpong,ETHUSDT,okx_spot,2.789513655303753,0.0,-2.789513655303753,4789.902749073579,10442.298225934594
2025-06-10 20:05:00+00:00,order,sell,2761.0013335243893,1.26098244,scalp_pingpong,ETHUSDT,okx_spot,3.4815741983908386,-3.9863860612380835,-4.813058876005189,4785.089690197574,10433.49878099735
2025-06-10 20:15:00+00:00,order,buy,2759.888643353318,0.75442893,scalp_pingpong,ETHUSDT,okx_spot,1.6657118688993564,0.0,-1.6657118688993564,4783.423978328675,10431.83306912845
2025-06-10 20:20:00+00:00,order,sell,2761.19,0.75442893,scalp_pingpong,ETHUSDT,okx_spot,2.0831216172267,-0.0,-1.1013405147216897,4782.322637813953,10430.731728613728
2025-06-11 12:25:00+00:00,order,buy,2767.589999999,0.64613794,scalp_pingpong,ETHUSDT,okx_spot,1.4305959210911634,0.0,-1.4305959210911634,4780.892041892862,10429.301132692637
2025-06-11 12:40:00+00:00,order,sell,2814.011461745749,0.64613794,scalp_pingpong,ETHUSDT,okx_spot,1.818239569028787,-10.565299808387076,38.74172790419158,4819.633769797054,10457.47756078844
2025-06-11 13:45:00+00:00,order,buy,2797.9592721702074,1.49166656,scalp_pingpong,ETHUSDT,okx_spot,3.33889782603059,0.0,-3.33889782603059,4816.294871971023,10454.13866296241
2025-06-11 18:05:00+00:00,order,sell,2824.6213645312737,1.49166656,scalp_pingpong,ETHUSDT,okx_spot,4.213393234132871,-8.086868180871301,43.64442654137194,4859.939298512395,10489.69622132291
2025-06-11 22:05:00+00:00,order,buy,2771.539999999,0.69503711,scalp_pingpong,ETHUSDT,okx_spot,1.541058521478964,0.0,-1.541058521478964,4858.398239990916,10488.155162801433
2025-06-11 22:20:00+00:00,order,sell,2767.78,0.69503711,scalp_pingpong,ETHUSDT,okx_spot,1.9237098123158003,-0.0,-4.537049345221029,4853.861190645695,10483.618113456212
2025-06-12 11:40:00+00:00,order,buy,2729.51029169123,0.81295931,scalp_pingpong,ETHUSDT,okx_spot,1.7751846426969609,0.0,-1.7751846426969609,4852.086006002998,10481.842928813516
2025-06-12 11:55:00+00:00,order,sell,2731.32,0.81295931,scalp_pingpong,ETHUSDT,okx_spot,2.2204520225892,-0.0,-0.749232804590577,4851.336773198407,10481.093696008926
2025-06-12 15:55:00+00:00,order,buy,2719.8885748617054,0.8168318,scalp_pingpong,ETHUSDT,okx_spot,1.7773531843229773,0.0,-1.7773531843229773,4849.559420014084,10479.316342824603
2025-06-12 18:20:00+00:00,order,sell,2746.3,0.8168318,scalp_pingpong,ETHUSDT,okx_spot,2.24326517234,-0.0,19.33042676393892,4868.889846778023,10498.64676958854
2025-06-12 18:50:00+00:00,order,buy,2721.5170889681676,0.69644071,scalp_pingpong,ETHUSDT,okx_spot,1.516300234974499,0.0,-1.516300234974499,4867.373546543048,10497.130469353568
2025-06-12 19:40:00+00:00,order,sell,2724.21,0.69644071,scalp_pingpong,ETHUSDT,okx_spot,1.8972507465891,-0.0,-0.021797875613094764,4867.3517486674355,10497.108671477954
2025-06-12 19:55:00+00:00,order,buy,2694.0761256153096,1.11539094,scalp_pingpong,ETHUSDT,okx_spot,2.4039584817452946,0.0,-2.4039584817452946,4864.94779018569,10494.70471299621
2025-06-12 20:15:00+00:00,order,sell,2691.631386716973,1.11539094,scalp_pingpong,ETHUSDT,okx_spot,3.0022212625637477,-7.708898126948122,1.9798372465137648,4866.927627432204,10488.975652115774
2025-06-12 20:50:00+00:00,order,buy,2623.068544703389,0.76174378,scalp_pingpong,ETHUSDT,okx_spot,1.5984849187531667,0.0,-1.5984849187531667,4865.32914251345,10487.37716719702
2025-06-12 21:05:00+00:00,order,sell,2645.1,0.76174378,scalp_pingpong,ETHUSDT,okx_spot,2.014888472478,-0.0,14.767435564063469,4880.096578077514,10502.144602761084
2025-06-13 00:10:00+00:00,order,buy,2568.768535178284,1.61974523,scalp_pingpong,ETHUSDT,okx_spot,3.32860046546329,0.0,-3.32860046546329,4876.767977612051,10498.816002295622
2025-06-13 00:35:00+00:00,order,sell,2521.6114591503992,1.61974523,scalp_pingpong,ETHUSDT,okx_spot,4.084368132872199,0.14341361880068138,-80.6102307085862,4796.157746903465,10418.349185205836
2025-06-13 01:10:00+00:00,order,buy,2476.288537624832,1.66664254,scalp_pingpong,ETHUSDT,okx_spot,3.301670254495948,0.0,-3.301670254495948,4792.856076648969,10415.04751495134
2025-06-13 01:25:00+00:00,order,sell,2494.0,1.66664254,scalp_pingpong,ETHUSDT,okx_spot,4.15660649476,-0.0,25.36207014530477,4818.218146794274,10440.409585096646
2025-06-13 14:30:00+00:00,order,buy,2504.845462339095,0.9382001,scalp_pingpong,ETHUSDT,okx_spot,1.880037010600868,0.0,-1.880037010600868,4816.338109783673,10438.529548086044
2025-06-13 15:15:00+00:00,order,sell,2549.16,0.9382001,scalp_pingpong,ETHUSDT,okx_spot,2.391622166916,-0.0,39.18428149799913,4855.522391281672,10477.713829584043
2025-06-14 17:00:00+00:00,order,buy,2498.7164853275012,0.88024331,scalp_pingpong,ETHUSDT,okx_spot,1.7595827758369968,0.0,-1.7595827758369968,4853.762808505835,10475.954246808205
2025-06-14 18:35:00+00:00,order,sell,2497.78,0.88024331,scalp_pingpong,ETHUSDT,okx_spot,2.1986541348518003,-0.0,-3.022989079297382,4850.739819426538,10472.931257728907
2025-06-15 20:45:00+00:00,order,buy,2494.0099999990002,0.90792558,scalp_pingpong,ETHUSDT,okx_spot,1.8115003806199141,0.0,-1.8115003806199141,4848.928319045918,10471.119757348288
2025-06-15 20:50:00+00:00,order,sell,2502.8813826219903,0.88024331,scalp_pingpong,ETHUSDT,okx_spot,2.203144592776557,-8.416343087357049,14.022173698917495,4862.950492744836,10476.971167968892
2025-06-15 22:10:00+00:00,order,sell,2541.45146980189,0.02768227,scalp_pingpong,ETHUSDT,okx_spot,0.07035314577895277,-0.062048972252769966,1.3049834027541622,4864.25547614759,10477.96852239035
2025-06-16 01:15:00+00:00,order,buy,2525.119999999,0.89621864,scalp_pingpong,ETHUSDT,okx_spot,1.8104476897887227,0.0,-1.8104476897887227,4862.4450284578015,10476.158074700563
2025-06-16 01:30:00+00:00,order,sell,2522.5,0.89621864,scalp_pingpong,ETHUSDT,okx_spot,2.2607115194,-0.0,-4.608804355304026,4857.836224102498,10471.549270345258
2025-06-16 22:40:00+00:00,order,buy,2557.1985325652145,0.72872718,scalp_pingpong,ETHUSDT,okx_spot,1.4908000602691096,0.0,-1.4908000602691096,4856.345424042229,10470.05847028499
2025-06-16 22:45:00+00:00,order,sell,2552.621464550302,0.72872718,scalp_pingpong,ETHUSDT,okx_spot,1.8601646414692117,-22.015915365411566,16.820316856767157,4873.165740898996,10464.862871776344
2025-06-17 15:05:00+00:00,order,buy,2516.188540841769,1.01929039,scalp_pingpong,ETHUSDT,okx_spot,2.0517814392865104,0.0,-2.0517814392865104,4871.11395945971,10462.811090337058
2025-06-17 15:10:00+00:00,order,sell,2522.41,0.16749146,scalp_pingpong,ETHUSDT,okx_spot,0.42248213361860004,-0.0,0.6195591441235007,4871.7335186038335,10468.7300817352
2025-06-17 15:20:00+00:00,order,sell,2515.14,0.85179893,scalp_pingpong,ETHUSDT,okx_spot,2.1423935608002,-0.0,-3.035539527880472,4868.697979075953,10460.3951099533
2025-06-17 17:00:00+00:00,order,buy,2457.736717979376,0.72166628,scalp_pingpong,ETHUSDT,okx_spot,1.4189325715868684,0.0,-1.4189325715868684,4867.279046504366,10458.976177381715
2025-06-17 19:05:00+00:00,order,sell,2509.16,0.72166628,scalp_pingpong,ETHUSDT,okx_spot,1.8107761631248,-0.0,35.299672478089335,4902.578718982456,10494.275849859805
2025-06-17 20:05:00+00:00,order,buy,2523.9468203698384,0.68363486,scalp_pingpong,ETHUSDT,okx_spot,1.3803664249527836,0.0,-1.3803664249527836,4901.198352557503,10492.895483434851
2025-06-18 00:45:00+00:00,order,sell,2523.12,0.68363486,scalp_pingpong,ETHUSDT,okx_spot,1.7248927879632,-0.0,-2.2901360157425197,4898.90821654176,10490.605347419109
2025-06-18 10:30:00+00:00,order,buy,2509.7985846645743,0.67969637,scalp_pingpong,ETHUSDT,okx_spot,1.3647207899421192,0.0,-1.3647207899421192,4897.543495751818,10489.240626629167
2025-06-18 11:50:00+00:00,order,sell,2512.171376107362,0.67969637,scalp_pingpong,ETHUSDT,okx_spot,1.7075137651580787,-0.789383124378529,0.6946470896504755,4898.238142841468,10489.145890594438
2025-06-18 14:55:00+00:00,order,buy,2501.0099999990002,1.31457946,scalp_pingpong,ETHUSDT,okx_spot,2.630221100202629,0.0,-2.630221100202629,4895.607921741265,10486.515669494236
2025-06-18 15:15:00+00:00,order,sell,2500.52,1.31457946,scalp_pingpong,ETHUSDT,okx_spot,3.2871322313192,-0.0,-3.9312761654052597,4891.67664557586,10482.58439332883
2025-06-18 19:00:00+00:00,order,buy,2475.559999999,1.04639972,scalp_pingpong,ETHUSDT,okx_spot,2.072340232673723,0.0,-2.072340232673723,4889.604305343186,10480.512053096156
2025-06-18 19:20:00+00:00,order,sell,2501.0,1.04639972,scalp_pingpong,ETHUSDT,okx_spot,2.61704569972,-0.0,24.003363178126786,4913.607668521313,10504.515416274282
2025-06-19 01:10:00+00:00,order,buy,2511.5992914152584,0.71893423,scalp_pingpong,ETHUSDT,okx_spot,1.4445397621137397,0.0,-1.4445397621137397,4912.163128759199,10503.070876512169
2025-06-19 01:55:00+00:00,order,sell,2514.8213250475374,0.71893423,scalp_pingpong,ETHUSDT,okx_spot,1.807991132910631,-1.5969866126310486,2.105425748176733,4914.2685545073755,10503.579315647714
2025-06-20 13:55:00+00:00,order,buy,2534.429888840399,0.90113947,scalp_pingpong,ETHUSDT,okx_spot,1.8270998454254372,0.0,-1.8270998454254372,4912.44145466195,10501.752215802288
2025-06-20 14:10:00+00:00,order,sell,2534.01,0.90113947,scalp_pingpong,ETHUSDT,okx_spot,2.2834964283747006,-0.0,-2.661874835470325,4909.77957982648,10499.090340966817
2025-06-20 14:30:00+00:00,order,buy,2514.2598761361264,0.91642149,scalp_pingpong,ETHUSDT,okx_spot,1.8432974255487076,0.0,-1.8432974255487076,4907.936282400931,10497.247043541269
2025-06-20 14:45:00+00:00,order,sell,2509.86,0.91642149,scalp_pingpong,ETHUSDT,okx_spot,2.3000896408914002,-0.0,-6.332230685375379,4901.604051715556,10490.914812855894
2025-06-20 17:30:00+00:00,order,buy,2400.148552703531,1.73567076,scalp_pingpong,ETHUSDT,okx_spot,3.3326941300670705,0.0,-3.3326941300670705,4898.271357585489,10487.582118725826
2025-06-20 17:50:00+00:00,order,sell,2413.19,1.73567076,scalp_pingpong,ETHUSDT,okx_spot,4.188503321324401,-0.0,18.447155419238175,4916.718513004726,10506.029274145063
2025-06-21 14:00:00+00:00,order,buy,2421.0693349303137,0.96310707,scalp_pingpong,ETHUSDT,okx_spot,1.8653991947452666,0.0,-1.8653991947452666,4914.853113809982,10504.163874950318
2025-06-21 14:15:00+00:00,order,sell,2420.73,0.96310707,scalp_pingpong,ETHUSDT,okx_spot,2.3314221775611,-0.0,-2.6582380480442875,4912.1948757619375,10501.505636902273
2025-06-21 21:30:00+00:00,order,buy,2279.0585352639437,1.79532098,scalp_pingpong,ETHUSDT,okx_spot,3.2733132824059425,0.0,-3.2733132824059425,4908.9215624795315,10498.232323619868
2025-06-21 23:20:00+00:00,order,sell,2269.51,1.79532098,scalp_pingpong,ETHUSDT,okx_spot,4.074498917319801,-0.0,-21.21718460494762,4887.704377874584,10477.01513901492
2025-06-22 13:20:00+00:00,order,buy,2229.978539654152,0.94181379,scalp_pingpong,ETHUSDT,okx_spot,1.6801796320402738,0.0,-1.6801796320402738,4886.024198242543,10475.334959382883
2025-06-22 13:30:00+00:00,order,sell,2198.901455635461,0.94181379,scalp_pingpong,ETHUSDT,okx_spot,2.07095571376855,-3.194119685650115,-28.145662309910353,4857.878535932633,10443.99517738732
2025-06-22 13:40:00+00:00,order,buy,2183.288562791585,1.899694,scalp_pingpong,ETHUSDT,okx_spot,3.318064146403038,0.0,-3.318064146403038,4854.56047178623,10440.677113240916
2025-06-22 13:55:00+00:00,order,sell,2199.82138257695,1.899694,scalp_pingpong,ETHUSDT,okx_spot,4.178987481553136,-2.890161353135866,30.11847242092216,4884.678944207152,10467.905424308703
2025-06-22 20:15:00+00:00,order,buy,2129.408561108816,1.95809098,scalp_pingpong,ETHUSDT,okx_spot,3.335660556993561,0.0,-3.335660556993561,4881.343283650159,10464.56976375171
2025-06-22 20:40:00+00:00,order,sell,2170.0012957167405,1.95809098,scalp_pingpong,ETHUSDT,okx_spot,4.249059963731262,-6.229266447661916,81.46447397324226,4962.807757623401,10539.80497127729
2025-06-23 15:40:00+00:00,order,buy,2260.788670999624,1.75749658,scalp_pingpong,ETHUSDT,okx_spot,3.178662685907668,0.0,-3.178662685907668,4959.629094937493,10536.626308591382
2025-06-23 16:25:00+00:00,order,sell,2210.611400214271,1.75749658,scalp_pingpong,ETHUSDT,okx_spot,3.8851419755855923,10.314044052807805,-102.38556782738584,4857.243527110108,10444.554784816804
2025-06-23 16:30:00+00:00,order,buy,2196.5985591090835,1.24767873,scalp_pingpong,ETHUSDT,okx_spot,2.1925194404392414,0.0,-2.1925194404392414,4855.051007669668,10442.362265376365
2025-06-23 16:35:00+00:00,order,sell,2218.061439947072,1.24767873,scalp_pingpong,ETHUSDT,okx_spot,2.767428080455134,-9.059944171133713,33.07129599676107,4888.12230366643,10466.373617201993
2025-06-23 22:40:00+00:00,order,buy,2395.17860301098,1.74316812,scalp_pingpong,ETHUSDT,okx_spot,3.340159185979901,0.0,-3.340159185979901,4884.7821444804495,10463.033458016012
2025-06-23 22:45:00+00:00,order,sell,2398.671453312178,0.50981785,scalp_pingpong,ETHUSDT,okx_spot,1.2228855231839901,-95.78022040398992,96.33805231173416,4981.120196792183,10467.89919778581
2025-06-24 02:20:00+00:00,order,sell,2396.6113025516283,1.23335027,scalp_pingpong,ETHUSDT,okx_spot,2.9558611970871027,-4.947341085102616,3.7585002533024667,4984.878697045486,10462.402449091956
2025-06-24 07:45:00+00:00,order,buy,2400.0486720262475,0.90886419,scalp_pingpong,ETHUSDT,okx_spot,1.7450546338093689,0.0,-1.7450546338093689,4983.133642411676,10460.657394458147
2025-06-24 08:30:00+00:00,order,sell,2401.7,0.90886419,scalp_pingpong,ETHUSDT,okx_spot,2.182819125123,-0.0,-0.6819862638345273,4982.451656147841,10459.975408194312
2025-06-24 17:35:00+00:00,order,buy,2451.7284552091614,1.23487505,scalp_pingpong,ETHUSDT,okx_spot,2.422062638970269,0.0,-2.422062638970269,4980.029593508871,10457.553345555341
2025-06-24 17:40:00+00:00,order,sell,2455.8912718171973,0.90886419,scalp_pingpong,ETHUSDT,okx_spot,2.2320716314882065,-51.26109622510707,52.812459538199995,5032.84205304707,10460.461832290843
2025-06-24 18:05:00+00:00,order,sell,2456.641445423612,0.32601086,scalp_pingpong,ETHUSDT,okx_spot,0.8008917903341949,-1.6794271527948552,2.480223527445468,5035.322276574516,10459.905505243085
2025-06-25 09:45:00+00:00,order,buy,2413.279999999,0.97450705,scalp_pingpong,ETHUSDT,okx_spot,1.8814066988984208,0.0,-1.8814066988984208,5033.440869875618,10458.024098544187
2025-06-25 11:20:00+00:00,order,sell,2417.581262144955,0.97450705,scalp_pingpong,ETHUSDT,okx_spot,2.355949983908157,-2.6129088631566444,4.448569164379479,5037.889439039997,10459.859758845409
2025-06-25 14:30:00+00:00,order,buy,2402.174308829877,1.73593225,scalp_pingpong,ETHUSDT,okx_spot,3.336009482255395,0.0,-3.336009482255395,5034.553429557742,10456.523749363154
2025-06-25 15:20:00+00:00,order,sell,2412.7713649317698,1.73593225,scalp_pingpong,ETHUSDT,okx_spot,4.188407624261578,-12.639956209078568,26.84732002715198,5061.400749584894,10470.731113181226
2025-06-26 09:15:00+00:00,order,buy,2469.559999999,0.88887811,scalp_pingpong,ETHUSDT,okx_spot,1.756110260264569,0.0,-1.756110260264569,5059.644639324629,10468.97500292096
2025-06-26 09:45:00+00:00,order,sell,2470.22,0.88887811,scalp_pingpong,ETHUSDT,okx_spot,2.1957244848842,-0.0,-1.609064931395229,5058.035574393233,10467.365937989567
2025-06-26 21:00:00+00:00,order,buy,2442.2388356704605,0.79854505,scalp_pingpong,ETHUSDT,okx_spot,1.5601901865139276,0.0,-1.5601901865139276,5056.475384206719,10465.805747803053
2025-06-27 01:10:00+00:00,order,sell,2418.7614471153192,0.79854505,scalp_pingpong,ETHUSDT,okx_spot,1.9314899807247747,-19.333931247274815,-1.3453111510846867,5055.130073055635,10445.126505404694
2025-06-27 05:25:00+00:00,order,buy,2436.636745048678,0.84828765,scalp_pingpong,ETHUSDT,okx_spot,1.653575086688794,0.0,-1.653575086688794,5053.476497968946,10443.472930318007
2025-06-27 06:10:00+00:00,order,sell,2442.6210712024413,0.84828765,scalp_pingpong,ETHUSDT,okx_spot,2.0720452883308016,-4.15751817280175,7.161902854280346,5060.638400823226,10446.477314999485
2025-06-30 07:00:00+00:00,order,buy,2464.558625573101,0.95912625,scalp_pingpong,ETHUSDT,okx_spot,1.8910582979608659,0.0,-1.8910582979608659,5058.747342525266,10444.586256701525
2025-06-30 09:45:00+00:00,order,sell,2462.2613012800225,0.95912625,scalp_pingpong,ETHUSDT,okx_spot,2.3616194484168282,-2.8594443168279957,-1.7055991658433998,5057.041743359422,10440.021213218854
2025-06-30 09:55:00+00:00,order,buy,2452.138595025555,0.78949486,scalp_pingpong,ETHUSDT,okx_spot,1.5487606534242377,0.0,-1.5487606534242377,5055.492982705998,10438.472452565427
2025-06-30 14:55:00+00:00,order,sell,2446.83,0.78949486,scalp_pingpong,ETHUSDT,okx_spot,1.9317597082938,-0.0,-6.122868194790687,5049.370114511207,10432.349584370637
2025-07-01 20:10:00+00:00,order,buy,2400.2986256522922,0.79597053,scalp_pingpong,ETHUSDT,okx_spot,1.5284535753749813,0.0,-1.5284535753749813,5047.841660935832,10430.82113079526
2025-07-01 23:00:00+00:00,order,sell,2401.01,0.79597053,scalp_pingpong,ETHUSDT,okx_spot,1.9111332022353003,-0.0,-1.344900185662022,5046.49676075017,10429.4762306096
2025-07-02 17:45:00+00:00,order,buy,2554.792438749763,1.53018026,scalp_pingpong,ETHUSDT,okx_spot,3.127434366537717,0.0,-3.127434366537717,5043.369326383633,10426.348796243063
2025-07-02 17:50:00+00:00,order,sell,2564.4914126464973,0.79597053,scalp_pingpong,ETHUSDT,okx_spot,2.041259588904681,-135.64246244228124,141.32130024641685,5184.69062663005,10439.148715053194
2025-07-02 20:05:00+00:00,order,sell,2599.01,0.73420973,scalp_pingpong,ETHUSDT,okx_spot,1.9082184303673002,-0.0,30.556745276427762,5215.247371906478,10462.584379323624
2025-07-03 10:00:00+00:00,order,buy,2596.228640761847,0.89229653,scalp_pingpong,ETHUSDT,okx_spot,1.8532846457907302,0.0,-1.8532846457907302,5213.394087260687,10460.731094677834
2025-07-03 10:20:00+00:00,order,sell,2589.6713899503716,0.89229653,scalp_pingpong,ETHUSDT,okx_spot,2.3107547950929934,-1.93752371799343,-6.224243222518754,5207.169844038169,10452.569327737321
2025-07-03 12:40:00+00:00,order,buy,2569.669999999,0.79995802,scalp_pingpong,ETHUSDT,okx_spot,1.64450250020208,0.0,-1.64450250020208,5205.525341537967,10450.92482523712
2025-07-03 12:50:00+00:00,order,sell,2583.821409681471,0.79995802,scalp_pingpong,ETHUSDT,okx_spot,2.0669486589223984,-10.792561375798325,20.046146386674277,5225.571487924641,10460.178410247996
2025-07-04 02:40:00+00:00,order,buy,2574.5986633501693,0.79031061,scalp_pingpong,ETHUSDT,okx_spot,1.6277861121099657,0.0,-1.6277861121099657,5223.943701812531,10458.550624135887
2025-07-04 02:55:00+00:00,order,sell,2575.1212820685637,0.79031061,scalp_pingpong,ETHUSDT,okx_spot,2.035145671255589,-1.36825058768873,-0.2538639654352741,5223.689837847096,10456.928509582764
2025-07-04 19:35:00+00:00,order,buy,2479.4826452017837,0.79699699,scalp_pingpong,ETHUSDT,okx_spot,1.5809121639864478,0.0,-1.5809121639864478,5222.108925683109,10455.347597418777
2025-07-05 16:40:00+00:00,order,sell,2497.92118984457,0.79699699,scalp_pingpong,ETHUSDT,okx_spot,1.9908356695633411,-0.80591526244106,13.510544173159342,5235.619469856269,10468.052226329495
2025-07-07 14:25:00+00:00,order,buy,2543.078649079883,1.00904916,scalp_pingpong,ETHUSDT,okx_spot,2.0528730997343922,0.0,-2.0528730997343922,5233.566596756534,10465.999353229761
2025-07-07 19:05:00+00:00,order,sell,2543.0,1.00904916,scalp_pingpong,ETHUSDT,okx_spot,2.56601201388,-0.0,-2.645372801870481,5230.921223954663,10463.35398042789
2025-07-09 01:25:00+00:00,order,buy,2607.038723823164,0.65482788,scalp_pingpong,ETHUSDT,okx_spot,1.3657293124792227,0.0,-1.3657293124792227,5229.555494642184,10461.98825111541
2025-07-09 05:25:00+00:00,order,sell,2607.91,0.65482788,scalp_pingpong,ETHUSDT,okx_spot,1.7077321765308,-0.0,-1.1371962447590989,5228.418298397425,10460.85105487065
2025-07-09 14:00:00+00:00,order,buy,2651.2686040297654,0.63818231,scalp_pingpong,ETHUSDT,okx_spot,1.3535941777201528,0.0,-1.3535941777201528,5227.064704219705,10459.497460692932
2025-07-09 14:05:00+00:00,order,sell,2653.6614131433103,0.63818231,scalp_pingpong,ETHUSDT,okx_spot,1.6935197705976623,-30.544307199661986,30.37783587653564,5257.442540096241,10459.330989369804
2025-07-09 14:35:00+00:00,order,buy,2639.388589372768,0.84668509,scalp_pingpong,ETHUSDT,okx_spot,1.7877847722704443,0.0,-1.7877847722704443,5255.654755323971,10457.543204597536
2025-07-09 14:40:00+00:00,order,sell,2639.521470603054,0.01664557,scalp_pingpong,ETHUSDT,okx_spot,0.043936339405426066,-0.5613130994260709,0.5195886438412091,5256.174343967812,10457.611776814552
2025-07-09 18:15:00+00:00,order,sell,2713.94,0.83003952,scalp_pingpong,ETHUSDT,okx_spot,2.2526774549088002,-0.0,59.627939637442005,5315.802283605254,10517.12941977939
2025-07-09 20:05:00+00:00,order,buy,2746.3985634736723,1.52598538,scalp_pingpong,ETHUSDT,okx_spot,3.352771244411061,0.0,-3.352771244411061,5312.449512360843,10513.77664853498
2025-07-09 20:30:00+00:00,order,sell,2745.51,1.52598538,scalp_pingpong,ETHUSDT,okx_spot,4.1896081206438005,-0.0,-5.545542990669322,5306.903969370173,10508.23110554431
2025-07-10 13:40:00+00:00,order,buy,2773.4168784419035,0.82506257,scalp_pingpong,ETHUSDT,okx_spot,1.8305939659269237,0.0,-1.8305939659269237,5305.073375404247,10506.400511578384
2025-07-10 13:50:00+00:00,order,sell,2779.3213723798494,0.82506257,scalp_pingpong,ETHUSDT,okx_spot,2.293114034351646,-4.547227059945637,7.125689968584933,5312.199065372832,10508.978974487021
2025-07-11 00:30:00+00:00,order,buy,2923.5024105096318,1.27653925,scalp_pingpong,ETHUSDT,okx_spot,2.9855724595881257,0.0,-2.9855724595881257,5309.2134929132435,10505.993402027434
2025-07-11 04:35:00+00:00,order,sell,2953.691294192171,1.27653925,scalp_pingpong,ETHUSDT,okx_spot,3.770502869419603,-0.35908307710347376,35.125875142129395,5344.339368055373,10540.76019409246
2025-07-11 16:00:00+00:00,order,buy,2947.3609817854835,0.90673343,scalp_pingpong,ETHUSDT,okx_spot,2.1379765859700153,0.0,-2.1379765859700153,5342.201391469403,10538.62221750649
2025-07-11 16:00:00+00:00,order,sell,2956.411415427146,0.90673343,scalp_pingpong,ETHUSDT,okx_spot,2.680677063201411,-2.295318993010944,7.820972668701199,5350.0223641381035,10544.14787118218
2025-07-11 21:45:00+00:00,order,buy,2959.469999999,0.60809806,scalp_pingpong,ETHUSDT,okx_spot,1.4397183725020735,0.0,-1.4397183725020735,5348.582645765601,10542.708152809679
2025-07-11 21:55:00+00:00,order,sell,2966.3913594354804,0.60809806,scalp_pingpong,ETHUSDT,okx_spot,1.8038568308734781,-4.6466958484782985,7.051704263491775,5355.634350029093,10545.11316122469
2025-07-14 14:30:00+00:00,order,buy,3032.2885470741976,0.59345704,scalp_pingpong,ETHUSDT,okx_spot,1.4396263884580434,0.0,-1.4396263884580434,5354.194723640635,10543.673534836233
2025-07-15 01:25:00+00:00,order,sell,2977.491383282801,0.59345704,scalp_pingpong,ETHUSDT,okx_spot,1.7670132229485167,-7.63861302371666,-26.648162823268812,5327.546560817366,10509.386758989247
2025-07-15 14:50:00+00:00,order,buy,2985.4885420258497,0.87369112,scalp_pingpong,ETHUSDT,okx_spot,2.0867158624237856,0.0,-2.0867158624237856,5325.459844954942,10507.300043126823
2025-07-15 18:40:00+00:00,order,sell,3057.3213733180833,0.87369112,scalp_pingpong,ETHUSDT,okx_spot,2.6711545348542147,-1.4777378486141848,61.5662901382422,5387.026135093184,10567.38859541645
2025-07-16 20:55:00+00:00,order,buy,3373.7078449273617,0.72592422,scalp_pingpong,ETHUSDT,okx_spot,1.959244988669421,0.0,-1.959244988669421,5385.066890104515,10565.429350427783
2025-07-16 21:40:00+00:00,order,sell,3370.34,0.72592422,scalp_pingpong,ETHUSDT,okx_spot,2.4466114356348,-0.0,-4.89141163761105,5380.175478466904,10560.537938790172
2025-07-17 01:45:00+00:00,order,buy,3317.3885463659376,1.23310203,scalp_pingpong,ETHUSDT,okx_spot,3.2725428406580694,0.0,-3.2725428406580694,5376.902935626245,10557.265395949513
2025-07-17 01:55:00+00:00,order,sell,3338.1213221827807,1.23310203,scalp_pingpong,ETHUSDT,okx_spot,4.116244178769871,-4.07086708527066,25.520250853784944,5402.42318648003,10578.714779718028
2025-07-17 20:20:00+00:00,order,buy,3380.077800925947,0.52777943,scalp_pingpong,ETHUSDT,okx_spot,1.42714842810268,0.0,-1.42714842810268,5400.996038051928,10577.287631289924
2025-07-17 21:20:00+00:00,order,sell,3497.75,0.52777943,scalp_pingpong,ETHUSDT,okx_spot,1.8460405012825,-0.0,60.25892565286763,5461.254963704795,10637.546556942794
2025-07-17 23:05:00+00:00,order,buy,3467.5053258439834,0.69002109,scalp_pingpong,ETHUSDT,okx_spot,1.9141214436157368,0.0,-1.9141214436157368,5459.340842261179,10635.632435499178
2025-07-18 00:10:00+00:00,order,sell,3471.9,0.69002109,scalp_pingpong,ETHUSDT,okx_spot,2.395684222371,-0.0,0.6367336289582282,5459.977575890138,10636.269169128136
2025-07-18 02:15:00+00:00,order,buy,3600.718618640468,0.55318148,scalp_pingpong,ETHUSDT,okx_spot,1.5934806836184716,0.0,-1.5934806836184716,5458.384095206519,10634.675688444517
2025-07-18 02:20:00+00:00,order,sell,3609.9913973560356,0.55318148,scalp_pingpong,ETHUSDT,okx_spot,1.9969803839766798,-77.21384396987993,80.34639303949355,5538.730488246013,10637.808237514131
2025-07-18 02:55:00+00:00,order,buy,3601.908681820348,0.83641651,scalp_pingpong,ETHUSDT,okx_spot,2.410156711189501,0.0,-2.410156711189501,5536.320331534824,10635.398080802941
2025-07-18 02:55:00+00:00,order,sell,3601.5314478801442,0.13683961,scalp_pingpong,ETHUSDT,okx_spot,0.4928321587306543,-17.942607790554284,17.39815508656773,5553.718486621391,10634.589723948491
2025-07-18 04:05:00+00:00,order,sell,3582.251400388734,0.6995769,scalp_pingpong,ETHUSDT,okx_spot,2.506060329704609,-1.6519811636094541,-14.605859172451213,5539.11262744894,10618.595787762893
2025-07-18 14:25:00+00:00,order,buy,3594.0099999990002,1.18181038,scalp_pingpong,ETHUSDT,okx_spot,3.3979506590580946,0.0,-3.3979506590580946,5535.714676789882,10615.197837103835
2025-07-18 14:30:00+00:00,order,sell,3582.44,0.6995769,scalp_pingpong,ETHUSDT,okx_spot,2.5061922696359997,-0.0,-10.600297001936365,5525.114379787946,10599.018098738781
2025-07-18 17:55:00+00:00,order,sell,3600.241352310023,0.48223348,scalp_pingpong,ETHUSDT,okx_spot,1.7361569161643684,-3.7958296167685326,5.064639410654376,5530.1790191986,10605.866349895785
2025-07-19 08:25:00+00:00,order,buy,3559.006179807274,0.4970992,scalp_pingpong,ETHUSDT,okx_spot,1.4153432998218018,0.0,-1.4153432998218018,5528.763675898778,10604.451006595962
2025-07-19 09:55:00+00:00,order,sell,3557.6202878478725,0.4970992,scalp_pingpong,ETHUSDT,okx_spot,1.7684901989929471,-0.4027934409471847,-2.054622542350719,5526.709053356428,10601.993590612665
2025-07-19 21:10:00+00:00,order,buy,3552.1485677654405,0.57417588,scalp_pingpong,ETHUSDT,okx_spot,1.631646423829969,0.0,-1.631646423829969,5525.077406932598,10600.361944188833
2025-07-19 21:35:00+00:00,order,sell,3555.1413584642396,0.57417588,scalp_pingpong,ETHUSDT,okx_spot,2.0412764180206002,-0.4256701486001696,0.10278196371876358,5525.180188896316,10600.039056003952
2025-07-20 08:00:00+00:00,order,buy,3668.0099999990002,0.63176148,scalp_pingpong,ETHUSDT,okx_spot,1.8538459410033346,0.0,-1.8538459410033346,5523.326342955313,10598.18521006295
2025-07-20 11:55:00+00:00,order,sell,3755.7614366183757,0.63176148,scalp_pingpong,ETHUSDT,okx_spot,2.3727454037249514,-3.450325280951102,56.51555734800931,5579.841900303322,10651.250442130007
2025-07-20 17:10:00+00:00,order,buy,3774.4324936045787,0.75806523,scalp_pingpong,ETHUSDT,okx_spot,2.289012829107063,0.0,-2.289012829107063,5577.552887474215,10648.9614293009
2025-07-20 17:30:00+00:00,order,sell,3777.0113227883294,0.75806523,scalp_pingpong,ETHUSDT,okx_spot,2.8632209571221394,-2.5405212803392634,1.6322210615277717,5579.185108535743,10648.053129082089
2025-07-20 22:10:00+00:00,order,buy,3723.128569809187,0.68212205,scalp_pingpong,ETHUSDT,okx_spot,2.031702473961449,0.0,-2.031702473961449,5577.153406061781,10646.021426608128
2025-07-21 00:20:00+00:00,order,sell,3721.02,0.68212205,scalp_pingpong,ETHUSDT,okx_spot,2.5381897904910002,-0.0,-3.97649175130135,5573.17691431048,10642.044934856825
2025-07-21 19:35:00+00:00,order,buy,3722.989999999,0.46246189,scalp_pingpong,ETHUSDT,okx_spot,1.37739279348051,0.0,-1.37739279348051,5571.799521516999,10640.667542063344
2025-07-21 19:55:00+00:00,order,sell,3736.511392793747,0.46246189,scalp_pingpong,ETHUSDT,okx_spot,1.7279941207179286,-2.923403258828517,7.448538005401385,5579.248059522401,10645.192676809918
2025-07-22 13:45:00+00:00,order,buy,3665.278548923233,0.62729785,scalp_pingpong,ETHUSDT,okx_spot,1.839377082712531,0.0,-1.839377082712531,5577.408682439688,10643.353299727205
2025-07-22 14:15:00+00:00,order,sell,3671.1,0.62729785,scalp_pingpong,ETHUSDT,okx_spot,2.302873137135,-0.0,1.3489106072011712,5578.757593046889,10644.702210334406
2025-07-23 07:45:00+00:00,order,buy,3665.2885620316033,0.61086334,scalp_pingpong,ETHUSDT,okx_spot,1.7911923304531379,0.0,-1.7911923304531379,5576.9664007164365,10642.911018003953
2025-07-23 07:50:00+00:00,order,sell,3670.551430008619,0.61086334,scalp_pingpong,ETHUSDT,okx_spot,2.242205306176841,-7.673317090241247,8.646004894482822,5585.612405610919,10643.883705808195
2025-07-23 13:45:00+00:00,order,buy,3593.518535073428,0.49162128,scalp_pingpong,ETHUSDT,okx_spot,1.413320145533219,0.0,-1.413320145533219,5584.199085465386,10642.470385662662
2025-07-23 14:00:00+00:00,order,sell,3605.5514630450075,0.49162128,scalp_pingpong,ETHUSDT,okx_spot,1.7725658253680592,-8.89906443205937,13.042142058226599,5597.241227523613,10646.61346328883
2025-07-23 16:20:00+00:00,order,buy,3602.1785663155065,0.73984393,scalp_pingpong,ETHUSDT,okx_spot,2.132039957651704,0.0,-2.132039957651704,5595.109187565961,10644.481423331177
2025-07-23 16:35:00+00:00,order,sell,3592.24,0.73984393,scalp_pingpong,ETHUSDT,okx_spot,2.6576969591032,-0.0,-10.01068492053299,5585.098502645428,10634.470738410644
2025-07-23 21:25:00+00:00,order,buy,3539.4790838054705,0.89440863,scalp_pingpong,ETHUSDT,okx_spot,2.532592510608085,0.0,-2.532592510608085,5582.56591013482,10631.938145900036
2025-07-24 04:25:00+00:00,order,sell,3636.76,0.89440863,scalp_pingpong,ETHUSDT,okx_spot,3.2527495292388005,-0.0,83.75614144945578,5666.322051584276,10715.694287349492
2025-07-25 03:45:00+00:00,order,buy,3589.673281628496,1.19495445,scalp_pingpong,ETHUSDT,okx_spot,3.43159684954246,0.0,-3.43159684954246,5662.890454734734,10712.262690499949
2025-07-25 04:10:00+00:00,order,sell,3589.0413159089317,1.19495445,scalp_pingpong,ETHUSDT,okx_spot,4.288740891679234,-0.9216873777337096,-4.122223762786366,5658.768230971948,10707.21877935943
2025-07-25 05:15:00+00:00,order,buy,3612.0099999990002,0.69292977,scalp_pingpong,ETHUSDT,okx_spot,2.0022954068296057,0.0,-2.0022954068296057,5656.765935565118,10705.2164839526
2025-07-25 05:20:00+00:00,order,sell,3634.981377409053,0.69292977,scalp_pingpong,ETHUSDT,okx_spot,2.518786809802338,-31.702491425238307,45.101255880766956,5701.867191445885,10718.615248408129
2025-07-25 13:50:00+00:00,order,buy,3693.7069654010834,0.58793725,scalp_pingpong,ETHUSDT,okx_spot,1.7373343324350063,0.0,-1.7373343324350063,5700.129857113449,10716.877914075694
2025-07-25 13:55:00+00:00,order,sell,3706.161416375241,0.50202468,scalp_pingpong,ETHUSDT,okx_spot,1.8605844990841272,-58.702456887727145,63.09431415352042,5763.22417126697,10722.339765232617
2025-07-25 14:05:00+00:00,order,sell,3696.0514528429194,0.08591257,scalp_pingpong,ETHUSDT,okx_spot,0.31753727916596897,-0.3437750974689953,0.22765875976406408,5763.451830026735,10721.153655003784
2025-07-25 14:40:00+00:00,order,buy,3640.198554256284,0.47855541,scalp_pingpong,ETHUSDT,okx_spot,1.3936293692908186,0.0,-1.3936293692908186,5762.058200657444,10719.760025634492
2025-07-25 15:00:00+00:00,order,sell,3635.811408351162,0.47855541,scalp_pingpong,ETHUSDT,okx_spot,1.739937219206168,-3.5132706834677765,-0.3261589430940748,5761.73204171435,10715.92059600793
2025-07-25 15:50:00+00:00,order,buy,3620.0818620784526,0.82343441,scalp_pingpong,ETHUSDT,okx_spot,2.3847199778018173,0.0,-2.3847199778018173,5759.347321736548,10713.535876030128
2025-07-25 16:25:00+00:00,order,sell,3630.3113130677852,0.82343441,scalp_pingpong,ETHUSDT,okx_spot,2.9893232541922967,-6.835586828196857,12.269545514029495,5771.616867250577,10718.969834715961
2025-07-26 11:00:00+00:00,order,buy,3763.468803634332,0.61055689,scalp_pingpong,ETHUSDT,okx_spot,1.8382494466871988,0.0,-1.8382494466871988,5769.7786178038905,10717.131585269273
2025-07-26 11:25:00+00:00,order,sell,3748.9613935864463,0.61055689,scalp_pingpong,ETHUSDT,okx_spot,2.2889542091982067,-1.7104101558067002,-9.43614321418283,5760.342474589707,10705.985031899283
2025-07-26 11:30:00+00:00,order,buy,3741.593734967669,0.55275711,scalp_pingpong,ETHUSDT,okx_spot,1.6545540317878682,0.0,-1.6545540317878682,5758.68792055792,10704.330477867496
2025-07-26 11:30:00+00:00,order,sell,3746.171450114028,0.55275711,scalp_pingpong,ETHUSDT,okx_spot,2.0707229043295396,-0.006329131939465157,0.46597082231414966,5759.153891380234,10704.79011955787
2025-07-26 14:40:00+00:00,order,buy,3732.592548144242,0.47051321,scalp_pingpong,ETHUSDT,okx_spot,1.4049872811595414,0.0,-1.4049872811595414,5757.748904099075,10703.385132276711
2025-07-26 14:55:00+00:00,order,sell,3730.63,0.47051321,scalp_pingpong,ETHUSDT,okx_spot,1.7553106966223002,-0.0,-2.678715523748733,5755.070188575326,10700.706416752962
2025-07-26 22:40:00+00:00,order,buy,3751.3359522600636,0.69914024,scalp_pingpong,ETHUSDT,okx_spot,2.0981679343869835,0.0,-2.0981679343869835,5752.972020640939,10698.608248818577
2025-07-26 22:55:00+00:00,order,sell,3751.66,0.69914024,scalp_pingpong,ETHUSDT,okx_spot,2.6229364727983997,-0.0,-2.3963816581277646,5750.575638982811,10696.211867160448
2025-07-27 05:50:00+00:00,order,buy,3784.230803935535,0.54653746,scalp_pingpong,ETHUSDT,okx_spot,1.6545791133093484,0.0,-1.6545791133093484,5748.921059869502,10694.557288047137
2025-07-27 06:10:00+00:00,order,sell,3781.84,0.54653746,scalp_pingpong,ETHUSDT,okx_spot,2.0669172277264,-0.0,-3.3735811380117515,5745.54747873149,10691.183706909127
2025-07-28 14:25:00+00:00,order,buy,3785.1885366633655,0.62291996,scalp_pingpong,ETHUSDT,okx_spot,1.8862955934806418,0.0,-1.8862955934806418,5743.661183138009,10689.297411315647
2025-07-28 15:00:00+00:00,order,sell,3788.051375473923,0.62291996,scalp_pingpong,ETHUSDT,okx_spot,2.3596528112881616,-2.1374722729612543,1.561138899031934,5745.222322037041,10688.721077941718
2025-07-29 00:40:00+00:00,order,buy,3755.638532242297,0.51178048,scalp_pingpong,ETHUSDT,okx_spot,1.5376499925899665,0.0,-1.5376499925899665,5743.684672044451,10687.183427949129
2025-07-29 02:20:00+00:00,order,sell,3744.8114298537384,0.51178048,scalp_pingpong,ETHUSDT,okx_spot,1.9165213910800327,-3.982383905632489,-3.4752371428730915,5740.209434901578,10679.725806900622
2025-07-29 14:10:00+00:00,order,buy,3804.199999999,0.51472189,scalp_pingpong,ETHUSDT,okx_spot,1.5664840111499883,0.0,-1.5664840111499883,5738.6429508904275,10678.159322889473
2025-07-29 14:15:00+00:00,order,sell,3807.661433735305,0.51178048,scalp_pingpong,ETHUSDT,okx_spot,1.9486867962345424,-32.06889863454251,31.891706057362118,5770.53465694779,10677.992311808097
2025-07-29 14:40:00+00:00,order,sell,3808.02147243928,0.00294141,scalp_pingpong,ETHUSDT,okx_spot,0.011200952439247623,-0.01682919624762185,0.016868761058745567,5770.551525708848,10677.982169877103
2025-07-29 19:30:00+00:00,order,buy,3762.1431177062796,0.515955,scalp_pingpong,ETHUSDT,okx_spot,1.552877241836915,0.0,-1.552877241836915,5768.998648467012,10676.429292635266
2025-07-29 20:05:00+00:00,order,sell,3756.79,0.515955,scalp_pingpong,ETHUSDT,okx_spot,1.9383345844500002,-0.0,-4.700302430593307,5764.2983460364185,10671.728990204672
2025-07-30 18:55:00+00:00,order,buy,3738.5485395347337,0.70871683,scalp_pingpong,ETHUSDT,okx_spot,2.119657815792149,0.0,-2.119657815792149,5762.178688220626,10669.60933238888
2025-07-31 12:35:00+00:00,order,sell,3833.6112369896723,0.70871683,scalp_pingpong,ETHUSDT,okx_spot,2.716944803331699,-4.316962170099313,68.97255095828089,5831.151239178907,10734.264921177062
2025-08-01 13:55:00+00:00,order,buy,3583.139999999,0.96349084,scalp_pingpong,ETHUSDT,okx_spot,2.7618580547493092,0.0,-2.7618580547493092,5828.389381124158,10731.503063122313
2025-08-01 14:05:00+00:00,order,sell,3611.1414379917983,0.96349084,scalp_pingpong,ETHUSDT,okx_spot,3.479301697449525,-27.528318790725482,51.0281461061656,5879.417527230324,10755.002890437754
2025-08-01 18:15:00+00:00,order,buy,3543.41854239722,0.60331925,scalp_pingpong,ETHUSDT,okx_spot,1.710250093948147,0.0,-1.710250093948147,5877.7072771363755,10753.292640343805
2025-08-01 18:25:00+00:00,order,sell,3568.511444297244,0.60331925,scalp_pingpong,ETHUSDT,okx_spot,2.15295164818983,-9.690178527330135,22.676257633786534,5900.383534770162,10766.278719450262
2025-08-01 19:35:00+00:00,order,buy,3534.6485991785294,0.72344184,scalp_pingpong,ETHUSDT,okx_spot,2.04569014907451,0.0,-2.04569014907451,5898.337844621088,10764.233029301187
2025-08-01 22:10:00+00:00,order,sell,3518.751332370495,0.72344184,scalp_pingpong,ETHUSDT,okx_spot,2.5456119383925624,-2.5330103325626236,-11.513349556404744,5886.824495064683,10750.186669412218
2025-08-01 22:40:00+00:00,order,buy,3453.179999999,0.57943458,scalp_pingpong,ETHUSDT,okx_spot,1.6007135223710565,0.0,-1.6007135223710565,5885.223781542312,10748.585955889846
2025-08-01 22:55:00+00:00,order,sell,3463.381423051349,0.57943458,scalp_pingpong,ETHUSDT,okx_spot,2.006802960245561,-2.3649176515606065,6.269171973054932,5891.492953515367,10752.490210211341
2025-08-02 06:25:00+00:00,order,buy,3466.9885676691974,0.64413153,scalp_pingpong,ETHUSDT,okx_spot,1.786557320468215,0.0,-1.786557320468215,5889.706396194899,10750.703652890872
2025-08-02 11:35:00+00:00,order,sell,3514.8213011974826,0.64413153,scalp_pingpong,ETHUSDT,okx_spot,2.264007222416925,-2.1329135066251754,30.67947811586474,5920.385874310764,10779.250217500112
2025-08-02 15:45:00+00:00,order,buy,3458.0686598525754,0.64751964,scalp_pingpong,ETHUSDT,okx_spot,1.7913338989784173,0.0,-1.7913338989784173,5918.594540411786,10777.458883601133
2025-08-02 16:10:00+00:00,order,sell,3455.831416357162,0.64751964,scalp_pingpong,ETHUSDT,okx_spot,2.2377187146202795,-2.9924578558797537,-0.6939199614830933,5917.900620450302,10773.77250578377
2025-08-02 17:55:00+00:00,order,buy,3421.189999999,0.7266658,scalp_pingpong,ETHUSDT,okx_spot,1.9888494146410187,0.0,-1.9888494146410187,5915.911771035661,10771.783656369129
2025-08-02 18:10:00+00:00,order,sell,3419.01,0.7266658,scalp_pingpong,ETHUSDT,okx_spot,2.484477636858,-0.0,-4.0686090801307815,5911.84316195553,10767.715047288997
2025-08-02 19:55:00+00:00,order,buy,3383.1386435914906,0.63063356,scalp_pingpong,ETHUSDT,okx_spot,1.7068166134253384,0.0,-1.7068166134253384,5910.136345342105,10766.00823067557
2025-08-02 22:30:00+00:00,order,sell,3402.1613818765854,0.63063356,scalp_pingpong,ETHUSDT,okx_spot,2.145517143947351,-6.931534282150509,16.782394303880743,5926.9187396459865,10775.8590906973
2025-08-03 00:35:00+00:00,order,buy,3381.407846264096,1.14207799,scalp_pingpong,ETHUSDT,okx_spot,3.0894651811452225,0.0,-3.0894651811452225,5923.829274464842,10772.769625516154
2025-08-03 04:35:00+00:00,order,sell,3437.181112795515,1.14207799,scalp_pingpong,ETHUSDT,okx_spot,3.9255288965674655,-2.8336243144655096,62.60551555383609,5986.434790018678,10832.541516755526
2025-08-03 05:50:00+00:00,order,buy,3442.1792360902596,0.56953291,scalp_pingpong,ETHUSDT,okx_spot,1.56834748565765,0.0,-1.56834748565765,5984.86644253302,10830.973169269868
2025-08-03 05:55:00+00:00,order,sell,3444.6700610901908,0.56953291,scalp_pingpong,ETHUSDT,okx_spot,1.961852963882574,-4.157625035874176,3.6143788825034484,5988.480821415524,10830.429923116499
2025-08-06 01:00:00+00:00,order,buy,3574.8983279803974,0.66117886,scalp_pingpong,ETHUSDT,okx_spot,1.8909177608879884,0.0,-1.8909177608879884,5986.589903654635,10828.53900535561
2025-08-06 01:05:00+00:00,order,sell,3584.371254217056,0.57254508,scalp_pingpong,ETHUSDT,okx_spot,2.052214126495405,-84.16484485580476,87.53630803931131,6074.126211693947,10832.750089799132
2025-08-06 01:20:00+00:00,order,sell,3574.31,0.08863378,scalp_pingpong,ETHUSDT,okx_spot,0.31680460619179995,-0.0,-0.3689503389740645,6073.757261354973,10831.541518200142
2025-08-06 12:25:00+00:00,order,buy,3596.8286386075233,0.66521675,scalp_pingpong,ETHUSDT,okx_spot,1.9141365258251373,0.0,-1.9141365258251373,6071.843124829148,10829.627381674316
2025-08-06 12:30:00+00:00,order,sell,3604.0014438756293,0.08863378,scalp_pingpong,ETHUSDT,okx_spot,0.3194362710961549,-2.7309347379548714,3.0472513109745303,6074.8903761401225,10834.079415612052
2025-08-06 12:45:00+00:00,order,sell,3592.92,0.57658297,scalp_pingpong,ETHUSDT,okx_spot,2.0716164845724,-0.0,-4.325270941554477,6070.565105198568,10825.61842730578
2025-08-07 16:50:00+00:00,order,buy,3799.039999999,0.61393132,scalp_pingpong,ETHUSDT,okx_spot,1.8658797135457488,0.0,-1.8658797135457488,6068.699225485022,10823.752547592234
2025-08-07 22:55:00+00:00,order,sell,3918.66,0.61393132,scalp_pingpong,ETHUSDT,okx_spot,2.4057881064311997,-0.0,71.03267639258291,6139.731901877605,10894.785223984816
2025-08-08 01:30:00+00:00,order,buy,3892.998674343997,0.61845305,scalp_pingpong,ETHUSDT,okx_spot,1.9261095230352014,0.0,-1.9261095230352014,6137.80579235457,10892.859114461782
2025-08-08 03:00:00+00:00,order,sell,3902.041359303191,0.61845305,scalp_pingpong,ETHUSDT,okx_spot,2.413229379887204,-4.979387717704361,8.158634431019252,6145.964426785589,10896.038361175097
2025-08-08 14:20:00+00:00,order,buy,3955.879999999,0.58705261,scalp_pingpong,ETHUSDT,okx_spot,1.8578477430769704,0.0,-1.8578477430769704,6144.106579042512,10894.18051343202
2025-08-08 14:35:00+00:00,order,sell,3945.881443408073,0.58705261,scalp_pingpong,ETHUSDT,okx_spot,2.3164400001032766,-0.7992389060766836,-7.386879836962824,6136.719699205549,10885.99439468898
2025-08-08 15:10:00+00:00,order,buy,3952.1181787068804,0.66343685,scalp_pingpong,ETHUSDT,okx_spot,2.097584668247224,0.0,-2.097584668247224,6134.622114537302,10883.896810020731
2025-08-08 15:15:00+00:00,order,sell,3955.831408646117,0.58705261,scalp_pingpong,ETHUSDT,okx_spot,2.3222811531656795,-5.7304604229793785,5.588040597172293,6140.210155134474,10884.03802244178
2025-08-08 15:45:00+00:00,order,sell,3943.0014661601094,0.07638424,scalp_pingpong,ETHUSDT,okx_spot,0.3011831703115257,-1.1031004171256813,0.1055440876309881,6140.315699222105,10882.756833865431
2025-08-09 09:00:00+00:00,order,buy,4180.2086120796475,0.50580672,scalp_pingpong,ETHUSDT,okx_spot,1.6915020855934073,0.0,-1.6915020855934073,6138.624197136512,10881.065331779837
2025-08-09 09:00:00+00:00,order,sell,4179.831460363971,0.07638424,scalp_pingpong,ETHUSDT,okx_spot,0.31927324942799207,-19.193179533592055,18.845097836997322,6157.469294973509,10880.55529265816
2025-08-09 09:05:00+00:00,order,sell,4190.001461734999,0.07638424,scalp_pingpong,ETHUSDT,okx_spot,0.320050077253517,-18.85250592791697,19.280475229022002,6176.749770202531,10884.602469791256
2025-08-09 09:55:00+00:00,order,sell,4222.0,0.35303824,scalp_pingpong,ETHUSDT,okx_spot,1.49052744928,-0.0,13.263430589278267,6190.013200791809,10894.408649973626
2025-08-09 15:35:00+00:00,order,buy,4195.161815692022,0.48739595,scalp_pingpong,ETHUSDT,okx_spot,1.6357639028503506,0.0,-1.6357639028503506,6188.377436888959,10892.772886070776
2025-08-09 21:25:00+00:00,order,sell,4272.83,0.48739595,scalp_pingpong,ETHUSDT,okx_spot,2.0825600370385002,-0.0,35.77259843852385,6224.150035327483,10928.545484509299
2025-08-11 12:00:00+00:00,order,buy,4187.555214521871,0.53147813,scalp_pingpong,ETHUSDT,okx_spot,1.7804752117486664,0.0,-1.7804752117486664,6222.369560115734,10926.76500929755
2025-08-11 12:15:00+00:00,order,sell,4194.331423506027,0.53147813,scalp_pingpong,ETHUSDT,okx_spot,2.229195421565221,-6.463530623121247,7.835742080944403,6230.2053021966785,10928.137220755372
2025-08-11 14:20:00+00:00,order,buy,4270.888658419791,0.55331735,scalp_pingpong,ETHUSDT,okx_spot,1.8905254356975152,0.0,-1.8905254356975152,6228.314776760981,10926.246695319676
2025-08-11 14:50:00+00:00,order,sell,4284.891425336175,0.55331735,scalp_pingpong,ETHUSDT,okx_spot,2.3709047685047357,-8.23415083123532,13.611219945572092,6241.925996706553,10931.623764434013
2025-08-11 16:55:00+00:00,order,buy,4311.988597622844,0.51002642,scalp_pingpong,ETHUSDT,okx_spot,1.7593824860211198,0.0,-1.7593824860211198,6240.166614220531,10929.864381947991
2025-08-11 20:20:00+00:00,order,sell,4240.291345129519,0.51002642,scalp_pingpong,ETHUSDT,okx_spot,2.162660614513393,-4.805134927993047,-33.9250186995275,6206.241595521004,10891.13422832047
2025-08-11 21:45:00+00:00,order,buy,4201.468591907825,0.43766494,scalp_pingpong,ETHUSDT,okx_spot,1.4710683993513782,0.0,-1.4710683993513782,6204.770527121652,10889.66315992112
2025-08-11 22:10:00+00:00,order,sell,4204.82133130612,0.43766494,scalp_pingpong,ETHUSDT,okx_spot,1.8403028756768132,-2.0444779358131355,1.6715515477269496,6206.442078669379,10889.290233533033
2025-08-12 13:50:00+00:00,order,buy,4367.499999999,0.51427877,scalp_pingpong,ETHUSDT,okx_spot,1.7968900223795885,0.0,-1.7968900223795885,6204.6451886469995,10887.493343510654
2025-08-12 16:40:00+00:00,order,sell,4446.971416320165,0.51427877,scalp_pingpong,ETHUSDT,okx_spot,2.2869829902102925,-1.5847069949923116,40.1681862405893,6244.813374887589,10926.07682275625
2025-08-13 12:55:00+00:00,order,buy,4685.58857783417,0.46122055,scalp_pingpong,ETHUSDT,okx_spot,1.728871792753915,0.0,-1.728871792753915,6243.084503094835,10924.347950963496
2025-08-13 13:00:00+00:00,order,sell,4690.60141414495,0.46122055,scalp_pingpong,ETHUSDT,okx_spot,2.1634017640627117,-112.28018292471148,112.42880428096623,6355.513307375801,10924.496572319751
2025-08-13 13:45:00+00:00,order,buy,4679.309999999,0.73234435,scalp_pingpong,ETHUSDT,okx_spot,2.741492992318214,0.0,-2.741492992318214,6352.771814383483,10921.755079327433
2025-08-13 13:50:00+00:00,order,sell,4689.621469483102,0.05305822,scalp_pingpong,ETHUSDT,okx_spot,0.24882296764455775,-12.86457398935774,13.162859238123563,6365.934673621607,10929.057802776668
2025-08-13 14:00:00+00:00,order,sell,4671.201438250772,0.67928613,scalp_pingpong,ETHUSDT,okx_spot,3.1730823474398013,-0.4493058296011089,-8.231810047658534,6357.702863573948,10913.372248698939
2025-08-13 23:10:00+00:00,order,buy,4740.55370467975,0.76853278,scalp_pingpong,ETHUSDT,okx_spot,2.914616733917462,0.0,-2.914616733917462,6354.78824684003,10910.45763196502
2025-08-14 00:05:00+00:00,order,sell,4747.391399115629,0.76853278,scalp_pingpong,ETHUSDT,okx_spot,3.648525909710424,-10.299414518223836,11.905880922110043,6366.69412776214,10912.064098368908
2025-08-14 05:25:00+00:00,order,buy,4734.478583396781,0.47994704,scalp_pingpong,ETHUSDT,okx_spot,1.8178391856357423,0.0,-1.8178391856357423,6364.8762885765045,10910.246259183274
2025-08-14 05:45:00+00:00,order,sell,4731.161407700546,0.47994704,scalp_pingpong,ETHUSDT,okx_spot,2.2707069133881106,-0.33663854971027934,-3.526137020245621,6361.350151556259,10906.383483613317
2025-08-14 10:45:00+00:00,order,buy,4690.368562226924,0.48530154,scalp_pingpong,ETHUSDT,okx_spot,1.8209944691330497,0.0,-1.8209944691330497,6359.529157087126,10904.562489144186
2025-08-14 12:35:00+00:00,order,sell,4578.951471331554,0.48530154,scalp_pingpong,ETHUSDT,okx_spot,2.2221722006224685,-12.22545983206884,-44.067598162397076,6315.461558924729,10848.26943114972
2025-08-14 16:15:00+00:00,order,buy,4542.2899999989995,0.9553128,scalp_pingpong,ETHUSDT,okx_spot,3.471446222648835,0.0,-3.471446222648835,6311.99011270208,10844.79798492707
2025-08-14 16:30:00+00:00,order,sell,4550.391407592439,0.9553128,scalp_pingpong,ETHUSDT,okx_spot,4.3470471566830735,-23.96058971507335,27.35292093042021,6339.343033632501,10848.190316142418
2025-08-15 12:30:00+00:00,order,buy,4606.999154743572,0.46438325,scalp_pingpong,ETHUSDT,okx_spot,1.7115305921816584,0.0,-1.7115305921816584,6337.631503040319,10846.478785550236
2025-08-15 13:15:00+00:00,order,sell,4613.9114244579905,0.46438325,scalp_pingpong,ETHUSDT,okx_spot,2.1426231825019313,-1.5795645444310185,2.6468836367869817,6340.278386677106,10847.546104642592
2025-08-15 14:50:00+00:00,order,buy,4488.188542864277,0.44380042,scalp_pingpong,ETHUSDT,okx_spot,1.5934879682898833,0.0,-1.5934879682898833,6338.684898708816,10845.952616674302
2025-08-15 15:05:00+00:00,order,sell,4477.51,0.44380042,scalp_pingpong,ETHUSDT,okx_spot,1.9871208185542,-0.0,-6.726262626708472,6331.958636082108,10839.226354047594
2025-08-15 15:40:00+00:00,order,buy,4416.018541424265,0.53928235,scalp_pingpong,ETHUSDT,okx_spot,1.9051846853302803,0.0,-1.9051846853302803,6330.053451396778,10837.321169362262
2025-08-15 16:00:00+00:00,order,sell,4431.25,0.53928235,scalp_pingpong,ETHUSDT,okx_spot,2.3896949134375,-0.0,5.824361861212589,6335.87781325799,10843.145531223476
2025-08-16 09:55:00+00:00,order,buy,4397.188539720923,0.48265607,scalp_pingpong,ETHUSDT,okx_spot,1.6978637917045916,0.0,-1.6978637917045916,6334.1799494662855,10841.44766743177
2025-08-16 10:15:00+00:00,order,sell,4393.6,0.48265607,scalp_pingpong,ETHUSDT,okx_spot,2.1205977091520003,-0.0,-3.8526281878910345,6330.327321278394,10837.595039243879
2025-08-17 19:00:00+00:00,order,buy,4457.5208182507395,0.60469977,scalp_pingpong,ETHUSDT,okx_spot,2.156369450853147,0.0,-2.156369450853147,6328.170951827541,10835.438669793026
2025-08-17 19:35:00+00:00,order,sell,4456.711413102197,0.60469977,scalp_pingpong,ETHUSDT,okx_spot,2.6949723664592735,-0.43019133927362385,-2.7542281343458805,6325.416723693195,10832.254250319407
2025-08-18 00:25:00+00:00,order,buy,4448.988561163553,0.41583316,scalp_pingpong,ETHUSDT,okx_spot,1.4800295777539947,0.0,-1.4800295777539947,6323.936694115441,10830.774220741652
2025-08-18 01:20:00+00:00,order,sell,4448.1,0.41583316,scalp_pingpong,ETHUSDT,okx_spot,1.8496674789960001,-0.0,-2.2191606754888404,6321.717533439953,10828.555060066163
2025-08-18 01:35:00+00:00,order,buy,4405.908545296981,0.51409737,scalp_pingpong,ETHUSDT,okx_spot,1.8120527964781632,0.0,-1.8120527964781632,6319.905480643474,10826.743007269684
2025-08-18 02:45:00+00:00,order,sell,4369.44,0.51409737,scalp_pingpong,ETHUSDT,okx_spot,2.2463176123728,-0.0,-20.9947008372773,6298.910779806197,10805.748306432408
2025-08-18 06:20:00+00:00,order,buy,4262.128547243441,0.45361498,scalp_pingpong,ETHUSDT,okx_spot,1.54669228457221,0.0,-1.54669228457221,6297.364087521624,10804.201614147836
2025-08-18 06:45:00+00:00,order,sell,4249.291462120904,0.45361498,scalp_pingpong,ETHUSDT,okx_spot,1.9275422616041447,-0.8080979043444431,-6.942538468377527,6290.421549053247,10796.450977775114
2025-08-18 13:50:00+00:00,order,buy,4315.12855834839,0.45258816,scalp_pingpong,ETHUSDT,okx_spot,1.5623808755090802,0.0,-1.5623808755090802,6288.859168177738,10794.888596899604
2025-08-18 14:20:00+00:00,order,sell,4312.4114403438925,0.45258816,scalp_pingpong,ETHUSDT,okx_spot,1.9517463589481923,-1.2724246121919258,-1.9090571849143252,6286.950110992823,10791.707115102497
2025-08-19 03:45:00+00:00,order,buy,4222.191087343194,0.42085816,scalp_pingpong,ETHUSDT,okx_spot,1.421554857750125,0.0,-1.421554857750125,6285.528556135073,10790.285560244747
2025-08-19 04:50:00+00:00,order,sell,4228.441444431634,0.42085816,scalp_pingpong,ETHUSDT,okx_spot,1.77957408597124,-2.079647211239903,2.9305869088520735,6288.459143043925,10791.13649994236
2025-08-19 14:40:00+00:00,order,buy,4201.678558096595,1.0228929,scalp_pingpong,ETHUSDT,okx_spot,3.4382937321273963,0.0,-3.4382937321273963,6285.020849311798,10787.698206210232
2025-08-19 15:00:00+00:00,order,sell,4192.23,1.0228929,scalp_pingpong,ETHUSDT,okx_spot,4.288202302166999,-0.0,-13.953065294412616,6271.067784017386,10773.74514091582
2025-08-19 19:15:00+00:00,order,buy,4125.138421858156,0.47998555,scalp_pingpong,ETHUSDT,okx_spot,1.5840054673933752,0.0,-1.5840054673933752,6269.483778549992,10772.161135448427
2025-08-19 20:10:00+00:00,order,sell,4125.09,0.47998555,scalp_pingpong,ETHUSDT,okx_spot,1.9799835924495002,-0.0,-2.0032253846683687,6267.480553165324,10770.15791006376
2025-08-19 23:50:00+00:00,order,buy,4076.7785490299034,0.53820703,scalp_pingpong,ETHUSDT,okx_spot,1.7553206998728752,0.0,-1.7553206998728752,6265.725232465451,10768.402589363886
2025-08-20 01:40:00+00:00,order,sell,4076.211392192523,0.53820703,scalp_pingpong,ETHUSDT,okx_spot,2.193845627044103,-3.2353735381030404,0.7362801140684945,6266.46151257952,10765.90349593985
2025-08-20 18:10:00+00:00,order,buy,4290.688641001966,1.00182887,scalp_pingpong,ETHUSDT,okx_spot,3.438828602189468,0.0,-3.438828602189468,6263.02268397733,10762.464667337661
2025-08-20 18:15:00+00:00,order,sell,4280.051443664655,0.53820703,scalp_pingpong,ETHUSDT,okx_spot,2.3035537757419666,-109.60663864996644,101.5780704877869,6364.6007544651175,10749.504462173514
2025-08-20 19:00:00+00:00,order,sell,4298.871347855169,0.46362184,scalp_pingpong,ETHUSDT,okx_spot,1.9930506442158935,-3.385064327093643,5.185695290340281,6369.786449755457,10756.236730138728
2025-08-20 21:30:00+00:00,order,buy,4322.5586054005125,0.48666012,scalp_pingpong,ETHUSDT,okx_spot,1.6828935116889967,0.0,-1.6828935116889967,6368.103556243768,10754.553836627038
2025-08-21 00:10:00+00:00,order,sell,4317.811333051217,0.48666012,scalp_pingpong,ETHUSDT,okx_spot,2.101306581480065,-0.34131082686535863,-4.070303885795752,6364.033252357973,10750.142221914379
2025-08-21 09:15:00+00:00,order,buy,4265.008580928747,0.46030801,scalp_pingpong,ETHUSDT,okx_spot,1.5705740900161882,0.0,-1.5705740900161882,6362.462678267956,10748.571647824363
2025-08-21 10:05:00+00:00,order,sell,4280.8612761852855,0.46030801,scalp_pingpong,ETHUSDT,okx_spot,1.970514735126909,-6.472518058909091,11.79912593045602,6374.261804198412,10753.89825569591
2025-08-21 11:45:00+00:00,order,buy,4270.898594528392,0.51769262,scalp_pingpong,ETHUSDT,okx_spot,1.7688101465245771,0.0,-1.7688101465245771,6372.492994051888,10752.129445549386
2025-08-21 12:15:00+00:00,order,sell,4270.04,0.51769262,scalp_pingpong,ETHUSDT,okx_spot,2.2105681951048,-0.0,-2.6550562460256817,6369.837937805862,10749.474389303361
2025-08-22 12:15:00+00:00,order,buy,4234.609469289767,0.5514524,scalp_pingpong,ETHUSDT,okx_spot,1.8681484439220546,0.0,-1.8681484439220546,6367.96978936194,10747.606240859439
2025-08-22 13:50:00+00:00,order,sell,4305.89,0.5514524,scalp_pingpong,ETHUSDT,okx_spot,2.3744933746359997,-0.0,36.93332635879564,6404.9031157207355,10784.539567218235
2025-08-23 02:35:00+00:00,order,buy,4675.989999998999,0.54610113,scalp_pingpong,ETHUSDT,okx_spot,2.0428507382945233,0.0,-2.0428507382945233,6402.860264982441,10782.49671647994
2025-08-23 03:45:00+00:00,order,sell,4686.82139040967,0.54610113,scalp_pingpong,ETHUSDT,okx_spot,2.559478457410892,-5.068577790692041,8.424133876019944,6411.284398858461,10785.852272565267
2025-08-23 14:45:00+00:00,order,buy,4721.710142789854,0.47544455,scalp_pingpong,ETHUSDT,okx_spot,1.7959290832553267,0.0,-1.7959290832553267,6409.488469775206,10784.05634348201
2025-08-24 01:05:00+00:00,order,sell,4784.45,0.47544455,scalp_pingpong,ETHUSDT,okx_spot,2.2747406772475003,-0.0,27.554582501094337,6437.0430522763,10811.610925983106
2025-08-24 18:00:00+00:00,order,buy,4908.3787077174,0.43727551,scalp_pingpong,ETHUSDT,okx_spot,1.7170510421522138,0.0,-1.7170510421522138,6435.326001234148,10809.893874940954
2025-08-24 19:35:00+00:00,order,sell,4864.95,0.43727551,scalp_pingpong,ETHUSDT,okx_spot,2.1273234923745,-0.0,-21.117633808142102,6414.208367426006,10788.776241132811
2025-08-24 19:40:00+00:00,order,buy,4835.319999998999,0.89249739,scalp_pingpong,ETHUSDT,okx_spot,3.4524083838511253,0.0,-3.4524083838511253,6410.755959042154,10785.32383274896
2025-08-24 19:45:00+00:00,order,sell,4835.32,0.43727551,scalp_pingpong,ETHUSDT,okx_spot,2.1143670190132,-0.0,-2.114367018575733,6408.641592023579,10783.20946573084
2025-08-24 19:50:00+00:00,order,sell,4818.1,0.45522188,scalp_pingpong,ETHUSDT,okx_spot,2.1933045400280005,-0.0,-10.03222531317231,6398.609366710406,10773.177240417212
2025-08-25 00:45:00+00:00,order,buy,4692.634508062864,0.68602318,scalp_pingpong,ETHUSDT,okx_spot,2.5754048382392174,0.0,-2.5754048382392174,6396.033961872166,10770.601835578973
2025-08-25 01:30:00+00:00,order,sell,4739.11,0.68602318,scalp_pingpong,ETHUSDT,okx_spot,3.2511393125697996,-0.0,28.632125458207916,6424.6660873303745,10799.233961037182
2025-08-25 13:45:00+00:00,order,buy,4628.865075666395,0.50170444,scalp_pingpong,ETHUSDT,okx_spot,1.857857728498213,0.0,-1.857857728498213,6422.8082296018765,10797.376103308685
2025-08-25 13:55:00+00:00,order,sell,4629.801401227867,0.50170444,scalp_pingpong,ETHUSDT,okx_spot,2.3227919193142426,-0.17128251184243046,-1.6817507159955398,6421.126478885881,10795.523070080846
2025-08-25 19:30:00+00:00,order,buy,4491.0485456181095,0.68311537,scalp_pingpong,ETHUSDT,okx_spot,2.4543234311423014,0.0,-2.4543234311423014,6418.6721554547385,10793.068746649704
2025-08-25 20:15:00+00:00,order,sell,4416.461415435993,0.68311537,scalp_pingpong,ETHUSDT,okx_spot,3.016952673896282,-11.197227820382494,-42.771339885108674,6375.90081556963,10739.100178944213
2025-08-25 20:40:00+00:00,order,buy,4347.429999999,0.98808723,scalp_pingpong,ETHUSDT,okx_spot,3.43651205305433,0.0,-3.43651205305433,6372.4643035165755,10735.663666891156
2025-08-25 20:50:00+00:00,order,sell,4366.331406495878,0.98808723,scalp_pingpong,ETHUSDT,okx_spot,4.314316304706516,-19.970632658915882,34.33255474281373,6406.796858259389,10750.025588975055
2025-08-26 00:45:00+00:00,order,buy,4348.719999999,0.76157618,scalp_pingpong,ETHUSDT,okx_spot,2.649505252391071,0.0,-2.649505252391071,6404.147353006998,10747.376083722664
2025-08-26 00:55:00+00:00,order,sell,4334.88,0.76157618,scalp_pingpong,ETHUSDT,okx_spot,3.3013413511584004,-0.0,-13.841555681596576,6390.305797325402,10733.534528041067
2025-08-26 01:00:00+00:00,order,buy,4325.288027434062,0.53070438,scalp_pingpong,ETHUSDT,okx_spot,1.8363594407366535,0.0,-1.8363594407366535,6388.469437884665,10731.698168600331
2025-08-26 01:05:00+00:00,order,sell,4362.481427108709,0.53070438,scalp_pingpong,ETHUSDT,okx_spot,2.3151880010352426,-16.22439026944262,33.647902382832605,6422.117340267498,10749.121680713723
2025-08-27 19:15:00+00:00,order,buy,4544.819999998999,0.41835782,scalp_pingpong,ETHUSDT,okx_spot,1.5210887899935852,0.0,-1.5210887899935852,6420.596251477504,10747.600591923729
2025-08-27 19:15:00+00:00,order,sell,4557.521452929055,0.2308718,scalp_pingpong,ETHUSDT,okx_spot,1.0522031813763464,-52.08732223834627,53.96752635754724,6474.563777835051,10751.862140901003
2025-08-27 20:10:00+00:00,order,sell,4561.041434691018,0.18748602,scalp_pingpong,ETHUSDT,okx_spot,0.8551315056453089,-2.426338083308895,4.61249880675973,6479.176276641811,10751.66695676638
2025-08-27 22:15:00+00:00,order,buy,4506.858438473891,0.38987289,scalp_pingpong,ETHUSDT,okx_spot,1.4056815393829625,0.0,-1.4056815393829625,6477.770595102427,10750.261275226996
2025-08-27 22:30:00+00:00,order,sell,4520.901399068999,0.38987289,scalp_pingpong,ETHUSDT,okx_spot,1.762576893860074,-5.454867190174056,9.167259927685077,6486.937855030113,10753.973667964508
2025-08-28 17:10:00+00:00,order,buy,4470.88071156341,0.74463839,scalp_pingpong,ETHUSDT,okx_spot,2.6633515319525056,0.0,-2.6633515319525056,6484.27450349816,10751.310316432555
2025-08-28 19:20:00+00:00,order,sell,4471.11,0.74463839,scalp_pingpong,ETHUSDT,okx_spot,3.3293601519129,-0.0,-3.1586231796448403,6481.115880318515,10748.15169325291
2025-08-29 14:15:00+00:00,order,buy,4278.803634605042,0.48283649,scalp_pingpong,ETHUSDT,okx_spot,1.6527700226655528,0.0,-1.6527700226655528,6479.46311029585,10746.498923230243
2025-08-29 15:00:00+00:00,order,sell,4295.131424412136,0.48283649,scalp_pingpong,ETHUSDT,okx_spot,2.0738461810518563,-5.983031869256096,11.792838408118847,6491.255948703969,10752.308729769107
2025-08-30 02:00:00+00:00,order,buy,4265.519999999,0.55552134,scalp_pingpong,ETHUSDT,okx_spot,1.8956699089569957,0.0,-1.8956699089569957,6489.360278795012,10750.41305986015
2025-08-30 03:30:00+00:00,order,sell,4360.811380789049,0.55552134,scalp_pingpong,ETHUSDT,okx_spot,2.4225237817431826,-0.8007177873825955,51.31458955257742,6540.67486834759,10800.926931625345
2025-09-01 10:50:00+00:00,order,buy,4397.729093209389,0.51134323,scalp_pingpong,ETHUSDT,okx_spot,1.7989991993493284,0.0,-1.7989991993493284,6538.875869148241,10799.127932425996
2025-09-01 11:35:00+00:00,order,sell,4398.71,0.51134323,scalp_pingpong,ETHUSDT,okx_spot,2.2492505792333,-0.0,-1.7476705325933986,6537.128198615647,10797.380261893402
2025-09-01 17:25:00+00:00,order,buy,4319.2285694696775,0.51540509,scalp_pingpong,ETHUSDT,okx_spot,1.7809219116624726,0.0,-1.7809219116624726,6535.347276703985,10795.59933998174
2025-09-01 17:50:00+00:00,order,sell,4324.63133030119,0.51540509,scalp_pingpong,ETHUSDT,okx_spot,2.2289370000107045,-3.912610277104705,4.4682837097084995,6539.815560413694,10796.155013414344
2025-09-01 20:45:00+00:00,order,buy,4272.129999999,0.67366423,scalp_pingpong,ETHUSDT,okx_spot,2.3023849335273807,0.0,-2.3023849335273807,6537.513175480166,10793.852628480816
2025-09-01 21:05:00+00:00,order,sell,4276.561425920975,0.67366423,scalp_pingpong,ETHUSDT,okx_spot,2.8809664600407556,-6.899282307155945,7.003608978645132,6544.516784458811,10793.956955152305
2025-09-01 21:55:00+00:00,order,buy,4245.66751377224,0.44025743,scalp_pingpong,ETHUSDT,okx_spot,1.4953493345982851,0.0,-1.4953493345982851,6543.021435124213,10792.461605817707
2025-09-02 01:50:00+00:00,order,sell,4340.16,0.44025743,scalp_pingpong,ETHUSDT,okx_spot,1.9107876873888,-0.0,39.69023145355532,6582.7116665777685,10832.151837271262
2025-09-02 12:55:00+00:00,order,buy,4274.589276093888,0.42366282,scalp_pingpong,ETHUSDT,okx_spot,1.448787637641356,0.0,-1.448787637641356,6581.262878940127,10830.70304963362
2025-09-02 13:45:00+00:00,order,sell,4375.4214642391735,0.42366282,scalp_pingpong,ETHUSDT,okx_spot,1.8537033962280973,-13.371418942897527,54.236564723072156,6635.499443663199,10871.568195413794
2025-09-02 19:20:00+00:00,order,buy,4265.0996613867455,0.61126691,scalp_pingpong,ETHUSDT,okx_spot,2.085691432686338,0.0,-2.085691432686338,6633.413752230513,10869.482503981108
2025-09-02 19:35:00+00:00,order,sell,4277.5311406299115,0.61126691,scalp_pingpong,ETHUSDT,okx_spot,2.6147132427616215,-7.8738150301216985,12.858053691059421,6646.271805921572,10874.466742642046
