timestamp,reason,side,price,qty,strategy,symbol,exchange,fee_cost,slippage_pnl,realized_pnl,realized_pnl_total,equity_after
2024-11-05 15:30:00+00:00,order,buy,2437.989999999,0.68753474,scalp_pingpong,ETHUSDT,okx_spot,1.34096225661753,0.0,-1.34096225661753,-1.34096225661753,9998.659037743382
2024-11-05 16:00:00+00:00,order,sell,2445.9115842889964,0.68753474,scalp_pingpong,ETHUSDT,okx_spot,1.6816491851671234,-3.480015038123313,7.244730248167118,5.9037679915495875,10002.423752953426
2024-11-05 17:45:00+00:00,order,buy,2451.4084510240004,0.95831546,scalp_pingpong,ETHUSDT,okx_spot,1.8793780939127622,0.0,-1.8793780939127622,4.0243898976368255,10000.544374859513
2024-11-05 19:15:00+00:00,order,sell,2448.8,0.95831546,scalp_pingpong,ETHUSDT,okx_spot,2.346722898448,-0.0,-4.846441841400281,-0.822051943763455,9995.697933018113
2024-11-06 02:00:00+00:00,order,buy,2487.2732162495663,2.42348346,scalp_pingpong,ETHUSDT,okx_spot,4.822292400065462,0.0,-4.822292400065462,-5.644344343828917,9990.875640618047
2024-11-06 02:45:00+00:00,order,sell,2568.221606056667,2.42348346,scalp_pingpong,ETHUSDT,okx_spot,6.2240425838929685,-20.918554511568047,210.87159573881627,205.22725139498735,10180.828681845296
2024-11-06 07:30:00+00:00,order,buy,2587.9877657035095,1.14953046,scalp_pingpong,ETHUSDT,okx_spot,2.379976613426822,0.0,-2.379976613426822,202.84727478156051,10178.44870523187
2024-11-06 08:30:00+00:00,order,sell,2594.601615129368,1.14953046,scalp_pingpong,ETHUSDT,okx_spot,2.9825735881564057,-13.784726855805129,18.40497464052655,221.25224942208706,10183.068953016591
2024-11-07 06:30:00+00:00,order,buy,2789.3983739977084,1.65044746,scalp_pingpong,ETHUSDT,okx_spot,3.6830043690341183,0.0,-3.6830043690341183,217.56924505305295,10179.385948647556
2024-11-08 00:00:00+00:00,order,sell,2943.0616304812675,1.65044746,scalp_pingpong,ETHUSDT,okx_spot,4.857368592651267,-78.63000801806633,327.38577078403364,544.9550158370866,10428.141711413526
2024-11-08 15:00:00+00:00,order,buy,2909.464556868888,1.72141599,scalp_pingpong,ETHUSDT,okx_spot,4.006719048425895,0.0,-4.006719048425895,540.9482967886607,10424.1349923651
2024-11-08 16:45:00+00:00,order,sell,2909.8,1.72141599,scalp_pingpong,ETHUSDT,okx_spot,5.008976247702001,-0.0,-4.431539078069725,536.516757710591,10419.703453287031
2024-11-10 06:15:00+00:00,order,buy,3169.1484371233782,1.96816657,scalp_pingpong,ETHUSDT,okx_spot,4.9899296074511845,0.0,-4.9899296074511845,531.5268281031399,10414.71352367958
2024-11-10 20:00:00+00:00,order,sell,3163.94,1.96816657,scalp_pingpong,ETHUSDT,okx_spot,6.2271609374858,-0.0,-16.478232765665673,515.0485953374742,10398.235290913915
2024-11-11 02:30:00+00:00,order,buy,3198.43838577901,0.53592741,scalp_pingpong,ETHUSDT,okx_spot,1.3713046401081006,0.0,-1.3713046401081006,513.6772906973662,10396.863986273807
2024-11-11 03:15:00+00:00,order,sell,3197.79,0.53592741,scalp_pingpong,ETHUSDT,okx_spot,1.7137833124239001,-0.0,-2.061271023649554,511.6160196737166,10394.802715250156
2024-11-11 13:00:00+00:00,order,buy,3153.8583680979937,0.7227526,scalp_pingpong,ETHUSDT,okx_spot,1.8235674684596657,0.0,-1.8235674684596657,509.79245220525695,10392.979147781696
2024-11-11 13:45:00+00:00,order,sell,3151.9316224925074,0.7227526,scalp_pingpong,ETHUSDT,okx_spot,2.278066775178678,-3.918491752678016,0.24786458159555202,510.0403167868525,10389.308520610613
2024-11-12 00:30:00+00:00,order,buy,3299.96837910573,1.88293978,scalp_pingpong,ETHUSDT,okx_spot,4.97091338700824,0.0,-4.97091338700824,505.06940339984425,10384.337607223606
2024-11-12 00:45:00+00:00,order,sell,3342.6216387990653,0.7227526,scalp_pingpong,ETHUSDT,okx_spot,2.4158884802582854,-137.6855547462854,166.09742060786033,671.1668240077046,10462.235238166599
2024-11-12 07:00:00+00:00,order,sell,3381.41,1.16018718,scalp_pingpong,ETHUSDT,okx_spot,3.9230685323238004,-0.0,90.56445594762816,761.7312799553328,10503.313929032809
2024-11-13 15:45:00+00:00,order,buy,3294.231419829692,1.90519026,scalp_pingpong,ETHUSDT,okx_spot,5.0209100921964005,0.0,-5.0209100921964005,756.7103698631364,10498.293018940612
2024-11-13 16:45:00+00:00,order,sell,3284.3015955735596,1.90519026,scalp_pingpong,ETHUSDT,okx_spot,6.2572194107892045,-21.70315693260505,-3.4722669344797517,753.2381029286566,10473.117595073527
2024-11-13 19:30:00+00:00,order,buy,3179.1083754546253,1.96149674,scalp_pingpong,ETHUSDT,okx_spot,4.988648571648755,0.0,-4.988648571648755,748.2494543570078,10468.128946501878
2024-11-13 21:00:00+00:00,order,sell,3168.04,1.96149674,scalp_pingpong,ETHUSDT,okx_spot,6.2141001321896,-0.0,-27.92468250353315,720.3247718534747,10440.204263998345
2024-11-14 05:45:00+00:00,order,buy,3222.9473371925,0.78858616,scalp_pingpong,ETHUSDT,okx_spot,2.0332573316150873,0.0,-2.0332573316150873,718.2915145218595,10438.17100666673
2024-11-14 06:00:00+00:00,order,sell,3227.3115079619715,0.78858616,scalp_pingpong,ETHUSDT,okx_spot,2.5450131891875407,-67.94577270354048,68.84228418303466,787.1337987048942,10439.067518146225
2024-11-14 14:30:00+00:00,order,buy,3133.318354640699,0.72667946,scalp_pingpong,ETHUSDT,okx_spot,1.8215344719667135,0.0,-1.8215344719667135,785.3122642329274,10437.245983674258
2024-11-14 14:45:00+00:00,order,sell,3141.15,0.72667946,scalp_pingpong,ETHUSDT,okx_spot,2.282609185779,-0.0,3.4084866348294387,788.7207508677568,10440.654470309088
2024-11-14 15:00:00+00:00,order,buy,3109.329999999,2.01470821,scalp_pingpong,ETHUSDT,okx_spot,5.01151414287783,0.0,-5.01151414287783,783.709236724879,10435.64295616621
2024-11-14 15:45:00+00:00,order,sell,3077.4216155258587,2.01470821,scalp_pingpong,ETHUSDT,okx_spot,6.2001065944314115,-0.4464906194112954,-70.03970014089441,713.6695365839846,10365.156765405904
2024-11-14 20:45:00+00:00,order,buy,3099.288588448067,1.99336327,scalp_pingpong,ETHUSDT,okx_spot,4.942406428274018,0.0,-4.942406428274018,708.7271301557106,10360.21435897763
2024-11-14 20:45:00+00:00,order,sell,3098.91140897186,1.99336327,scalp_pingpong,ETHUSDT,okx_spot,6.177256179628454,-43.27872518445466,36.349613290757375,745.076743446468,10353.285247083932
2024-11-14 23:30:00+00:00,order,buy,3043.2472556078355,1.83007205,scalp_pingpong,ETHUSDT,okx_spot,4.455489394981685,0.0,-4.455489394981685,740.6212540514863,10348.829757688949
2024-11-15 04:45:00+00:00,order,sell,3030.87,1.83007205,scalp_pingpong,ETHUSDT,okx_spot,5.5467104741835005,-0.0,-28.197980017789234,712.423274033697,10320.63177767116
2024-11-15 05:00:00+00:00,order,buy,3021.44842787023,1.03286361,scalp_pingpong,ETHUSDT,okx_spot,2.496595304511096,0.0,-2.496595304511096,709.9266787291859,10318.135182366648
2024-11-15 05:15:00+00:00,order,sell,3050.411516275308,1.03286361,scalp_pingpong,ETHUSDT,okx_spot,3.1506590506856877,-25.52362590868836,52.28788690482067,762.2145656340066,10344.899443362781
2024-11-16 15:45:00+00:00,order,buy,3141.2083887883505,0.94108816,scalp_pingpong,ETHUSDT,okx_spot,2.364923218225115,0.0,-2.364923218225115,759.8496424157814,10342.534520144556
2024-11-16 16:00:00+00:00,order,sell,3140.0315859880134,0.79720844,scalp_pingpong,ETHUSDT,okx_spot,2.50325968221623,-91.14610530823015,87.70468850136956,847.554330917151,10338.923785280289
2024-11-16 17:00:00+00:00,order,sell,3148.321622492626,0.14387971,scalp_pingpong,ETHUSDT,okx_spot,0.4529796020309685,-0.4735976896684657,1.04406809017092,848.5983990073219,10339.66357380933
2024-11-16 23:30:00+00:00,order,buy,3126.2085283877577,0.92001524,scalp_pingpong,ETHUSDT,okx_spot,2.300927591627768,0.0,-2.300927591627768,846.2974714156941,10337.36264599657
2024-11-17 01:45:00+00:00,order,sell,3095.24,0.92001525,scalp_pingpong,ETHUSDT,okx_spot,2.84766800241,-0.0,-31.33918653920416,814.9582848764899,10306.023459607366
2024-11-17 02:00:00+00:00,order,buy,3040.1883821659435,2.00458193,scalp_pingpong,ETHUSDT,okx_spot,4.875445355748628,0.0,-4.875445355748628,810.0828395207412,10301.148014251617
2024-11-17 05:00:00+00:00,order,sell,3126.84,2.00458193,scalp_pingpong,ETHUSDT,okx_spot,6.268006962001201,-0.0,167.43226035341456,977.5150998741558,10468.580274605032
2024-11-17 11:45:00+00:00,order,buy,3105.3784335176892,0.90644372,scalp_pingpong,ETHUSDT,okx_spot,2.2518806234284376,0.0,-2.2518806234284376,975.2632192507274,10466.328393981605
2024-11-17 13:45:00+00:00,order,sell,3103.9215654419163,0.90644372,scalp_pingpong,ETHUSDT,okx_spot,2.813530210367394,-4.41579990139389,0.28170077287365203,975.5449200236011,10462.194294853085
2024-11-17 21:00:00+00:00,order,buy,3073.6887266903095,1.41986163,scalp_pingpong,ETHUSDT,okx_spot,3.4913701484729023,0.0,-3.4913701484729023,972.0535498751282,10458.702924704612
2024-11-17 22:00:00+00:00,order,sell,3073.8016070899803,1.41986163,scalp_pingpong,ETHUSDT,okx_spot,4.364372960139399,-16.259697508899087,12.055599097031248,984.1091489721595,10454.498826292744
2024-11-18 11:30:00+00:00,order,buy,3061.7883740363727,0.83172914,scalp_pingpong,ETHUSDT,okx_spot,2.0372628889594164,0.0,-2.0372628889594164,982.0718860832001,10452.461563403784
2024-11-18 13:15:00+00:00,order,sell,3070.011627246269,0.83172914,scalp_pingpong,ETHUSDT,okx_spot,2.55341813051954,-9.000662722940003,13.286763912689924,995.35864999589,10456.747664593533
2024-11-19 05:15:00+00:00,order,buy,3123.428528169047,0.68756157,scalp_pingpong,ETHUSDT,okx_spot,1.7180395380885591,0.0,-1.7180395380885591,993.6406104578015,10455.029625055444
2024-11-19 06:15:00+00:00,order,sell,3127.011582892438,0.68756157,scalp_pingpong,ETHUSDT,okx_spot,2.1500129933417096,-2.8269663887098373,3.140524126379046,996.7811345841806,10455.343182793113
2024-11-19 10:00:00+00:00,order,buy,3103.555629075706,0.95117484,scalp_pingpong,ETHUSDT,okx_spot,2.361619223133747,0.0,-2.361619223133747,994.4195153610468,10452.981563569978
2024-11-19 13:45:00+00:00,order,sell,3102.0,0.95117484,scalp_pingpong,ETHUSDT,okx_spot,2.95054435368,-0.0,-4.430219590863869,989.9892957701829,10448.551343979114
2024-11-21 20:00:00+00:00,order,buy,3355.0086054998387,1.86599601,scalp_pingpong,ETHUSDT,okx_spot,5.0083461371026905,0.0,-5.0083461371026905,984.9809496330803,10443.54299784201
2024-11-21 20:45:00+00:00,order,sell,3347.651507232194,1.86599601,scalp_pingpong,ETHUSDT,okx_spot,6.24670435536576,-10.47105010536028,-9.503970262608412,975.4769793704719,10423.567977474042
2024-11-22 10:30:00+00:00,order,buy,3330.248362630222,0.40979946,scalp_pingpong,ETHUSDT,okx_spot,1.0917871845373994,0.0,-1.0917871845373994,974.3851921859344,10422.476190289504
2024-11-22 13:30:00+00:00,order,sell,3278.1616487646843,0.40979946,scalp_pingpong,ETHUSDT,okx_spot,1.3433888734564774,-4.983837096477288,-17.704658992250998,956.6805331936835,10399.787694200777
2024-11-23 17:00:00+00:00,order,buy,3410.4872734231026,1.8292953,scalp_pingpong,ETHUSDT,okx_spot,4.991030671986158,0.0,-4.991030671986158,951.6895025216972,10394.796663528792
2024-11-23 17:15:00+00:00,order,sell,3428.6216428670787,0.40979946,scalp_pingpong,ETHUSDT,okx_spot,1.4050472977912416,-61.58123810024173,67.60764560803239,1019.2971481297296,10426.56473302333
2024-11-23 19:45:00+00:00,order,sell,3407.6514199962803,1.41949584,scalp_pingpong,ETHUSDT,okx_spot,4.837147014854812,-6.233602416412406,-2.6290267406663563,1016.6681213890632,10391.960441879502
2024-11-24 11:00:00+00:00,order,buy,3356.2083671817345,0.82896777,scalp_pingpong,ETHUSDT,okx_spot,2.225750852638387,0.0,-2.225750852638387,1014.4423705364248,10389.734691026864
2024-11-24 12:00:00+00:00,order,sell,3351.9315876343317,0.82896777,scalp_pingpong,ETHUSDT,okx_spot,2.7786432533937915,-6.5335821252913435,0.20962646770540605,1014.6519970041303,10383.410735369278
2024-11-25 11:15:00+00:00,order,buy,3491.5116766241094,0.9019854,scalp_pingpong,ETHUSDT,okx_spot,2.5194340449955743,0.0,-2.5194340449955743,1012.1325629591347,10380.891301324284
2024-11-25 12:45:00+00:00,order,sell,3483.45,0.9019854,scalp_pingpong,ETHUSDT,okx_spot,3.14202104163,-0.0,-10.413535656098174,1001.7190273030366,10370.477765668185
2024-11-25 15:15:00+00:00,order,buy,3385.4154153952704,1.83496857,scalp_pingpong,ETHUSDT,okx_spot,4.969704706915053,0.0,-4.969704706915053,996.7493225961215,10365.50806096127
2024-11-25 23:15:00+00:00,order,sell,3470.42,1.83496857,scalp_pingpong,ETHUSDT,okx_spot,6.3681116246994005,-0.0,149.61262943088525,1146.3619520270067,10515.120690392156
2024-11-28 13:30:00+00:00,order,buy,3591.399798042061,0.58137578,scalp_pingpong,ETHUSDT,okx_spot,1.6703622871028365,0.0,-1.6703622871028365,1144.691589739904,10513.450328105055
2024-11-28 14:00:00+00:00,order,sell,3589.0,0.58137578,scalp_pingpong,ETHUSDT,okx_spot,2.0865576744200003,-0.0,-3.4817421329656004,1141.2098476069384,10509.968585972088
2024-11-29 16:00:00+00:00,order,buy,3605.228370291847,0.78170659,scalp_pingpong,ETHUSDT,okx_spot,2.2545846204096778,0.0,-2.2545846204096778,1138.9552629865286,10507.71400135168
2024-11-30 02:00:00+00:00,order,sell,3608.6415863350844,0.78170659,scalp_pingpong,ETHUSDT,okx_spot,2.8208989089861896,-6.637928997689362,6.4851635627956,1145.4404265493242,10507.561235916784
2024-12-02 04:00:00+00:00,order,buy,3663.7783616876613,0.98348774,scalp_pingpong,ETHUSDT,okx_spot,2.882624880637681,0.0,-2.882624880637681,1142.5578016686866,10504.678611036148
2024-12-02 07:30:00+00:00,order,sell,3664.9016068361802,0.98348774,scalp_pingpong,ETHUSDT,okx_spot,3.6043857986296834,-3.394613006683629,0.8949250406367604,1143.4527267093233,10502.1789230701
2024-12-02 08:45:00+00:00,order,buy,3602.809999999,1.74899796,scalp_pingpong,ETHUSDT,okx_spot,5.041045872212681,0.0,-5.041045872212681,1138.4116808371107,10497.137877197889
2024-12-02 10:15:00+00:00,order,sell,3601.59,1.74899796,scalp_pingpong,ETHUSDT,okx_spot,6.2991735627564,-0.0,-8.432951072207139,1129.9787297649036,10488.70492612568
2024-12-02 16:45:00+00:00,order,buy,3625.678422550946,1.31648347,scalp_pingpong,ETHUSDT,okx_spot,3.818516568659197,0.0,-3.818516568659197,1126.1602131962445,10484.88640955702
2024-12-02 17:30:00+00:00,order,sell,3606.82,1.31648347,scalp_pingpong,ETHUSDT,okx_spot,4.7483189092654,-0.0,-29.575120467860835,1096.5850927283836,10455.31128908916
2024-12-03 01:45:00+00:00,order,buy,3619.0883797924157,0.37728028,scalp_pingpong,ETHUSDT,okx_spot,1.092328541818263,0.0,-1.092328541818263,1095.4927641865654,10454.218960547343
2024-12-03 07:45:00+00:00,order,sell,3616.2316132107258,0.37728028,scalp_pingpong,ETHUSDT,okx_spot,1.3643328755769943,-3.309356688194298,0.8672221167827807,1096.3599863033483,10451.77682597593
2024-12-03 14:30:00+00:00,order,buy,3550.9727220733766,0.823242,scalp_pingpong,ETHUSDT,okx_spot,2.338647908532105,0.0,-2.338647908532105,1094.0213383948162,10449.4381780674
2024-12-03 17:00:00+00:00,order,sell,3555.371600100793,0.823242,scalp_pingpong,ETHUSDT,okx_spot,2.926931226810177,-3.211961070177093,3.9063709884131605,1097.9277093832293,10450.132587985634
2024-12-04 16:30:00+00:00,order,buy,3757.748374213743,1.17931337,scalp_pingpong,ETHUSDT,okx_spot,3.5452503190448246,0.0,-3.5452503190448246,1094.3824590641846,10446.58733766659
2024-12-05 08:30:00+00:00,order,sell,3902.801627915589,1.17931337,scalp_pingpong,ETHUSDT,okx_spot,4.60262614025862,-1.1340606578192283,167.59467597014978,1261.9771350343344,10613.047952978919
2024-12-05 16:00:00+00:00,order,buy,3888.700067121587,1.39870915,scalp_pingpong,ETHUSDT,okx_spot,4.351328292390862,0.0,-4.351328292390862,1257.6258067419435,10608.69662468653
2024-12-05 19:00:00+00:00,order,sell,3869.61,1.39870915,scalp_pingpong,ETHUSDT,okx_spot,5.4124589139315,-0.0,-32.11391047100919,1225.5118962709344,10576.58271421552
2024-12-09 15:30:00+00:00,order,buy,3825.188360642134,1.37227366,scalp_pingpong,ETHUSDT,okx_spot,4.199364185478225,0.0,-4.199364185478225,1221.312532085456,10572.383350030042
2024-12-09 19:15:00+00:00,order,sell,3827.0515583972324,1.37227366,scalp_pingpong,ETHUSDT,okx_spot,5.251762049050474,-13.340638522673919,10.645693676316299,1231.9582257617724,10569.688405183684
2024-12-10 15:45:00+00:00,order,buy,3568.398363851616,1.76598555,scalp_pingpong,ETHUSDT,okx_spot,5.041391957764477,0.0,-5.041391957764477,1226.9168338040079,10564.64701322592
2024-12-10 16:45:00+00:00,order,sell,3613.20163801757,1.76598555,scalp_pingpong,ETHUSDT,okx_spot,6.38086188197536,-138.45615983535907,211.19723272314684,1438.1140665271546,10637.388086113708
2024-12-11 01:15:00+00:00,order,buy,3569.2983663243017,0.69309139,scalp_pingpong,ETHUSDT,okx_spot,1.9790799728323518,0.0,-1.9790799728323518,1436.1349865543223,10635.409006140875
2024-12-11 02:00:00+00:00,order,sell,3582.2216227018685,0.69309139,scalp_pingpong,ETHUSDT,okx_spot,2.4828069637664933,-10.688593914493437,17.16278467678111,1453.2977712311033,10641.883196903163
2024-12-12 14:00:00+00:00,order,buy,3932.4644008116807,0.65515965,scalp_pingpong,ETHUSDT,okx_spot,2.0611136003785924,0.0,-2.0611136003785924,1451.2366576307247,10639.822083302786
2024-12-12 17:00:00+00:00,order,sell,3944.861605981455,0.65515965,scalp_pingpong,ETHUSDT,okx_spot,2.5845141490732475,-7.122637569748033,12.660272020682235,1463.896929651407,10645.35971775372
2024-12-13 07:30:00+00:00,order,buy,3891.1941039130775,0.35845528,scalp_pingpong,ETHUSDT,okx_spot,1.115855257642009,0.0,-1.115855257642009,1462.781074393765,10644.24386249608
2024-12-13 09:15:00+00:00,order,sell,3891.32,0.35845528,scalp_pingpong,ETHUSDT,okx_spot,1.3948642001696,-0.0,-1.3497360830808205,1461.4313383106842,10642.894126412997
2024-12-13 16:30:00+00:00,order,buy,3894.4851484496953,1.49320336,scalp_pingpong,ETHUSDT,okx_spot,4.652206647308148,0.0,-4.652206647308148,1456.7791316633761,10638.241919765689
2024-12-13 16:45:00+00:00,order,sell,3912.20163687861,0.35845528,scalp_pingpong,ETHUSDT,okx_spot,1.4023493331637804,-7.624930553380482,12.573150040620098,1469.3522817039961,10663.293890481982
2024-12-13 21:30:00+00:00,order,sell,3904.8614593974808,1.13474808,scalp_pingpong,ETHUSDT,okx_spot,4.431034043717289,-4.222918906089391,11.566383787854578,1480.9186654918508,10650.533604134693
2024-12-14 17:45:00+00:00,order,buy,3852.658078569987,0.51542651,scalp_pingpong,ETHUSDT,okx_spot,1.5886096861285073,0.0,-1.5886096861285073,1479.3300558057222,10648.944994448566
2024-12-14 20:15:00+00:00,order,sell,3854.53,0.51542651,scalp_pingpong,ETHUSDT,okx_spot,1.9867269455903,-0.0,-1.0218890159243814,1478.3081667897977,10647.92310543264
2024-12-15 15:45:00+00:00,order,buy,3894.9083949411224,0.36120343,scalp_pingpong,ETHUSDT,okx_spot,1.1254834174308224,0.0,-1.1254834174308224,1477.182683372367,10646.797622015209
2024-12-15 21:00:00+00:00,order,sell,3892.07,0.36120343,scalp_pingpong,ETHUSDT,okx_spot,1.4058290338001,-0.0,-2.4310670222280892,1474.7516163501389,10644.36655499298
2024-12-16 03:00:00+00:00,order,buy,3972.0981123519095,0.77942426,scalp_pingpong,ETHUSDT,okx_spot,2.4767597054938273,0.0,-2.4767597054938273,1472.274856644645,10641.889795287487
2024-12-16 08:15:00+00:00,order,sell,3958.75,0.77942426,scalp_pingpong,ETHUSDT,okx_spot,3.0855457892750002,-0.0,-13.489388381559037,1458.785468263086,10628.400406905927
2024-12-16 19:30:00+00:00,order,buy,4038.549999999,1.23347969,scalp_pingpong,ETHUSDT,okx_spot,3.9851755216386135,0.0,-3.9851755216386135,1454.8002927414473,10624.41523138429
2024-12-16 21:00:00+00:00,order,sell,4043.23,1.23347969,scalp_pingpong,ETHUSDT,okx_spot,4.9872420869987,-0.0,0.7854428634346586,1455.5857356048818,10625.200674247722
2024-12-16 23:45:00+00:00,order,buy,3986.0475615636224,0.4202977,scalp_pingpong,ETHUSDT,okx_spot,1.3402612977726391,0.0,-1.3402612977726391,1454.2454743071091,10623.86041294995
2024-12-17 01:30:00+00:00,order,sell,3986.9816128339107,0.4202977,scalp_pingpong,ETHUSDT,okx_spot,1.6757192018163833,-0.9127238793831851,-0.3704157218489852,1453.8750585852601,10622.577273348717
2024-12-17 04:30:00+00:00,order,buy,4006.3383974571675,0.39800106,scalp_pingpong,ETHUSDT,okx_spot,1.2756215431253233,0.0,-1.2756215431253233,1452.599437042135,10621.301651805592
2024-12-17 06:30:00+00:00,order,sell,4006.9016073590974,0.39800106,scalp_pingpong,ETHUSDT,okx_spot,1.5947510870446246,-2.348845984624565,0.9782530355505024,1453.5776900776855,10619.931058856517
2024-12-17 15:30:00+00:00,order,buy,3933.589999999,1.61988378,scalp_pingpong,ETHUSDT,okx_spot,5.097566910534865,0.0,-5.097566910534865,1448.4801231671506,10614.833491945983
2024-12-17 16:00:00+00:00,order,sell,3958.001611570887,1.61988378,scalp_pingpong,ETHUSDT,okx_spot,6.41150261179754,-31.331162862740054,64.46363387990203,1512.9437570470527,10647.965962963144
2024-12-17 18:45:00+00:00,order,buy,3930.7783774140185,0.89016697,scalp_pingpong,ETHUSDT,okx_spot,2.7992392623713225,0.0,-2.7992392623713225,1510.1445177846813,10645.166723700775
2024-12-17 20:15:00+00:00,order,sell,3933.591568582133,0.89016697,scalp_pingpong,ETHUSDT,okx_spot,3.5015532878223046,-2.511667155404387,1.5143237257332531,1511.6588415104145,10644.169380271102
2024-12-17 23:00:00+00:00,order,buy,3859.488832102311,0.93837435,scalp_pingpong,ETHUSDT,okx_spot,2.8973162593250126,0.0,-2.8973162593250126,1508.7615252510896,10641.272064011777
2024-12-18 02:00:00+00:00,order,sell,3865.931621581703,0.93837435,scalp_pingpong,ETHUSDT,okx_spot,3.6276910725461766,-19.669848026676696,22.087905344041815,1530.8494305951313,10643.690121329142
2024-12-18 12:45:00+00:00,order,buy,3861.428371747028,0.47561631,scalp_pingpong,ETHUSDT,okx_spot,1.4692466507997037,0.0,-1.4692466507997037,1529.3801839443315,10642.220874678344
2024-12-18 13:45:00+00:00,order,sell,3859.69,0.47561631,scalp_pingpong,ETHUSDT,okx_spot,1.8357315155439,-0.0,-2.6625294712736167,1526.7176544730578,10639.55834520707
2024-12-18 19:30:00+00:00,order,buy,3839.408404491908,1.35375376,scalp_pingpong,ETHUSDT,okx_spot,4.158090851005218,0.0,-4.158090851005218,1522.5595636220526,10635.400254356064
2024-12-18 20:15:00+00:00,order,sell,3721.61,1.35375376,scalp_pingpong,ETHUSDT,okx_spot,5.0381435307536,-0.0,-164.50817653367494,1358.0513870883776,10470.89207782239
2024-12-18 23:45:00+00:00,order,buy,3627.218386792089,1.61332524,scalp_pingpong,ETHUSDT,okx_spot,4.681506379523007,0.0,-4.681506379523007,1353.3698807088547,10466.210571442867
2024-12-19 02:00:00+00:00,order,sell,3609.88,1.61332524,scalp_pingpong,ETHUSDT,okx_spot,5.823910517371201,-0.0,-33.796367549930736,1319.573513158924,10432.414203892935
2024-12-19 08:45:00+00:00,order,buy,3669.1883825523146,0.43978493,scalp_pingpong,ETHUSDT,okx_spot,1.2909230047820663,0.0,-1.2909230047820663,1318.2825901541419,10431.123280888154
2024-12-19 09:00:00+00:00,order,sell,3671.401472205218,0.43978493,scalp_pingpong,ETHUSDT,okx_spot,1.614627039455669,-48.812376834368784,48.17103327299905,1366.4536234271409,10430.481937326784
2024-12-19 17:45:00+00:00,order,buy,3478.8783512302716,1.77871135,scalp_pingpong,ETHUSDT,okx_spot,4.9503363268820575,0.0,-4.9503363268820575,1361.5032871002588,10425.5316009999
2024-12-19 18:00:00+00:00,order,sell,3453.8616395832178,1.77871135,scalp_pingpong,ETHUSDT,okx_spot,6.1434228996562785,44.162486475221385,-94.80341832116954,1266.6998687790892,10374.890669153952
2024-12-21 11:15:00+00:00,order,buy,3432.518382717895,1.44198518,scalp_pingpong,ETHUSDT,okx_spot,3.959712510365418,0.0,-3.959712510365418,1262.740156268724,10370.930956643588
2024-12-21 12:15:00+00:00,order,sell,3421.23,1.44198518,scalp_pingpong,ETHUSDT,okx_spot,4.933362957371401,-0.0,-21.211043542743937,1241.52911272598,10349.719913100844
2024-12-21 17:15:00+00:00,order,buy,3369.847225020709,0.94546637,scalp_pingpong,ETHUSDT,okx_spot,2.5488617786359224,0.0,-2.5488617786359224,1238.980250947344,10347.17105132221
2024-12-21 18:15:00+00:00,order,sell,3369.481565699651,0.94546637,scalp_pingpong,ETHUSDT,okx_spot,3.185731504703966,-6.2604676857655415,2.729017590124181,1241.7092685374682,10343.639601226567
2024-12-22 14:45:00+00:00,order,buy,3278.3683726949926,1.30705973,scalp_pingpong,ETHUSDT,okx_spot,3.4280186240442054,0.0,-3.4280186240442054,1238.281249913424,10340.211582602522
2024-12-22 18:45:00+00:00,order,sell,3324.65,1.30705973,scalp_pingpong,ETHUSDT,okx_spot,4.3455161313445,-0.0,56.14733515789935,1294.4285850713234,10396.358917760423
2024-12-23 15:00:00+00:00,order,buy,3286.5854408520995,1.88282418,scalp_pingpong,ETHUSDT,okx_spot,4.9504500301378345,0.0,-4.9504500301378345,1289.4781350411856,10391.408467730285
2024-12-23 15:45:00+00:00,order,sell,3289.41,1.88282418,scalp_pingpong,ETHUSDT,okx_spot,6.1933806859338,-0.0,-0.8752324244267236,1288.602902616759,10390.533235305858
2024-12-24 09:45:00+00:00,order,buy,3396.342978796415,0.68514315,scalp_pingpong,ETHUSDT,okx_spot,1.8615849015783676,0.0,-1.8615849015783676,1286.7413177151805,10388.671650404282
2024-12-24 10:00:00+00:00,order,sell,3401.0114964915847,0.68514315,scalp_pingpong,ETHUSDT,okx_spot,2.3301797298924587,-84.64361006195843,85.51203325156527,1372.2533509667458,10389.540073593887
2024-12-26 04:45:00+00:00,order,buy,3439.1848337189354,0.42268658,scalp_pingpong,ETHUSDT,okx_spot,1.1629578202820203,0.0,-1.1629578202820203,1371.0903931464638,10388.377115773606
2024-12-26 05:00:00+00:00,order,sell,3432.8115969100018,0.42268658,scalp_pingpong,ETHUSDT,okx_spot,1.4510033936822273,-65.66080832962729,61.51592326564686,1432.6063164121108,10384.232230709626
2024-12-26 08:30:00+00:00,order,buy,3362.7383693857696,1.29142492,scalp_pingpong,ETHUSDT,okx_spot,3.4741793037319586,0.0,-3.4741793037319586,1429.1321371083789,10380.758051405894
2024-12-26 08:45:00+00:00,order,sell,3366.3216284112486,0.77499445,scalp_pingpong,ETHUSDT,okx_spot,2.60888057893368,-68.85951889218016,69.02764417090513,1498.159781279284,10382.77668082728
2024-12-26 10:15:00+00:00,order,sell,3371.941594259371,0.51643047,scalp_pingpong,ETHUSDT,okx_spot,1.7413733823359163,-4.974048750216274,7.985501114869987,1506.145282394154,10383.937629049275
2024-12-26 18:00:00+00:00,order,buy,3329.1884966318466,1.26140609,scalp_pingpong,ETHUSDT,okx_spot,3.3595669155274845,0.0,-3.3595669155274845,1502.7857154786266,10380.578062133747
2024-12-26 19:30:00+00:00,order,sell,3330.3215365507626,1.26140609,scalp_pingpong,ETHUSDT,okx_spot,4.2008878678632895,-11.7456289123893,8.973964498459683,1511.7596799770863,10377.806397719816
2024-12-27 07:30:00+00:00,order,buy,3329.7783561894257,0.47316789,scalp_pingpong,ETHUSDT,okx_spot,1.2604353591726551,0.0,-1.2604353591726551,1510.4992446179137,10376.545962360644
2024-12-27 09:30:00+00:00,order,sell,3429.8016125321615,0.47316789,scalp_pingpong,ETHUSDT,okx_spot,1.6228719921204404,-4.775027008540383,50.47994817104125,1560.979192788955,10422.250883523144
2024-12-27 15:15:00+00:00,order,buy,3322.6883935723295,1.86133782,scalp_pingpong,ETHUSDT,okx_spot,4.947716456824977,0.0,-4.947716456824977,1556.03147633213,10417.303167066319
2024-12-27 16:15:00+00:00,order,sell,3324.7415716624923,1.86133782,scalp_pingpong,ETHUSDT,okx_spot,6.188467229061637,-9.514361655037051,7.1475524563910335,1563.179028788521,10414.936357867673
2024-12-30 13:45:00+00:00,order,buy,3337.388361658959,0.6301023,scalp_pingpong,ETHUSDT,okx_spot,1.6823168661396337,0.0,-1.6823168661396337,1561.4967119223813,10413.254041001532
2024-12-30 14:45:00+00:00,order,sell,3334.94,0.6301023,scalp_pingpong,ETHUSDT,okx_spot,2.1013533643619997,-0.0,-3.644071676903865,1557.8526402454775,10409.609969324629
2024-12-31 01:30:00+00:00,order,buy,3333.3716398090864,0.67407866,scalp_pingpong,ETHUSDT,okx_spot,1.7975637505956097,0.0,-1.7975637505956097,1556.0550764948819,10407.812405574034
2024-12-31 01:45:00+00:00,order,sell,3340.791603076039,0.6301023,scalp_pingpong,ETHUSDT,okx_spot,2.105040472918899,-15.955200337899301,18.525495785402587,1574.5805722802845,10410.70900399735
2024-12-31 05:00:00+00:00,order,sell,3339.8616391841006,0.04397636,scalp_pingpong,ETHUSDT,okx_spot,0.14687495779495013,-0.24897828295012084,0.38750987407065984,1574.9680821543552,10410.521232612657
2024-12-31 18:15:00+00:00,order,buy,3354.045600838329,1.77997481,scalp_pingpong,ETHUSDT,okx_spot,4.776093344866832,0.0,-4.776093344866832,1570.1919888094883,10405.745139267789
2024-12-31 19:45:00+00:00,order,sell,3354.8615003414457,1.77997481,scalp_pingpong,ETHUSDT,okx_spot,5.97156896164658,-14.616263760079516,10.096975361472204,1580.2889641709605,10401.225850869183
2025-01-02 13:45:00+00:00,order,buy,3466.288403214128,0.47091954,scalp_pingpong,ETHUSDT,okx_spot,1.3058743522791454,0.0,-1.3058743522791454,1578.9830898186815,10399.919976516903
2025-01-02 15:45:00+00:00,order,sell,3463.1516091698177,0.47091954,scalp_pingpong,ETHUSDT,okx_spot,1.6308657627405105,-0.18441641011021867,-2.9236269610515353,1576.05946285763,10396.811933145742
2025-01-07 15:15:00+00:00,order,buy,3526.378368349751,1.76665302,scalp_pingpong,ETHUSDT,okx_spot,4.983909595286208,0.0,-4.983909595286208,1571.0755532623439,10391.828023550455
2025-01-07 15:45:00+00:00,order,sell,3462.2216372835105,1.76665302,scalp_pingpong,ETHUSDT,okx_spot,6.116544311416258,-17.722422302458355,-101.7368047004592,1469.3387485618846,10272.368796547538
2025-01-07 16:15:00+00:00,order,buy,3465.9828067596873,1.78009573,scalp_pingpong,ETHUSDT,okx_spot,4.935824955653068,0.0,-4.935824955653068,1464.4029236062315,10267.432971591885
2025-01-07 17:00:00+00:00,order,sell,3463.0615294060494,1.78009573,scalp_pingpong,ETHUSDT,okx_spot,6.164581041222978,-9.11681262677793,-2.247921757801352,1462.1550018484302,10256.068237207304
2025-01-08 17:30:00+00:00,order,buy,3232.999999999,1.90338415,scalp_pingpong,ETHUSDT,okx_spot,4.922912765558477,0.0,-4.922912765558477,1457.2320890828717,10251.145324441746
2025-01-09 08:15:00+00:00,order,sell,3285.4715127132517,1.90338415,scalp_pingpong,ETHUSDT,okx_spot,6.253514402574927,-16.27681375692672,109.89674498118208,1567.1288340640538,10344.765255666001
2025-01-09 14:00:00+00:00,order,buy,3220.919999999,1.48094966,scalp_pingpong,ETHUSDT,okx_spot,3.816016303108576,0.0,-3.816016303108576,1563.312817760945,10340.949239362892
2025-01-09 20:00:00+00:00,order,sell,3195.41,1.48094966,scalp_pingpong,ETHUSDT,okx_spot,4.7322413530606005,-0.0,-42.511267178179935,1520.8015505827652,10298.437972184713
2025-01-09 20:15:00+00:00,order,buy,3179.879999999,1.47558573,scalp_pingpong,ETHUSDT,okx_spot,3.7537484408887396,0.0,-3.7537484408887396,1517.0478021418764,10294.684223743825
2025-01-09 20:30:00+00:00,order,sell,3192.9215961190384,1.47558573,scalp_pingpong,ETHUSDT,okx_spot,4.711429544242076,-19.24399312967634,33.77655671658617,1550.8243588584626,10309.216787330733
2025-01-12 22:30:00+00:00,order,buy,3237.599999999,0.46043781,scalp_pingpong,ETHUSDT,okx_spot,1.1925707629244318,0.0,-1.1925707629244318,1549.6317880955382,10308.024216567808
2025-01-12 22:45:00+00:00,order,sell,3240.41164882713,0.00536393,scalp_pingpong,ETHUSDT,okx_spot,0.017381341255493312,-0.3246875270933079,0.3223876733365337,1549.9541757688748,10309.301424655467
2025-01-13 00:45:00+00:00,order,sell,3318.97,0.45507388,scalp_pingpong,ETHUSDT,okx_spot,1.5103765555035997,-0.0,35.51898506055139,1585.4731608294262,10343.540901774602
2025-01-13 10:45:00+00:00,order,buy,3114.534009723984,0.90011876,scalp_pingpong,ETHUSDT,okx_spot,2.2427603926484645,0.0,-2.2427603926484645,1583.2304004367777,10341.298141381954
2025-01-13 12:15:00+00:00,order,sell,3066.881606052119,0.90011876,scalp_pingpong,ETHUSDT,okx_spot,2.760557668306442,3.3199925867583264,-48.973372759203386,1534.2570276775743,10295.644761209509
2025-01-14 13:00:00+00:00,order,buy,3185.6983667466566,0.42752088,scalp_pingpong,ETHUSDT,okx_spot,1.0895620553328746,0.0,-1.0895620553328746,1533.1674656222415,10294.555199154176
2025-01-14 14:00:00+00:00,order,sell,3208.7,0.42752088,scalp_pingpong,ETHUSDT,okx_spot,1.3717862476559999,-0.0,8.46189224225056,1541.629357864492,10303.017091396427
2025-01-14 15:30:00+00:00,order,buy,3197.2734084230933,1.23458907,scalp_pingpong,ETHUSDT,okx_spot,3.1578550430726375,0.0,-3.1578550430726375,1538.4715028214193,10299.859236353353
2025-01-14 16:00:00+00:00,order,sell,3199.51,1.23458907,scalp_pingpong,ETHUSDT,okx_spot,3.9500800753557,-0.0,-1.1888085604524719,1537.2826942609668,10298.670427792902
2025-01-14 20:30:00+00:00,order,buy,3214.958490599087,0.53206679,scalp_pingpong,ETHUSDT,okx_spot,1.3684581152610413,0.0,-1.3684581152610413,1535.9142361457057,10297.301969677641
2025-01-14 20:45:00+00:00,order,sell,3222.5014063978224,0.53206679,scalp_pingpong,ETHUSDT,okx_spot,1.714585979072575,-18.777385316674806,21.076134333875675,1556.9903704795813,10299.600718694843
2025-01-16 04:00:00+00:00,order,buy,3365.4525688106755,0.53422097,scalp_pingpong,ETHUSDT,okx_spot,1.4383162686392248,0.0,-1.4383162686392248,1555.552054210942,10298.162402426204
2025-01-16 04:15:00+00:00,order,sell,3368.1115369903923,0.53422097,scalp_pingpong,ETHUSDT,okx_spot,1.7993158123591984,-96.64139456549825,96.2625553133064,1651.8146095242485,10297.783563174013
2025-01-16 09:00:00+00:00,order,buy,3311.428384049944,0.79790822,scalp_pingpong,ETHUSDT,okx_spot,2.1137727420598136,0.0,-2.1137727420598136,1649.7008367821886,10295.669790431954
2025-01-16 09:15:00+00:00,order,sell,3307.331641321752,0.16830131,scalp_pingpong,ETHUSDT,okx_spot,0.5566282478389011,-20.216629593801017,18.970514178074524,1668.6713509602632,10291.844337486065
2025-01-16 10:00:00+00:00,order,sell,3336.6215385631294,0.62960691,scalp_pingpong,ETHUSDT,okx_spot,2.100759976734178,-0.07652151917776281,13.837545708642999,1682.5088966689061,10308.184699205693
2025-01-16 13:30:00+00:00,order,buy,3312.159999999,1.09409473,scalp_pingpong,ETHUSDT,okx_spot,2.8990534407325645,0.0,-2.8990534407325645,1679.6098432281735,10305.285645764958
2025-01-16 14:45:00+00:00,order,sell,3289.8,1.09409473,scalp_pingpong,ETHUSDT,okx_spot,3.599352842754,-0.0,-28.06331100445948,1651.5465322237142,10277.2223347605
2025-01-16 15:00:00+00:00,order,buy,3272.154619574978,1.8813276,scalp_pingpong,ETHUSDT,okx_spot,4.924795837819126,0.0,-4.924795837819126,1646.621736385895,10272.297538922681
2025-01-16 15:15:00+00:00,order,sell,3317.411602798606,1.09409473,scalp_pingpong,ETHUSDT,okx_spot,3.629562551862808,-43.502960078308035,89.38882436711522,1736.0105607530102,10353.811188002168
2025-01-16 23:15:00+00:00,order,sell,3305.17,0.78723287,scalp_pingpong,ETHUSDT,okx_spot,2.6019384649379,-0.0,23.388854221194055,1759.3994149742043,10341.572257432683
2025-01-17 18:15:00+00:00,order,buy,3420.1295280967156,0.75557616,scalp_pingpong,ETHUSDT,okx_spot,2.067334668433543,0.0,-2.067334668433543,1757.332080305771,10339.504922764248
2025-01-17 20:45:00+00:00,order,sell,3515.1416326412814,0.75557616,scalp_pingpong,ETHUSDT,okx_spot,2.6559572166472303,-2.4417445816301497,71.5746684702844,1828.9067487760553,10408.637846652904
2025-01-18 04:15:00+00:00,order,buy,3362.988391572492,1.84541591,scalp_pingpong,ETHUSDT,okx_spot,4.964889826362549,0.0,-4.964889826362549,1823.9418589496927,10403.672956826542
2025-01-18 05:15:00+00:00,order,sell,3338.39,1.84541591,scalp_pingpong,ETHUSDT,okx_spot,6.1607180197849,-0.0,-51.554981188072254,1772.3868777616203,10352.11797563847
2025-01-19 08:45:00+00:00,order,buy,3221.9883581081695,0.58150735,scalp_pingpong,ETHUSDT,okx_spot,1.498887929483466,0.0,-1.498887929483466,1770.8879898321368,10350.619087708985
2025-01-19 09:15:00+00:00,order,sell,3173.9116470215745,0.58150735,scalp_pingpong,ETHUSDT,okx_spot,1.845652950993651,-0.5068691496511906,-29.29574466202388,1741.5922451701128,10320.81647389731
2025-01-19 21:15:00+00:00,order,buy,3251.2483504800566,0.6839162,scalp_pingpong,ETHUSDT,okx_spot,1.7788651336932708,0.0,-1.7788651336932708,1739.8133800364196,10319.037608763616
2025-01-19 22:00:00+00:00,order,sell,3258.3216485380267,0.6839162,scalp_pingpong,ETHUSDT,okx_spot,2.228418960245863,-17.680361231862907,20.28948540089135,1760.102865437311,10321.646732932646
2025-01-20 12:30:00+00:00,order,buy,3288.1983770130455,1.87524808,scalp_pingpong,ETHUSDT,okx_spot,4.932950154522264,0.0,-4.932950154522264,1755.1699152827887,10316.713782778123
2025-01-20 16:00:00+00:00,order,sell,3336.320000001,1.87524808,scalp_pingpong,ETHUSDT,okx_spot,5.005142139413981,0.0,85.23483897523187,1840.4047542580206,10401.948621753356
2025-01-21 12:15:00+00:00,order,buy,3303.6847338704597,0.43508784,scalp_pingpong,ETHUSDT,okx_spot,1.1499144439205387,0.0,-1.1499144439205387,1839.2548398141,10400.798707309435
2025-01-21 12:45:00+00:00,order,sell,3307.62,0.43508784,scalp_pingpong,ETHUSDT,okx_spot,1.4391052413407999,-0.0,0.27308119878594317,1839.527921012886,10401.071788508221
2025-01-21 15:00:00+00:00,order,buy,3275.5283884276423,1.34458627,scalp_pingpong,ETHUSDT,okx_spot,3.523384398460028,0.0,-3.523384398460028,1836.0045366144261,10397.54840410976
2025-01-21 22:00:00+00:00,order,sell,3332.09,1.34458627,scalp_pingpong,ETHUSDT,okx_spot,4.480282464404301,-0.0,71.5716838648612,1907.5762204792873,10469.120087974623
2025-01-22 23:30:00+00:00,order,buy,3243.3083715385983,0.58197146,scalp_pingpong,ETHUSDT,okx_spot,1.5100103265716325,0.0,-1.5100103265716325,1906.0662101527157,10467.61007764805
2025-01-23 02:00:00+00:00,order,sell,3234.79,0.58197146,scalp_pingpong,ETHUSDT,okx_spot,1.8825554590934002,-0.0,-6.840004580233998,1899.2262055724816,10460.770073067817
2025-01-23 15:45:00+00:00,order,buy,3250.200510850609,1.94037167,scalp_pingpong,ETHUSDT,okx_spot,5.04527759445924,0.0,-5.04527759445924,1894.1809279780223,10455.724795473358
2025-01-23 17:00:00+00:00,order,sell,3254.45,1.94037167,scalp_pingpong,ETHUSDT,okx_spot,6.3148425814315,-0.0,1.9307457760185605,1896.1116737540408,10457.655541249376
2025-01-24 20:45:00+00:00,order,buy,3329.5083912531663,0.93738407,scalp_pingpong,ETHUSDT,okx_spot,2.4968225015136363,0.0,-2.4968225015136363,1893.6148512525272,10455.158718747862
2025-01-24 22:00:00+00:00,order,sell,3330.21,0.93738407,scalp_pingpong,ETHUSDT,okx_spot,3.1216858037547,-0.0,-2.4640089411000745,1891.1508423114271,10452.694709806763
2025-01-29 19:30:00+00:00,order,buy,3058.599999999,2.05048611,scalp_pingpong,ETHUSDT,okx_spot,5.01729345283516,0.0,-5.01729345283516,1886.133548858592,10447.677416353927
2025-01-30 04:15:00+00:00,order,sell,3203.161532931528,2.05048611,scalp_pingpong,ETHUSDT,okx_spot,6.568038231362406,-12.613632831305708,302.4670099184,2188.600558776992,10737.530793441021
2025-01-30 21:15:00+00:00,order,buy,3236.6277029282,0.80230921,scalp_pingpong,ETHUSDT,okx_spot,2.0774209723203514,0.0,-2.0774209723203514,2186.5231378046715,10735.453372468699
2025-01-30 23:00:00+00:00,order,sell,3261.221532763204,0.80230921,scalp_pingpong,ETHUSDT,okx_spot,2.616508071586235,-0.29808415773528535,17.41343227194551,2203.936570076617,10752.56872058291
2025-01-31 18:45:00+00:00,order,buy,3311.579999999,1.25300581,scalp_pingpong,ETHUSDT,okx_spot,3.319543184222838,0.0,-3.319543184222838,2200.6170268923943,10749.249177398688
2025-01-31 20:30:00+00:00,order,sell,3318.891584910972,1.25300581,scalp_pingpong,ETHUSDT,okx_spot,4.158590438653556,-8.635195933556428,13.638063869912587,2214.2550907623067,10754.252045335043
2025-02-02 07:00:00+00:00,order,buy,3113.7983812058865,0.55076661,scalp_pingpong,ETHUSDT,okx_spot,1.3719809429122032,0.0,-1.3719809429122032,2212.8831098193946,10752.880064392131
2025-02-02 13:00:00+00:00,order,sell,3068.4415960656015,0.55076661,scalp_pingpong,ETHUSDT,okx_spot,1.689995175848041,-8.890252145040584,-17.78074582302053,2195.102363996374,10726.20906642407
2025-02-02 16:00:00+00:00,order,buy,3064.5784415589574,0.67934767,scalp_pingpong,ETHUSDT,okx_spot,1.665531379044247,0.0,-1.665531379044247,2193.43683261733,10724.543535045024
2025-02-02 17:30:00+00:00,order,sell,2990.6916465843715,0.67934767,scalp_pingpong,ETHUSDT,okx_spot,2.031719401795556,12.845345836443713,-65.07188724799171,2128.3649453693383,10672.316993633476
2025-02-02 19:00:00+00:00,order,buy,2913.9212310875237,2.18661414,scalp_pingpong,ETHUSDT,okx_spot,5.09729709339375,0.0,-5.09729709339375,2123.267648275945,10667.219696540082
2025-02-02 20:00:00+00:00,order,sell,2981.2515696745027,2.18661414,scalp_pingpong,ETHUSDT,okx_spot,6.518846837147463,-48.677463028863194,189.38408659699144,2312.6517348729362,10807.926320108212
2025-02-02 23:00:00+00:00,order,buy,2823.090525471256,2.25541033,scalp_pingpong,ETHUSDT,okx_spot,5.0937820269384,0.0,-5.0937820269384,2307.557952845998,10802.832538081273
2025-02-02 23:30:00+00:00,order,sell,2845.3116242188917,2.25541033,scalp_pingpong,ETHUSDT,okx_spot,6.417345229332367,-75.7403421614664,119.44069259150123,2426.9986454374994,10846.532888511309
2025-02-03 02:15:00+00:00,order,buy,2427.1476081092883,2.65672752,scalp_pingpong,ETHUSDT,okx_spot,5.158615876452897,0.0,-5.158615876452897,2421.8400295610463,10841.374272634854
2025-02-03 15:00:00+00:00,order,sell,2620.4116386397795,2.65672752,scalp_pingpong,ETHUSDT,okx_spot,6.961719714102598,-0.7748044001979594,507.26295322257147,2929.102982783618,11347.86242145723
2025-02-03 20:30:00+00:00,order,buy,2712.288491528293,2.4924836,scalp_pingpong,ETHUSDT,okx_spot,5.4082676668824075,0.0,-5.4082676668824075,2923.6947151167356,11342.454153790346
2025-02-03 22:15:00+00:00,order,sell,2913.201633157522,2.4924836,scalp_pingpong,ETHUSDT,okx_spot,7.261107294138339,-150.30083169833927,643.812434939531,3567.5071500562667,11835.96575703154
2025-02-04 05:30:00+00:00,order,buy,2678.2983700678324,2.62952315,scalp_pingpong,ETHUSDT,okx_spot,5.634118053360505,0.0,-5.634118053360505,3561.8730320029063,11830.331638978178
2025-02-04 17:30:00+00:00,order,sell,2805.311514480312,2.62952315,scalp_pingpong,ETHUSDT,okx_spot,7.3766315702875405,-31.295307846040664,357.902679862661,3919.7757118655672,12156.939010994798
2025-02-04 20:15:00+00:00,order,buy,2739.0884093251634,2.64872447,scalp_pingpong,ETHUSDT,okx_spot,5.804072396218349,0.0,-5.804072396218349,3913.9716394693487,12151.134938598578
2025-02-04 21:00:00+00:00,order,sell,2733.08,2.64872447,scalp_pingpong,ETHUSDT,okx_spot,7.2391758744676,-0.0,-23.153796679804252,3890.8178427895446,12127.981141918775
2025-02-05 10:15:00+00:00,order,buy,2758.2575438569766,1.09753333,scalp_pingpong,ETHUSDT,okx_spot,2.4218236696855753,0.0,-2.4218236696855753,3888.396019119859,12125.55931824909
2025-02-05 15:00:00+00:00,order,sell,2786.55,1.09753333,scalp_pingpong,ETHUSDT,okx_spot,3.0583315007115,-0.0,27.99358210382032,3916.389601223679,12153.55290035291
2025-02-06 07:45:00+00:00,order,buy,2831.868411732742,0.84313144,scalp_pingpong,ETHUSDT,okx_spot,1.910109833499792,0.0,-1.910109833499792,3914.479491390179,12151.642790519409
2025-02-06 08:45:00+00:00,order,sell,2830.98,0.84313144,scalp_pingpong,ETHUSDT,okx_spot,2.3868882440111996,-0.0,-3.1359361075507444,3911.3435552826286,12148.506854411859
2025-02-06 16:15:00+00:00,order,buy,2707.1384184677654,2.69388133,scalp_pingpong,ETHUSDT,okx_spot,5.834167714588832,0.0,-5.834167714588832,3905.5093875680395,12142.672686697268
2025-02-06 17:15:00+00:00,order,sell,2705.0015128508526,2.69388133,scalp_pingpong,ETHUSDT,okx_spot,7.286953073090666,-1.1085667859664416,-11.934956432497868,3893.5744311355415,12129.629163478805
2025-02-07 06:45:00+00:00,order,buy,2674.384191666856,1.60230212,scalp_pingpong,ETHUSDT,okx_spot,3.428137168001832,0.0,-3.428137168001832,3890.14629396754,12126.201026310802
2025-02-07 14:00:00+00:00,order,sell,2784.601600176321,1.60230212,scalp_pingpong,ETHUSDT,okx_spot,4.461773047317912,-13.638155007111234,185.77796927541493,4075.9242632429546,12298.340840579107
2025-02-07 15:45:00+00:00,order,buy,2722.2483954832333,2.69244827,scalp_pingpong,ETHUSDT,okx_spot,5.863610386343286,0.0,-5.863610386343286,4070.0606528566113,12292.477230192762
2025-02-07 17:30:00+00:00,order,sell,2681.331469560623,2.69244827,scalp_pingpong,ETHUSDT,okx_spot,7.219346276515057,-11.689182207758158,-105.69687048280662,3964.3637823738045,12175.091177502198
2025-02-08 15:00:00+00:00,order,buy,2610.729417624551,0.81747186,scalp_pingpong,ETHUSDT,okx_spot,1.707358266385807,0.0,-1.707358266385807,3962.656424107419,12173.38381923581
2025-02-08 15:30:00+00:00,order,sell,2605.99,0.81747186,scalp_pingpong,ETHUSDT,okx_spot,2.1303234924414003,-0.0,-6.004664033300012,3956.651760074119,12167.379155202512
2025-02-09 17:00:00+00:00,order,buy,2656.6884188942936,0.7316522,scalp_pingpong,ETHUSDT,okx_spot,1.5550175411188252,0.0,-1.5550175411188252,3955.096742533,12165.824137661393
2025-02-09 17:15:00+00:00,order,sell,2650.6814997796746,0.7316522,scalp_pingpong,ETHUSDT,okx_spot,1.9393769508130985,-40.322450059098315,33.98809752285196,3989.084840055852,12159.489785125148
2025-02-09 22:00:00+00:00,order,buy,2545.5962060405877,2.85861258,scalp_pingpong,ETHUSDT,okx_spot,5.821498670550317,0.0,-5.821498670550317,3983.263341385302,12153.668286454598
2025-02-10 14:15:00+00:00,order,sell,2659.361393225986,2.85861258,scalp_pingpong,ETHUSDT,okx_spot,7.60208393344213,-3.634420669929721,321.24293199072184,4304.506273376023,12471.276797775388
2025-02-11 12:30:00+00:00,order,buy,2684.899999999,0.76954369,scalp_pingpong,ETHUSDT,okx_spot,1.6529182826241846,0.0,-1.6529182826241846,4302.853355093399,12469.623879492763
2025-02-11 13:30:00+00:00,order,sell,2675.6,0.76954369,scalp_pingpong,ETHUSDT,okx_spot,2.058991096964,-0.0,-9.215747413194713,4293.637607680204,12460.408132079569
2025-02-11 16:45:00+00:00,order,buy,2645.698437695604,0.89256662,scalp_pingpong,ETHUSDT,okx_spot,1.8891696896585968,0.0,-1.8891696896585968,4291.748437990545,12458.518962389908
2025-02-11 17:45:00+00:00,order,sell,2640.8115360527277,0.89256662,scalp_pingpong,ETHUSDT,okx_spot,2.3571002267915913,-1.6169166115912699,-5.102068896854716,4286.646369093691,12451.799976881462
2025-02-11 23:00:00+00:00,order,buy,2585.999999999,2.0213013,scalp_pingpong,ETHUSDT,okx_spot,4.181668129438383,0.0,-4.181668129438383,4282.464700964252,12447.618308752024
2025-02-12 03:15:00+00:00,order,sell,2600.121505338897,2.0213013,scalp_pingpong,ETHUSDT,okx_spot,5.25562897889947,-38.508832508468906,61.79702063105971,4344.261721595312,12470.906496874615
2025-02-12 14:15:00+00:00,order,buy,2570.41844258909,2.8824469,scalp_pingpong,ETHUSDT,okx_spot,5.927275737235001,0.0,-5.927275737235001,4338.334445858078,12464.979221137379
2025-02-12 22:45:00+00:00,order,sell,2764.7,2.8824469,scalp_pingpong,ETHUSDT,okx_spot,7.96910094443,-0.0,552.0371719418195,4890.371617799898,13017.0163930792
2025-02-13 14:30:00+00:00,order,buy,2630.335716910313,1.31171645,scalp_pingpong,ETHUSDT,okx_spot,2.7602037031150406,0.0,-2.7602037031150406,4887.611414096783,13014.256189376087
2025-02-13 16:30:00+00:00,order,sell,2630.611569470727,1.31171645,scalp_pingpong,ETHUSDT,okx_spot,3.4506164692350705,-6.193360344570387,3.1045842166045876,4890.715998313388,13011.16741324812
2025-02-14 15:30:00+00:00,order,buy,2696.6630173168755,1.19518445,scalp_pingpong,ETHUSDT,okx_spot,2.5784077641497682,0.0,-2.5784077641497682,4888.137590549238,13008.58900548397
2025-02-14 15:45:00+00:00,order,sell,2734.3916287959487,1.19518445,scalp_pingpong,ETHUSDT,okx_spot,3.2681023549470902,-123.81110388708987,165.63565129202215,5053.77324184126,13050.413552888904
2025-02-17 16:00:00+00:00,order,buy,2745.5184038615544,2.84107128,scalp_pingpong,ETHUSDT,okx_spot,6.240170788738003,0.0,-6.240170788738003,5047.533071052521,13044.173382100165
2025-02-17 16:15:00+00:00,order,sell,2727.5416493085186,0.116532,scalp_pingpong,ETHUSDT,okx_spot,0.3178458834772203,-11.273497877220265,8.860784832168788,5056.39385588469,12992.782295148449
2025-02-17 19:15:00+00:00,order,sell,2707.4114115878847,2.72453928,scalp_pingpong,ETHUSDT,okx_spot,7.376448737991439,-11.092720796238604,-100.1077252340221,4956.286130650668,12930.560223024853
2025-02-17 22:30:00+00:00,order,buy,2748.6983849579287,1.12515367,scalp_pingpong,ETHUSDT,okx_spot,2.474166460446789,0.0,-2.474166460446789,4953.811964190221,12928.086056564407
2025-02-18 04:45:00+00:00,order,sell,2701.611519510935,1.12515367,scalp_pingpong,ETHUSDT,okx_spot,3.039728116092005,4.487653459994701,-60.50734104256769,4893.304623147654,12872.066368981834
2025-02-18 15:00:00+00:00,order,buy,2684.907824939623,1.94379991,scalp_pingpong,ETHUSDT,okx_spot,4.175138870780748,0.0,-4.175138870780748,4889.129484276873,12867.891230111052
2025-02-18 16:45:00+00:00,order,sell,2635.1615659533013,1.94379991,scalp_pingpong,ETHUSDT,okx_spot,5.122226814735487,5.8866698274139635,-107.70567038259786,4781.423813894276,12766.072229555868
2025-02-19 15:00:00+00:00,order,buy,2683.278389748472,1.16515562,scalp_pingpong,ETHUSDT,okx_spot,2.501149516671986,0.0,-2.501149516671986,4778.922664377604,12763.571080039197
2025-02-19 19:30:00+00:00,order,sell,2711.91,1.16515562,scalp_pingpong,ETHUSDT,okx_spot,3.1597971774341995,-0.0,30.200484416783468,4809.123148794387,12793.77156445598
2025-02-19 22:30:00+00:00,order,buy,2712.1887052946618,0.75024354,scalp_pingpong,ETHUSDT,okx_spot,1.6278416443266273,0.0,-1.6278416443266273,4807.49530715006,12792.143722811652
2025-02-20 00:15:00+00:00,order,sell,2718.231540566883,0.75024354,scalp_pingpong,ETHUSDT,okx_spot,2.039335653534552,-4.705182796151742,7.199445268885051,4814.694752418945,12794.637985284386
2025-02-20 15:30:00+00:00,order,buy,2728.3884846575115,1.48406667,scalp_pingpong,ETHUSDT,okx_spot,3.2392883303136157,0.0,-3.2392883303136157,4811.455464088632,12791.398696954071
2025-02-20 19:45:00+00:00,order,sell,2751.84,1.48406667,scalp_pingpong,ETHUSDT,okx_spot,4.083914025172801,-0.0,30.719698255607923,4842.17516234424,12822.118395209682
2025-02-21 16:00:00+00:00,order,buy,2702.813830984906,2.82474254,scalp_pingpong,ETHUSDT,okx_spot,6.1078025648667476,0.0,-6.1078025648667476,4836.067359779373,12816.010592644814
2025-02-21 17:45:00+00:00,order,sell,2672.401612257398,2.82474254,scalp_pingpong,ETHUSDT,okx_spot,7.548846518108057,-12.885380194457229,-80.57015429902721,4755.497205480346,12722.55505815133
2025-02-24 03:45:00+00:00,order,buy,2718.008363451714,1.05080235,scalp_pingpong,ETHUSDT,okx_spot,2.2848716605077724,0.0,-2.2848716605077724,4753.212333819838,12720.270186490823
2025-02-24 04:30:00+00:00,order,sell,2707.41,1.05080235,scalp_pingpong,ETHUSDT,okx_spot,2.8449527904135,-0.0,-13.981738011628678,4739.23059580821,12706.288448479196
2025-02-24 09:00:00+00:00,order,buy,2686.748112217683,2.08531577,scalp_pingpong,ETHUSDT,okx_spot,4.48217456674021,0.0,-4.48217456674021,4734.748421241469,12701.806273912454
2025-02-24 10:15:00+00:00,order,sell,2688.11,2.08531577,scalp_pingpong,ETHUSDT,okx_spot,5.6055581744947,-0.0,-2.7655921050579586,4731.982829136411,12699.040681807397
2025-02-24 22:45:00+00:00,order,buy,2508.198364999164,2.95063486,scalp_pingpong,ETHUSDT,okx_spot,5.92062202524923,0.0,-5.92062202524923,4726.062207111162,12693.120059782148
2025-02-25 00:15:00+00:00,order,sell,2504.141603897069,2.95063486,scalp_pingpong,ETHUSDT,okx_spot,7.388807510835005,-105.54894145680461,86.1901132194373,4812.252320330599,12673.76123154478
2025-02-25 06:45:00+00:00,order,buy,2481.2683695336036,0.80316411,scalp_pingpong,ETHUSDT,okx_spot,1.5942925613500862,0.0,-1.5942925613500862,4810.658027769249,12672.16693898343
2025-02-25 07:15:00+00:00,order,sell,2425.39,0.80316411,scalp_pingpong,ETHUSDT,okx_spot,1.9479862007528999,-0.0,-46.82748713546062,4763.830540633789,12625.339451847969
2025-02-25 07:30:00+00:00,order,buy,2366.589999999,3.20089397,scalp_pingpong,ETHUSDT,okx_spot,6.06016292836728,0.0,-6.06016292836728,4757.770377705421,12619.279288919603
2025-02-25 07:45:00+00:00,order,sell,2368.361645444104,0.80316411,scalp_pingpong,ETHUSDT,okx_spot,1.9021830731212492,-1.4229220363491806,0.9436610003805339,4758.714038705802,12623.04795506869
2025-02-25 12:00:00+00:00,order,sell,2440.2116117693417,2.39772986,scalp_pingpong,ETHUSDT,okx_spot,5.850968246258079,-14.630016733477827,185.30378537029483,4944.017824076096,12789.47379652045
2025-02-26 18:45:00+00:00,order,buy,2291.207546273223,3.30765105,scalp_pingpong,ETHUSDT,okx_spot,6.0628120369588405,0.0,-6.0628120369588405,4937.955012039137,12783.41098448349
2025-02-26 19:30:00+00:00,order,sell,2299.501578384453,3.30765105,scalp_pingpong,ETHUSDT,okx_spot,7.605948810219993,-64.47133970949203,84.29915492071461,5022.254166959851,12803.238799694713
2025-02-28 01:45:00+00:00,order,buy,2194.1183884687684,3.45913502,scalp_pingpong,ETHUSDT,okx_spot,6.071801404462626,0.0,-6.071801404462626,5016.182365555389,12797.16699829025
2025-02-28 02:45:00+00:00,order,sell,2167.6916243855826,3.45913502,scalp_pingpong,ETHUSDT,okx_spot,7.498338010472855,-70.74493012805551,-28.167152987843977,4988.015212567545,12698.25491517435
2025-03-01 00:45:00+00:00,order,buy,2216.3283780140173,1.07148121,scalp_pingpong,ETHUSDT,okx_spot,1.8998033697854373,0.0,-1.8998033697854373,4986.11540919776,12696.355111804563
2025-03-01 02:00:00+00:00,order,sell,2254.8115240367565,1.07148121,scalp_pingpong,ETHUSDT,okx_spot,2.4159881800968477,-1.415988173948183,40.233967858902794,5026.349377056662,12735.173091489518
2025-03-01 03:15:00+00:00,order,buy,2250.1082686217796,1.41680566,scalp_pingpong,ETHUSDT,okx_spot,2.5503729044769106,0.0,-2.5503729044769106,5023.799004152185,12732.62271858504
2025-03-01 05:45:00+00:00,order,sell,2255.911456234125,1.41680566,scalp_pingpong,ETHUSDT,okx_spot,3.196188119651351,-4.0116232185508665,9.037424154112786,5032.836428306298,12737.648519520604
2025-03-01 11:45:00+00:00,order,buy,2184.5087635549357,2.28607633,scalp_pingpong,ETHUSDT,okx_spot,3.995163021632405,0.0,-3.995163021632405,5028.8412652846655,12733.65335649897
2025-03-01 17:15:00+00:00,order,sell,2196.1,2.28607633,scalp_pingpong,ETHUSDT,okx_spot,5.020452228313,-0.0,21.477999044181093,5050.319264328847,12755.131355543153
2025-03-01 21:45:00+00:00,order,buy,2215.251047506564,0.88433594,scalp_pingpong,ETHUSDT,okx_spot,1.5672208939461618,0.0,-1.5672208939461618,5048.752043434901,12753.564134649205
2025-03-01 22:15:00+00:00,order,sell,2224.31,0.88433594,scalp_pingpong,ETHUSDT,okx_spot,1.9670372747014,-0.0,6.044119993996898,5054.796163428898,12759.608254643203
2025-03-02 12:45:00+00:00,order,buy,2228.6099231053076,0.78908756,scalp_pingpong,ETHUSDT,okx_spot,1.4068546931319639,0.0,-1.4068546931319639,5053.389308735766,12758.20139995007
2025-03-02 14:30:00+00:00,order,sell,2189.0015997995124,0.78908756,scalp_pingpong,ETHUSDT,okx_spot,1.727313931221894,3.7074491501061235,-36.689198274389014,5016.700110461376,12725.219650825788
2025-03-03 00:45:00+00:00,order,buy,2465.778450502456,3.0686842,scalp_pingpong,ETHUSDT,okx_spot,6.053356297405895,0.0,-6.053356297405895,5010.64675416397,12719.16629452838
2025-03-03 02:00:00+00:00,order,sell,2458.8,3.0686842,scalp_pingpong,ETHUSDT,okx_spot,7.54528071096,-0.0,-28.959941508328015,4981.686812655643,12690.206353020052
2025-03-03 06:30:00+00:00,order,buy,2389.198363218173,1.08767216,scalp_pingpong,ETHUSDT,okx_spot,2.0789316355119802,0.0,-2.0789316355119802,4979.607881020131,12688.127421384539
2025-03-03 09:00:00+00:00,order,sell,2344.361606173178,1.08767216,scalp_pingpong,ETHUSDT,okx_spot,2.5498968520074503,0.9118976245497481,-52.22948685908192,4927.378394161049,12636.809832150007
2025-03-03 09:15:00+00:00,order,buy,2336.874803797014,2.39895449,scalp_pingpong,ETHUSDT,okx_spot,4.484845042509373,0.0,-4.484845042509373,4922.893549118539,12632.324987107497
2025-03-03 14:00:00+00:00,order,sell,2376.58,2.39895449,scalp_pingpong,ETHUSDT,okx_spot,5.7013072618442,-0.0,89.54965144563954,5012.443200564179,12721.874638553138
2025-03-03 15:00:00+00:00,order,buy,2275.189999999,3.35493949,scalp_pingpong,ETHUSDT,okx_spot,6.106499822599797,0.0,-6.106499822599797,5006.336700741579,12715.768138730537
2025-03-03 16:15:00+00:00,order,sell,2286.801524053205,3.35493949,scalp_pingpong,ETHUSDT,okx_spot,7.672080738838282,-43.51867829158242,74.80255814128111,5081.13925888286,12747.052018580236
2025-03-03 18:45:00+00:00,order,buy,2193.218380875943,3.48675466,scalp_pingpong,ETHUSDT,okx_spot,6.117771527933479,0.0,-6.117771527933479,5075.021487354927,12740.9342470523
2025-03-03 19:30:00+00:00,order,sell,2185.5215239157296,3.48675466,scalp_pingpong,ETHUSDT,okx_spot,7.620377358043472,-29.154582477872246,-5.302846753547591,5069.718640601379,12706.476817820881
2025-03-03 20:30:00+00:00,order,buy,2105.0184191847416,3.57886919,scalp_pingpong,ETHUSDT,okx_spot,6.026868451842222,0.0,-6.026868451842222,5063.6917721495365,12700.449949369038
2025-03-04 01:45:00+00:00,order,sell,2056.471634369758,3.57886919,scalp_pingpong,ETHUSDT,okx_spot,7.359842972354871,-17.68546299417052,-163.41697242608916,4900.274799723447,12519.347513948778
2025-03-04 02:00:00+00:00,order,buy,2033.1825162832413,3.65233364,scalp_pingpong,ETHUSDT,okx_spot,5.940688720384904,0.0,-5.940688720384904,4894.334111003062,12513.406825228392
2025-03-04 02:15:00+00:00,order,sell,2056.66,3.57886919,scalp_pingpong,ETHUSDT,okx_spot,7.360517108305399,-0.0,76.66232602432868,4970.996437027391,12591.793911681356
2025-03-04 13:00:00+00:00,order,sell,2103.8,0.07346445,scalp_pingpong,ETHUSDT,okx_spot,0.15455450991,-0.0,5.033320091725486,4976.029757119117,12595.102471344446
2025-03-06 18:15:00+00:00,order,buy,2195.674910359601,1.9043561,scalp_pingpong,ETHUSDT,okx_spot,3.345077527328208,0.0,-3.345077527328208,4972.684679591788,12591.757393817117
2025-03-06 19:30:00+00:00,order,sell,2201.121552799117,1.9043561,scalp_pingpong,ETHUSDT,okx_spot,4.191719255914471,-18.97034383847105,25.1509713367679,4997.835650928556,12597.938021315413
2025-03-07 00:45:00+00:00,order,buy,2106.4011745601815,3.56291642,scalp_pingpong,ETHUSDT,okx_spot,6.003945065558206,0.0,-6.003945065558206,4991.831705862997,12591.934076249854
2025-03-07 21:15:00+00:00,order,sell,2154.011521782941,3.56291642,scalp_pingpong,ETHUSDT,okx_spot,7.674563019829629,-97.70059022182816,259.65771508387013,5251.4894209468675,12753.891201111897
2025-03-07 21:45:00+00:00,order,buy,2131.4303456981606,3.5522861,scalp_pingpong,ETHUSDT,okx_spot,6.0571603121134165,0.0,-6.0571603121134165,5245.432260634754,12747.834040799786
2025-03-07 22:15:00+00:00,order,sell,2128.5013268130356,3.5522861,scalp_pingpong,ETHUSDT,okx_spot,7.561045677069504,-9.95111429950422,-8.014644449832726,5237.417616184922,12729.86828205045
2025-03-09 10:45:00+00:00,order,buy,2134.368388988819,1.08741322,scalp_pingpong,ETHUSDT,okx_spot,1.8567523220292352,0.0,-1.8567523220292352,5235.560863862893,12728.01152972842
2025-03-09 11:00:00+00:00,order,sell,2140.8114686700264,1.08741322,scalp_pingpong,ETHUSDT,okx_spot,2.3279466925594026,-13.181045277602513,17.859388607901703,5253.420252470794,12732.689873058718
2025-03-09 17:15:00+00:00,order,buy,2034.4884166496004,3.72464235,scalp_pingpong,ETHUSDT,okx_spot,6.062193373790037,0.0,-6.062193373790037,5247.358059097004,12726.627679684927
2025-03-09 21:15:00+00:00,order,sell,2032.69,3.72464235,scalp_pingpong,ETHUSDT,okx_spot,7.5710432584215,-0.0,-14.269502074468196,5233.0885570225355,12712.35817761046
2025-03-10 14:30:00+00:00,order,buy,2004.5883990201648,3.7731648,scalp_pingpong,ETHUSDT,okx_spot,6.050913908536993,0.0,-6.050913908536993,5227.0376431139985,12706.307263701923
2025-03-10 15:15:00+00:00,order,sell,2027.9,3.7731648,scalp_pingpong,ETHUSDT,okx_spot,7.651600897920001,-0.0,80.30691135083968,5307.344554464838,12786.614175052762
2025-03-10 17:30:00+00:00,order,buy,1924.888389457272,3.92665062,scalp_pingpong,ETHUSDT,okx_spot,6.04669135031456,0.0,-6.04669135031456,5301.297863114524,12780.567483702449
2025-03-10 18:30:00+00:00,order,sell,1911.84,3.92665062,scalp_pingpong,ETHUSDT,okx_spot,7.5071277213408,-0.0,-58.74359427373998,5242.554268840784,12721.823889428708
2025-03-11 00:15:00+00:00,order,buy,1831.9384086788714,4.06857505,scalp_pingpong,ETHUSDT,okx_spot,5.962703122150048,0.0,-5.962703122150048,5236.591565718634,12715.861186306558
2025-03-11 01:00:00+00:00,order,sell,1793.9016022191474,4.06857505,scalp_pingpong,ETHUSDT,okx_spot,7.298623300943848,80.51058149065233,-242.56480653530804,4994.026759183326,12553.806961261902
2025-03-12 02:45:00+00:00,order,buy,1895.9884061022801,0.93915093,scalp_pingpong,ETHUSDT,okx_spot,1.4244954198881394,0.0,-1.4244954198881394,4992.602263763438,12552.382465842013
2025-03-12 03:00:00+00:00,order,sell,1890.831365979304,0.93915093,scalp_pingpong,ETHUSDT,okx_spot,1.775776035832634,-90.85474382893389,84.23572876556103,5076.837992528999,12545.76345077864
2025-03-12 10:00:00+00:00,order,buy,1886.8775946347962,3.96382281,scalp_pingpong,ETHUSDT,okx_spot,5.983398759433071,0.0,-5.983398759433071,5070.854593769566,12539.780052019207
2025-03-12 10:15:00+00:00,order,sell,1893.9016104307248,3.12942412,scalp_pingpong,ETHUSDT,okx_spot,5.926821380588754,-312.3528611379539,328.4071642084053,5399.261757977972,12561.69518466832
2025-03-12 14:00:00+00:00,order,sell,1887.59,0.83439869,scalp_pingpong,ETHUSDT,okx_spot,1.5750026232571,-0.0,-0.9805725197819666,5398.28118545819,12554.853782569875
2025-03-13 06:00:00+00:00,order,buy,1860.9984025328351,1.14402509,scalp_pingpong,ETHUSDT,okx_spot,1.7032230919579863,0.0,-1.7032230919579863,5396.577962366232,12553.150559477917
2025-03-13 08:30:00+00:00,order,sell,1863.0115653447863,1.14402509,scalp_pingpong,ETHUSDT,okx_spot,2.1313319737146097,-4.3490861357099595,4.520862929122364,5401.098825295355,12553.32233627133
2025-03-13 23:30:00+00:00,order,buy,1862.909999999,1.70163857,scalp_pingpong,ETHUSDT,okx_spot,2.535999606749599,0.0,-2.535999606749599,5398.562825688605,12550.786336664582
2025-03-14 08:00:00+00:00,order,sell,1896.3914070499889,1.70163857,scalp_pingpong,ETHUSDT,okx_spot,3.226972762052831,-5.413604943130895,59.15988579691068,5457.722711485516,12604.532617518362
2025-03-14 16:30:00+00:00,order,buy,1924.7258237668723,1.70751957,scalp_pingpong,ETHUSDT,okx_spot,2.6292056087730447,0.0,-2.6292056087730447,5455.093505876743,12601.903411909589
2025-03-14 20:15:00+00:00,order,sell,1925.58,1.70751957,scalp_pingpong,ETHUSDT,okx_spot,3.2879655336006,-0.0,-1.8294428993063594,5453.264062977436,12600.073969010284
2025-03-15 02:15:00+00:00,order,buy,1908.1484863860512,0.87021832,scalp_pingpong,ETHUSDT,okx_spot,1.32840461610673,0.0,-1.32840461610673,5451.935658361329,12598.745564394176
2025-03-16 01:00:00+00:00,order,sell,1932.12,0.87021832,scalp_pingpong,ETHUSDT,okx_spot,1.6813662204384001,-0.0,19.179084084548954,5471.114742445878,12617.924648478725
2025-03-18 14:15:00+00:00,order,buy,1882.1515925433387,4.02693297,scalp_pingpong,ETHUSDT,okx_spot,6.063438642040621,0.0,-6.063438642040621,5465.051303803837,12611.861209836685
2025-03-18 16:00:00+00:00,order,sell,1885.9911232695151,4.02693297,scalp_pingpong,ETHUSDT,okx_spot,7.594759835421344,-20.541881478044264,28.408654513190598,5493.4599583170275,12619.727982871831
2025-03-18 16:30:00+00:00,order,buy,1880.6685267410542,1.4374626,scalp_pingpong,ETHUSDT,okx_spot,2.1627125361498925,0.0,-2.1627125361498925,5491.297245780877,12617.565270335683
2025-03-18 17:30:00+00:00,order,sell,1881.4714912110787,1.4374626,scalp_pingpong,ETHUSDT,okx_spot,2.704544901582154,-2.1152135821543774,0.5649000753615723,5491.862145856239,12616.014956828889
2025-03-19 18:00:00+00:00,order,buy,2013.4715053654772,2.22429539,scalp_pingpong,ETHUSDT,okx_spot,3.582844309824633,0.0,-3.582844309824633,5488.279301546415,12612.432112519065
2025-03-19 23:00:00+00:00,order,sell,2049.3,2.22429539,scalp_pingpong,ETHUSDT,okx_spot,4.558248542727,-0.0,75.13490690348195,5563.414208449897,12687.567019422548
2025-03-20 10:30:00+00:00,order,buy,1980.869999999,1.74074566,scalp_pingpong,ETHUSDT,okx_spot,2.7585526844179675,0.0,-2.7585526844179675,5560.655655765479,12684.80846673813
2025-03-20 11:00:00+00:00,order,sell,1986.8115340311174,1.74074566,scalp_pingpong,ETHUSDT,okx_spot,3.4585335551026097,-7.3834319564100115,14.267597981458422,5574.923253746938,12691.692632763177
2025-03-21 13:00:00+00:00,order,buy,1945.5775342473592,2.82030562,scalp_pingpong,ETHUSDT,okx_spot,4.389698603186856,0.0,-4.389698603186856,5570.533555143751,12687.30293415999
2025-03-21 14:15:00+00:00,order,sell,1950.8114633902167,2.82030562,scalp_pingpong,ETHUSDT,okx_spot,5.501884533759853,-19.915484884852297,29.174880127375562,5599.708435271126,12696.562329402512
2025-03-22 10:30:00+00:00,order,buy,1996.273512180933,0.96068379,scalp_pingpong,ETHUSDT,okx_spot,1.534230082846872,0.0,-1.534230082846872,5598.174205188279,12695.028099319665
2025-03-22 19:00:00+00:00,order,sell,1995.8713647358618,0.96068379,scalp_pingpong,ETHUSDT,okx_spot,1.91740126702692,-0.6930034084199651,-1.6107343902771225,5596.5634707980025,12692.724361520968
2025-03-24 13:00:00+00:00,order,buy,2075.388400959195,1.02231022,scalp_pingpong,ETHUSDT,okx_spot,1.6973526182160346,0.0,-1.6973526182160346,5594.866118179786,12691.027008902753
2025-03-24 16:30:00+00:00,order,sell,2074.3015974755026,1.02231022,scalp_pingpong,ETHUSDT,okx_spot,2.1205797224615326,-0.952381620132623,-2.2792484108390396,5592.5868697689475,12687.79537887178
2025-03-25 01:45:00+00:00,order,buy,2064.955065751031,1.0505004,scalp_pingpong,ETHUSDT,okx_spot,1.7353888980427874,0.0,-1.7353888980427874,5590.851480870905,12686.059989973737
2025-03-25 02:45:00+00:00,order,sell,2063.81,1.0505004,scalp_pingpong,ETHUSDT,okx_spot,2.1680332305239998,-0.0,-3.370925260008246,5587.480555610897,12682.689064713728
2025-03-25 14:00:00+00:00,order,buy,2056.4605103521467,0.87780187,scalp_pingpong,ETHUSDT,okx_spot,1.4441319052546149,0.0,-1.4441319052546149,5586.036423705642,12681.244932808473
2025-03-25 18:45:00+00:00,order,sell,2062.4215385994007,0.87780187,scalp_pingpong,ETHUSDT,okx_spot,1.8103974833108312,-3.9690150378310523,7.391219297082332,5593.427643002724,12684.667137067723
2025-03-26 02:45:00+00:00,order,buy,2048.8884195776172,1.68195392,scalp_pingpong,ETHUSDT,okx_spot,2.7569087271609427,0.0,-2.7569087271609427,5590.670734275563,12681.910228340563
2025-03-26 03:45:00+00:00,order,sell,2049.161394052194,1.68195392,scalp_pingpong,ETHUSDT,okx_spot,3.446595039438752,-7.58795691075194,4.600492358887117,5595.27122663445,12678.922763788696
2025-03-26 14:15:00+00:00,order,buy,2015.8184163834771,3.74672659,scalp_pingpong,ETHUSDT,okx_spot,6.042176369020533,0.0,-6.042176369020533,5589.22905026543,12672.880587419677
2025-03-26 15:15:00+00:00,order,sell,2015.81,3.74672659,scalp_pingpong,ETHUSDT,okx_spot,7.5526889273879005,-0.0,-7.584222815153264,5581.644827450276,12665.296364604523
2025-03-28 05:15:00+00:00,order,buy,1914.9484591136759,3.92211581,scalp_pingpong,ETHUSDT,okx_spot,6.00851970145991,0.0,-6.00851970145991,5575.636307748817,12659.287844903061
2025-03-28 07:15:00+00:00,order,sell,1917.171482525237,3.92211581,scalp_pingpong,ETHUSDT,okx_spot,7.519368582093372,-9.928767634970466,11.128354321361119,5586.764662070178,12660.487431589454
2025-03-29 11:45:00+00:00,order,buy,1835.369999999,4.13883438,scalp_pingpong,ETHUSDT,okx_spot,6.077033964813168,0.0,-6.077033964813168,5580.687628105365,12654.41039762464
2025-03-29 15:45:00+00:00,order,sell,1840.011173857404,4.13883438,scalp_pingpong,ETHUSDT,okx_spot,7.61550150594518,-22.809835835180667,34.40338425795514,5615.091012363319,12666.003946047416
2025-03-30 14:00:00+00:00,order,buy,1806.839999999,1.28306909,scalp_pingpong,ETHUSDT,okx_spot,1.8546404436594535,0.0,-1.8546404436594535,5613.23637191966,12664.149305603756
2025-03-30 16:45:00+00:00,order,sell,1806.39,1.28306909,scalp_pingpong,ETHUSDT,okx_spot,2.3177231734851,-0.0,-2.8951042627020422,5610.341267656958,12661.254201341055
2025-03-31 13:30:00+00:00,order,buy,1805.088368443194,1.43503351,scalp_pingpong,ETHUSDT,okx_spot,2.072289837781768,0.0,-2.072289837781768,5608.268977819176,12659.181911503272
2025-04-01 07:00:00+00:00,order,sell,1858.5115761212269,1.43503351,scalp_pingpong,ETHUSDT,okx_spot,2.6670263904568765,-1.1502885947763442,75.14735543398629,5683.4163332531625,12733.178978342481
2025-04-02 02:45:00+00:00,order,buy,1878.6587569927035,1.56627793,scalp_pingpong,ETHUSDT,okx_spot,2.3540013992631237,0.0,-2.3540013992631237,5681.062331853899,12730.824976943219
2025-04-02 04:00:00+00:00,order,sell,1881.3411634742492,1.56627793,scalp_pingpong,ETHUSDT,okx_spot,2.9467031431502386,-7.989839767038697,9.244530695222565,5690.306862549121,12732.079667871401
2025-04-02 05:30:00+00:00,order,buy,1856.819999999,1.13507836,scalp_pingpong,ETHUSDT,okx_spot,1.6861089603312522,0.0,-1.6861089603312522,5688.62075358879,12730.39355891107
2025-04-02 06:00:00+00:00,order,sell,1858.101533852824,1.13507836,scalp_pingpong,ETHUSDT,okx_spot,2.1090908417591483,-2.6124212711481176,1.9579717744724427,5690.5787253632625,12729.739109414395
2025-04-02 20:45:00+00:00,order,buy,1871.399999999,4.08135271,scalp_pingpong,ETHUSDT,okx_spot,6.1102747691919355,0.0,-6.1102747691919355,5684.46845059407,12723.628834645202
2025-04-02 21:15:00+00:00,order,sell,1863.5114993175107,4.08135271,scalp_pingpong,ETHUSDT,okx_spot,7.6056477078556854,-10.291128072785398,-29.51027326930366,5654.958177324766,12683.827433303113
2025-04-03 10:15:00+00:00,order,buy,1800.638365382581,1.00825067,scalp_pingpong,ETHUSDT,okx_spot,1.4523958706597537,0.0,-1.4523958706597537,5653.505781454107,12682.375037432454
2025-04-03 11:30:00+00:00,order,sell,1798.5015515081523,1.00825067,scalp_pingpong,ETHUSDT,okx_spot,1.813340394304134,-1.7055079414340824,-2.262276473428055,5651.243504980679,12678.40725301759
2025-04-03 13:00:00+00:00,order,buy,1759.6299999990001,4.11583948,scalp_pingpong,ETHUSDT,okx_spot,5.793883699350628,0.0,-5.793883699350628,5645.449621281328,12672.613369318238
2025-04-03 15:00:00+00:00,order,sell,1764.481452019928,4.11583948,scalp_pingpong,ETHUSDT,okx_spot,7.262322421951345,-26.59429932174519,39.29977466285469,5684.749395944183,12685.318844659349
2025-04-04 10:30:00+00:00,order,buy,1789.358419778852,2.39438583,scalp_pingpong,ETHUSDT,okx_spot,3.4275315560877404,0.0,-3.4275315560877404,5681.321864388095,12681.89131310326
2025-04-04 12:15:00+00:00,order,sell,1781.1,2.39438583,scalp_pingpong,ETHUSDT,okx_spot,4.264640601813,-0.0,-24.038483898488295,5657.283380489606,12657.852829204772
2025-04-06 18:45:00+00:00,order,buy,1614.2915548716203,4.68899092,scalp_pingpong,ETHUSDT,okx_spot,6.055518754420568,0.0,-6.055518754420568,5651.227861735186,12651.79731045035
2025-04-06 20:30:00+00:00,order,sell,1616.66,4.68899092,scalp_pingpong,ETHUSDT,okx_spot,7.5805040607272005,-0.0,3.5251136407635,5654.752975375949,12655.322424091115
2025-04-06 21:00:00+00:00,order,buy,1574.399999999,4.82291251,scalp_pingpong,ETHUSDT,okx_spot,6.074554764591342,0.0,-6.074554764591342,5648.678420611358,12649.247869326522
2025-04-06 21:15:00+00:00,order,sell,1590.0,4.68899092,scalp_pingpong,ETHUSDT,okx_spot,7.455495562800001,-0.0,65.69276279388853,5714.3711834052465,12717.029808924546
2025-04-06 23:15:00+00:00,order,sell,1567.6,0.13392159,scalp_pingpong,ETHUSDT,okx_spot,0.209935484484,-0.0,-1.1206022963496671,5713.250581108897,12713.820029824063
2025-04-07 06:45:00+00:00,order,buy,1431.3983570981407,5.19426121,scalp_pingpong,ETHUSDT,okx_spot,5.94804556986608,0.0,-5.94804556986608,5707.302535539031,12707.871984254196
2025-04-07 12:45:00+00:00,order,sell,1520.8215945990207,5.19426121,scalp_pingpong,ETHUSDT,okx_spot,7.899544616156039,-76.51975038713928,533.1078595944217,6240.410395133453,13164.46009346148
2025-04-08 08:45:00+00:00,order,buy,1561.1585762960924,1.74206905,scalp_pingpong,ETHUSDT,okx_spot,2.175716830325989,0.0,-2.175716830325989,6238.234678303127,13162.284376631153
2025-04-08 12:00:00+00:00,order,sell,1588.41,1.74206905,scalp_pingpong,ETHUSDT,okx_spot,2.7671198997105004,-0.0,44.70674190330369,6282.941420206431,13206.991118534457
2025-04-08 17:00:00+00:00,order,buy,1473.2883910944722,5.33016384,scalp_pingpong,ETHUSDT,okx_spot,6.2822948064828275,0.0,-6.2822948064828275,6276.659125399948,13200.708823727975
2025-04-08 18:00:00+00:00,order,sell,1480.9,5.33016384,scalp_pingpong,ETHUSDT,okx_spot,7.893439630656,-0.0,32.67768292181048,6309.336808321758,13233.386506649784
2025-04-09 01:30:00+00:00,order,buy,1397.599999999,5.68119054,scalp_pingpong,ETHUSDT,okx_spot,6.352025518958655,0.0,-6.352025518958655,6302.9847828028,13227.034481130824
2025-04-09 14:00:00+00:00,order,sell,1487.73,5.68119054,scalp_pingpong,ETHUSDT,okx_spot,8.4520776020742,-0.0,503.5936257738079,6806.578408576607,13730.628106904633
2025-04-10 08:15:00+00:00,order,buy,1595.1268119935787,3.5844518,scalp_pingpong,ETHUSDT,okx_spot,4.574124137982916,0.0,-4.574124137982916,6802.004284438624,13726.053982766649
2025-04-10 10:45:00+00:00,order,sell,1594.8113907092968,3.5844518,scalp_pingpong,ETHUSDT,okx_spot,5.716524560088443,-13.303301108442525,6.456164158151823,6808.460448596777,13719.20684581636
2025-04-13 02:15:00+00:00,order,buy,1610.0115450009039,5.08841201,scalp_pingpong,ETHUSDT,okx_spot,6.553921665457003,0.0,-6.553921665457003,6801.90652693132,13712.652924150902
2025-04-13 05:00:00+00:00,order,sell,1608.84,5.08841201,scalp_pingpong,ETHUSDT,okx_spot,8.1864407781684,-0.0,-14.14774443102375,6787.758782500296,13698.505179719878
2025-04-13 11:45:00+00:00,order,buy,1598.6271643707832,2.00635228,scalp_pingpong,ETHUSDT,okx_spot,2.565927404884205,0.0,-2.565927404884205,6785.192855095412,13695.93925231499
2025-04-13 12:00:00+00:00,order,sell,1605.7413708756478,2.00635228,scalp_pingpong,ETHUSDT,okx_spot,3.2216828605466823,-14.84975733148176,25.901678912361035,6811.094534007772,13706.99117389587
2025-04-13 13:45:00+00:00,order,buy,1574.358367867779,2.39104055,scalp_pingpong,ETHUSDT,okx_spot,3.0114837582429415,0.0,-3.0114837582429415,6808.083050249529,13703.979690137627
2025-04-13 17:45:00+00:00,order,sell,1636.961611542193,2.39104055,scalp_pingpong,ETHUSDT,okx_spot,3.9140415919907316,-17.601911710731574,163.3747643057961,6971.457814555325,13849.752542732693
2025-04-14 06:00:00+00:00,order,buy,1618.0409525376006,2.67669795,scalp_pingpong,ETHUSDT,okx_spot,3.4648055205387545,0.0,-3.4648055205387545,6967.993009034786,13846.287737212155
2025-04-14 07:15:00+00:00,order,sell,1625.491441141329,2.67669795,scalp_pingpong,ETHUSDT,okx_spot,4.350949608245541,-25.405721045541007,40.99747900939416,7008.99048804418,13861.879495176008
2025-04-14 12:00:00+00:00,order,buy,1667.118474442929,3.23140287,scalp_pingpong,ETHUSDT,okx_spot,4.309705138355922,0.0,-4.309705138355922,7004.680782905824,13857.569790037654
2025-04-14 13:45:00+00:00,order,sell,1658.2415608420533,3.23140287,scalp_pingpong,ETHUSDT,okx_spot,5.358446538858291,-1.4591750009908704,-32.58415562447884,6972.096627281346,13823.526459412184
2025-04-14 14:15:00+00:00,order,buy,1661.0457646733673,3.24314255,scalp_pingpong,ETHUSDT,okx_spot,4.309606557527588,0.0,-4.309606557527588,6967.787020723818,13819.216852854657
2025-04-14 14:30:00+00:00,order,sell,1670.6115046983462,3.23140287,scalp_pingpong,ETHUSDT,okx_spot,5.398418810937255,-39.36334924315404,64.87569020260733,7032.6627109264255,13844.841492540965
2025-04-14 15:15:00+00:00,order,sell,1656.78,0.01173968,scalp_pingpong,ETHUSDT,okx_spot,0.0194500670304,-0.0,-0.06952877925136583,7032.593182147174,13844.659665034858
2025-04-14 22:15:00+00:00,order,buy,1616.8985592034937,1.69005631,scalp_pingpong,ETHUSDT,okx_spot,2.1861196900894186,0.0,-2.1861196900894186,7030.407062457085,13842.473545344768
2025-04-15 10:30:00+00:00,order,sell,1635.54,1.69005631,scalp_pingpong,ETHUSDT,okx_spot,2.7641546972574,-0.0,28.740929948369594,7059.147992405455,13871.214475293138
2025-04-15 14:15:00+00:00,order,buy,1612.778405144772,4.94788908,scalp_pingpong,ETHUSDT,okx_spot,6.383878927420507,0.0,-6.383878927420507,7052.764113478034,13864.830596365719
2025-04-15 14:30:00+00:00,order,sell,1629.32,1.69005631,scalp_pingpong,ETHUSDT,okx_spot,2.7536425470092,-0.0,25.20258421553232,7077.966697693567,13943.922930368673
2025-04-15 18:30:00+00:00,order,sell,1615.051336775323,3.25783277,scalp_pingpong,ETHUSDT,okx_spot,5.261567170178953,-20.3658098029538,22.509073782753994,7100.475771476321,13892.176444561048
2025-04-16 06:00:00+00:00,order,buy,1570.7641673258724,5.29945822,scalp_pingpong,ETHUSDT,okx_spot,6.659359262573241,0.0,-6.659359262573241,7093.816412213748,13885.517085298474
2025-04-16 07:30:00+00:00,order,sell,1569.9614144606678,5.29945822,scalp_pingpong,ETHUSDT,okx_spot,8.319944922946414,-5.942889081613331,-6.631211111469917,7087.1852011022775,13872.942985105392
2025-04-16 18:00:00+00:00,order,buy,1545.559999999,5.38559861,scalp_pingpong,ETHUSDT,okx_spot,6.659012630132971,0.0,-6.659012630132971,7080.526188472145,13866.283972475258
2025-04-17 14:30:00+00:00,order,sell,1576.56,5.38559861,scalp_pingpong,ETHUSDT,okx_spot,8.4907193445816,-0.0,158.46283757080428,7238.989026042949,14024.746810046063
2025-04-17 19:15:00+00:00,order,buy,1582.5883846383108,1.92589994,scalp_pingpong,ETHUSDT,okx_spot,2.438325500015696,0.0,-2.438325500015696,7236.550700542934,14022.308484546045
2025-04-17 19:30:00+00:00,order,sell,1583.241312215121,1.92589994,scalp_pingpong,ETHUSDT,okx_spot,3.049164348200623,-16.70007967482306,14.908388507626096,7251.45908905056,14020.516793378849
2025-04-21 17:15:00+00:00,order,buy,1582.6611934251875,5.31187492,scalp_pingpong,ETHUSDT,okx_spot,6.725518640170018,0.0,-6.725518640170018,7244.73357041039,14013.791274738678
2025-04-21 19:30:00+00:00,order,sell,1578.8,5.31187492,scalp_pingpong,ETHUSDT,okx_spot,8.386388123696001,-0.0,-28.896564640218735,7215.837005770171,13984.89471009846
2025-04-24 03:00:00+00:00,order,buy,1779.839999999,1.78282486,scalp_pingpong,ETHUSDT,okx_spot,2.538514399056494,0.0,-2.538514399056494,7213.298491371115,13982.356195699404
2025-04-24 03:45:00+00:00,order,sell,1774.9,1.78282486,scalp_pingpong,ETHUSDT,okx_spot,3.1643358440140004,-0.0,-11.971490650631292,7201.327000720484,13970.384705048773
2025-04-24 07:45:00+00:00,order,buy,1756.8483618975986,1.62220991,scalp_pingpong,ETHUSDT,okx_spot,2.279981458430041,0.0,-2.279981458430041,7199.047019262053,13968.104723590342
2025-04-24 13:15:00+00:00,order,sell,1755.2614433294705,1.62220991,scalp_pingpong,ETHUSDT,okx_spot,2.8474025080099703,-2.3383236537704897,-3.08339388181975,7195.963625380234,13962.683006054753
2025-04-24 17:30:00+00:00,order,buy,1750.2254515310879,2.37240148,scalp_pingpong,ETHUSDT,okx_spot,3.321789961236817,0.0,-3.321789961236817,7192.641835418997,13959.361216093515
2025-04-25 02:30:00+00:00,order,sell,1756.45,2.37240148,scalp_pingpong,ETHUSDT,okx_spot,4.167004579546,-0.0,10.600123420432585,7203.24195883943,13969.961339513948
2025-04-25 13:15:00+00:00,order,buy,1766.688555966186,4.14593354,scalp_pingpong,ETHUSDT,okx_spot,5.859658671131502,0.0,-5.859658671131502,7197.382300168298,13964.101680842814
2025-04-25 14:30:00+00:00,order,sell,1791.7214984135849,4.14593354,scalp_pingpong,ETHUSDT,okx_spot,7.428358254611938,-68.53849373933807,164.89505118228692,7362.2773513505845,14060.458238285764
2025-04-26 04:00:00+00:00,order,buy,1797.6009434785112,1.87453788,scalp_pingpong,ETHUSDT,okx_spot,2.695736849339367,0.0,-2.695736849339367,7359.581614501245,14057.762501436424
2025-04-26 08:45:00+00:00,order,sell,1813.12,1.87453788,scalp_pingpong,ETHUSDT,okx_spot,3.3987621209856003,-0.0,25.69229719040569,7385.273911691651,14083.45479862683
2025-04-27 01:45:00+00:00,order,buy,1804.578487451105,4.65384138,scalp_pingpong,ETHUSDT,okx_spot,6.7185776306862115,0.0,-6.7185776306862115,7378.555334060965,14076.736220996143
2025-04-27 04:45:00+00:00,order,sell,1802.06,4.65384138,scalp_pingpong,ETHUSDT,okx_spot,8.386501397242801,-0.0,-20.107142512206458,7358.448191548759,14056.629078483937
2025-04-27 22:30:00+00:00,order,buy,1785.5797745183174,1.6521313,scalp_pingpong,ETHUSDT,okx_spot,2.360009787302924,0.0,-2.360009787302924,7356.088181761455,14054.269068696634
2025-04-28 00:15:00+00:00,order,sell,1782.09,1.6521313,scalp_pingpong,ETHUSDT,okx_spot,2.944246668417,-0.0,-8.709812380071744,7347.378369381384,14045.559256316563
2025-04-28 00:30:00+00:00,order,buy,1778.1984022425709,1.06490802,scalp_pingpong,ETHUSDT,okx_spot,1.5148941917594398,0.0,-1.5148941917594398,7345.863475189624,14044.044362124803
2025-04-28 11:00:00+00:00,order,sell,1815.18,1.06490802,scalp_pingpong,ETHUSDT,okx_spot,1.9329997397436003,-0.0,37.449000304556584,7383.312475494181,14081.49336242936
2025-04-28 20:45:00+00:00,order,buy,1786.1387831199079,1.96341094,scalp_pingpong,ETHUSDT,okx_spot,2.8055395417087317,0.0,-2.8055395417087317,7380.506935952472,14078.687822887652
2025-04-29 11:30:00+00:00,order,sell,1832.56,1.96341094,scalp_pingpong,ETHUSDT,okx_spot,3.5980683522063996,-0.0,87.54585671827884,7468.052792670751,14166.23367960593
2025-04-29 17:30:00+00:00,order,buy,1819.2184807057604,2.22361748,scalp_pingpong,ETHUSDT,okx_spot,3.2361968109090973,0.0,-3.2361968109090973,7464.816595859842,14162.997482795021
2025-04-29 19:45:00+00:00,order,sell,1821.5414953864738,2.22361748,scalp_pingpong,ETHUSDT,okx_spot,4.050411509686703,-3.1386258143022507,4.253710354946605,7469.070306214789,14164.112567335666
2025-04-30 01:45:00+00:00,order,buy,1797.8984222489116,1.06074505,scalp_pingpong,ETHUSDT,okx_spot,1.5256894814426745,0.0,-1.5256894814426745,7467.544616733346,14162.586877854223
2025-04-30 07:45:00+00:00,order,sell,1797.63,1.06074505,scalp_pingpong,ETHUSDT,okx_spot,1.9068271242315,-0.0,-2.1915546960746775,7465.353062037271,14160.395323158149
2025-04-30 12:45:00+00:00,order,buy,1775.5983709482389,2.08404863,scalp_pingpong,ETHUSDT,okx_spot,2.960346681923927,0.0,-2.960346681923927,7462.392715355348,14157.434976476225
2025-04-30 14:00:00+00:00,order,sell,1753.071624291439,2.08404863,scalp_pingpong,ETHUSDT,okx_spot,3.653486516896448,-25.574661792448456,-25.02566023290893,7437.367055122439,14106.834654450868
2025-05-01 14:15:00+00:00,order,buy,1837.9034817585302,3.17726254,scalp_pingpong,ETHUSDT,okx_spot,4.671601507781562,0.0,-4.671601507781562,7432.695453614657,14102.163052943086
2025-05-01 23:15:00+00:00,order,sell,1838.461203585493,3.17726254,scalp_pingpong,ETHUSDT,okx_spot,5.841273913395501,-7.216210072900319,3.1469648280537736,7435.84241844271,14098.09380769824
2025-05-04 22:30:00+00:00,order,buy,1815.7084038738112,1.5827685,scalp_pingpong,ETHUSDT,okx_spot,2.2990768534693973,0.0,-2.2990768534693973,7433.543341589241,14095.794730844771
2025-05-04 23:30:00+00:00,order,sell,1809.68,1.5827685,scalp_pingpong,ETHUSDT,okx_spot,2.8643044990800006,-0.0,-12.405872255826191,7421.137469333415,14083.388858588945
2025-05-06 02:00:00+00:00,order,buy,1802.0102769082996,1.25285123,scalp_pingpong,ETHUSDT,okx_spot,1.806120633517763,0.0,-1.806120633517763,7419.331348699897,14081.582737955427
2025-05-06 03:15:00+00:00,order,sell,1803.7014986653246,1.25285123,scalp_pingpong,ETHUSDT,okx_spot,2.2597696411556956,-4.97569698779527,4.834776605131111,7424.166125305028,14081.441817572762
2025-05-09 09:00:00+00:00,order,buy,2355.7183597423973,3.50339817,scalp_pingpong,ETHUSDT,okx_spot,6.602415512445533,0.0,-6.602415512445533,7417.563709792582,14074.83940206032
2025-05-09 09:30:00+00:00,order,sell,2339.3216148614406,3.50339817,scalp_pingpong,ETHUSDT,okx_spot,8.195575064547016,-98.48618006131565,32.84627898686806,7450.40998877945,14009.199500985871
2025-05-09 14:45:00+00:00,order,buy,2302.0941480646507,3.63497652,scalp_pingpong,ETHUSDT,okx_spot,6.6944465400355275,0.0,-6.6944465400355275,7443.715542239414,14002.505054445835
2025-05-09 15:30:00+00:00,order,sell,2302.11,3.63497652,scalp_pingpong,ETHUSDT,okx_spot,8.368115796457202,-0.0,-8.310494383664915,7435.405047855749,13994.194560062171
2025-05-10 01:00:00+00:00,order,buy,2326.749999999,1.7647234,scalp_pingpong,ETHUSDT,okx_spot,3.2848561367585885,0.0,-3.2848561367585885,7432.120191718991,13990.909703925412
2025-05-10 01:15:00+00:00,order,sell,2347.811455738299,1.7647234,scalp_pingpong,ETHUSDT,okx_spot,4.143237814729441,-89.86228450344106,122.88669046991731,7555.006882188908,14023.934109891889
2025-05-10 07:15:00+00:00,order,buy,2359.9184130181047,1.81575058,scalp_pingpong,ETHUSDT,okx_spot,3.4280185817522426,0.0,-3.4280185817522426,7551.578863607156,14020.506091310137
2025-05-10 07:30:00+00:00,order,sell,2365.3815720348234,1.81575058,scalp_pingpong,ETHUSDT,okx_spot,4.294942961343542,-124.36361164734264,129.9884028392381,7681.567266446394,14026.130882502031
2025-05-10 09:15:00+00:00,order,buy,2371.4209410613066,3.54598177,scalp_pingpong,ETHUSDT,okx_spot,6.727212340799711,0.0,-6.727212340799711,7674.840054105594,14019.403670161231
2025-05-10 09:30:00+00:00,order,sell,2406.271651863078,0.05450254,scalp_pingpong,ETHUSDT,okx_spot,0.1311479169565335,-5.961577855933502,7.7298821984791095,7682.569936304073,14142.8525074189
2025-05-11 07:15:00+00:00,order,sell,2498.4,3.49147923,scalp_pingpong,ETHUSDT,okx_spot,8.723111708232,-0.0,434.6216352211622,8117.191571525235,14455.793609724939
2025-05-11 13:45:00+00:00,order,buy,2469.778393495238,2.8957485,scalp_pingpong,ETHUSDT,okx_spot,5.721485662636996,0.0,-5.721485662636996,8111.470085862598,14450.072124062302
2025-05-11 16:00:00+00:00,order,sell,2462.32,2.8957485,scalp_pingpong,ETHUSDT,okx_spot,7.13025944652,-0.0,-28.72789122276518,8082.7421946398335,14421.344232839536
2025-05-12 01:45:00+00:00,order,buy,2505.4684340796675,1.85179595,scalp_pingpong,ETHUSDT,okx_spot,3.7116930392652563,0.0,-3.7116930392652563,8079.030501600569,14417.632539800274
2025-05-12 02:00:00+00:00,order,sell,2508.6114540768863,1.85179595,scalp_pingpong,ETHUSDT,okx_spot,4.64543653078319,-98.2404678011891,99.41526297202438,8178.445764572593,14418.807334971109
2025-05-12 05:00:00+00:00,order,buy,2509.7084111936183,0.79406602,scalp_pingpong,ETHUSDT,okx_spot,1.5942993355496322,0.0,-1.5942993355496322,8176.851465237044,14417.21303563556
2025-05-12 05:15:00+00:00,order,sell,2499.131606704228,0.79406602,scalp_pingpong,ETHUSDT,okx_spot,1.9844754883918319,-34.59873232063172,24.215575787031966,8201.067041024076,14406.829879101959
2025-05-12 15:00:00+00:00,order,buy,2507.898380290263,3.41578893,scalp_pingpong,ETHUSDT,okx_spot,6.85316121996833,0.0,-6.85316121996833,8194.213879804109,14399.976717881991
2025-05-12 15:15:00+00:00,order,sell,2502.4416438295575,0.24988653,scalp_pingpong,ETHUSDT,okx_spot,0.625326458904064,-11.71509129726405,9.726199899069105,8203.940079703178,14380.712331426683
2025-05-12 18:15:00+00:00,order,sell,2445.7015874279555,3.1659024,scalp_pingpong,ETHUSDT,okx_spot,7.7428525253219735,50.07955032602588,-254.73137864643024,7949.2087010567475,14193.335998163393
2025-05-13 00:30:00+00:00,order,buy,2459.7384190519583,1.46154765,scalp_pingpong,ETHUSDT,okx_spot,2.876019924784084,0.0,-2.876019924784084,7946.332681131963,14190.459978238609
2025-05-13 00:45:00+00:00,order,sell,2462.9215141456775,1.46154765,scalp_pingpong,ETHUSDT,okx_spot,3.5996771511340566,-24.892369475556922,25.944937478375074,7972.277618610338,14191.512546241427
2025-05-13 09:00:00+00:00,order,buy,2456.8344701056612,1.14249132,scalp_pingpong,ETHUSDT,okx_spot,2.245529645418014,0.0,-2.245529645418014,7970.03208896492,14189.267016596008
2025-05-13 19:15:00+00:00,order,sell,2695.8216433164544,1.14249132,scalp_pingpong,ETHUSDT,okx_spot,3.079952827757185,-31.08906629198497,301.04988444889636,8271.081973413817,14459.227834752919
2025-05-14 02:15:00+00:00,order,buy,2639.588400533205,3.2676098,scalp_pingpong,ETHUSDT,okx_spot,6.900115940438901,0.0,-6.900115940438901,8264.181857473377,14452.32771881248
2025-05-14 03:00:00+00:00,order,sell,2641.811599965594,3.2676098,scalp_pingpong,ETHUSDT,okx_spot,8.632409473801253,-11.76862334325389,10.400762122080355,8274.582619595458,14450.959857591306
2025-05-14 07:45:00+00:00,order,buy,2640.608396950582,1.47261074,scalp_pingpong,ETHUSDT,okx_spot,3.1108706283868885,0.0,-3.1108706283868885,8271.471748967071,14447.84898696292
2025-05-14 09:00:00+00:00,order,sell,2597.7516412829164,1.47261074,scalp_pingpong,ETHUSDT,okx_spot,3.8254769668058497,-0.44420019285026746,-66.4925954517158,8204.979153515354,14380.912191318352
2025-05-14 09:30:00+00:00,order,buy,2602.98855131118,3.32130354,scalp_pingpong,ETHUSDT,okx_spot,6.916252072039436,0.0,-6.916252072039436,8198.062901443314,14373.995939246312
2025-05-14 11:00:00+00:00,order,sell,2613.511535794127,3.32130354,scalp_pingpong,ETHUSDT,okx_spot,8.680265115663872,-58.16112582387142,84.43088632278597,8282.4937877661,14400.265699745225
2025-05-14 14:15:00+00:00,order,buy,2569.188359967642,1.40443653,scalp_pingpong,ETHUSDT,okx_spot,2.886609588151477,0.0,-2.886609588151477,8279.607178177948,14397.379090157072
2025-05-14 17:30:00+00:00,order,sell,2579.011584633244,1.40443653,scalp_pingpong,ETHUSDT,okx_spot,3.6220580807521148,-17.02399626041496,27.198033742430578,8306.805211920378,14407.553127639088
2025-05-15 02:00:00+00:00,order,buy,2577.599999999,2.15447535,scalp_pingpong,ETHUSDT,okx_spot,4.4427005297262765,0.0,-4.4427005297262765,8302.362511390653,14403.11042710936
2025-05-15 04:00:00+00:00,order,sell,2577.061495115617,2.15447535,scalp_pingpong,ETHUSDT,okx_spot,5.552215466660742,-4.893880234242655,-1.818530729520992,8300.543980661132,14396.398016145597
2025-05-15 23:15:00+00:00,order,buy,2529.599999999,1.97477948,scalp_pingpong,ETHUSDT,okx_spot,3.9963217380848204,0.0,-3.9963217380848204,8296.547658923047,14392.401694407512
2025-05-16 07:45:00+00:00,order,sell,2600.8016075645564,1.97477948,scalp_pingpong,ETHUSDT,okx_spot,5.1360096461695,-8.47497855469839,143.94644247200273,8440.49410139505,14527.873158324817
2025-05-16 09:00:00+00:00,order,buy,2574.4323358462675,3.39330578,scalp_pingpong,ETHUSDT,okx_spot,6.988668900356832,0.0,-6.988668900356832,8433.505432494694,14520.884489424463
2025-05-16 14:45:00+00:00,order,sell,2584.611441576528,3.39330578,scalp_pingpong,ETHUSDT,okx_spot,8.770376943755764,-35.29527182196396,61.06571318793247,8494.571145682627,14546.65493079043
2025-05-16 21:15:00+00:00,order,buy,2568.9485461226295,1.24695905,scalp_pingpong,ETHUSDT,okx_spot,2.562698910857564,0.0,-2.562698910857564,8492.00844677177,14544.092231879571
2025-05-16 22:00:00+00:00,order,sell,2567.87,1.24695905,scalp_pingpong,ETHUSDT,okx_spot,3.2020287357235,-0.0,-4.546931584179104,8487.461515187591,14539.545300295393
2025-05-17 01:00:00+00:00,order,buy,2490.188412995805,2.89520226,scalp_pingpong,ETHUSDT,okx_spot,5.767679296905015,0.0,-5.767679296905015,8481.693835890686,14533.777620998488
2025-05-17 02:00:00+00:00,order,sell,2476.2,2.89520226,scalp_pingpong,ETHUSDT,okx_spot,7.169099836212,-0.0,-47.668384755479664,8434.025451135207,14486.109236243008
2025-05-17 22:30:00+00:00,order,buy,2458.899999999,1.49860385,scalp_pingpong,ETHUSDT,okx_spot,2.9479336054108014,0.0,-2.9479336054108014,8431.077517529797,14483.161302637598
2025-05-17 22:45:00+00:00,order,sell,2460.441377496298,1.49860385,scalp_pingpong,ETHUSDT,okx_spot,3.687226921015256,-3.9433924467558854,2.5660797774955193,8433.643597307293,14481.783989968337
2025-05-18 17:45:00+00:00,order,buy,2490.1883759133093,3.43303111,scalp_pingpong,ETHUSDT,okx_spot,6.839115331416612,0.0,-6.839115331416612,8426.804481975876,14474.94487463692
2025-05-18 17:45:00+00:00,order,sell,2489.8116409411236,1.39659841,scalp_pingpong,ETHUSDT,okx_spot,3.4772669789378643,-44.69344085576426,40.69002641368028,8467.494508389556,14470.174264778245
2025-05-18 18:00:00+00:00,order,sell,2473.8116448309374,1.49860385,scalp_pingpong,ETHUSDT,okx_spot,3.7072636551184757,-19.754063692975283,-8.495432212599628,8458.999076176957,14433.884085844471
2025-05-18 18:15:00+00:00,order,sell,2477.8316201675634,0.53782885,scalp_pingpong,ETHUSDT,okx_spot,1.3326493307683576,-2.0607558683574387,-5.917713194875507,8453.08136298208,14434.713495226028
2025-05-19 12:30:00+00:00,order,buy,2394.7953203406687,1.55528265,scalp_pingpong,ETHUSDT,okx_spot,2.9796668896216274,0.0,-2.9796668896216274,8450.101696092459,14431.733828336406
2025-05-19 13:15:00+00:00,order,sell,2403.4014993517335,1.55528265,scalp_pingpong,ETHUSDT,okx_spot,3.7379686529257374,-10.718229374237008,20.365301620014936,8470.466997712474,14441.380900582184
2025-05-20 00:45:00+00:00,order,buy,2515.3883752753027,1.3413218,scalp_pingpong,ETHUSDT,okx_spot,2.6991562105786757,0.0,-2.6991562105786757,8467.767841501895,14438.681744371605
2025-05-20 04:30:00+00:00,order,sell,2555.091609049691,1.3413218,scalp_pingpong,ETHUSDT,okx_spot,3.427200076215428,-9.257278673428036,59.08489158929592,8526.852733091191,14488.509357287474
2025-05-20 18:45:00+00:00,order,buy,2452.998387760569,3.51684189,scalp_pingpong,ETHUSDT,okx_spot,6.901445988943066,0.0,-6.901445988943066,8519.951287102249,14481.607911298532
2025-05-21 05:00:00+00:00,order,sell,2563.501606735194,3.51684189,scalp_pingpong,ETHUSDT,okx_spot,9.015429835648636,-45.478416271335625,425.0853359054912,8945.03662300774,14861.214830932688
2025-05-21 07:30:00+00:00,order,buy,2553.388417064477,3.17672979,scalp_pingpong,ETHUSDT,okx_spot,6.489140039943735,0.0,-6.489140039943735,8938.547482967797,14854.725690892745
2025-05-21 08:30:00+00:00,order,sell,2552.28,3.17672979,scalp_pingpong,ETHUSDT,okx_spot,8.107903908421202,-0.0,-11.629045416888028,8926.918437550908,14843.096645475855
2025-05-21 18:00:00+00:00,order,buy,2482.2783859766646,3.59482604,scalp_pingpong,ETHUSDT,okx_spot,7.138687184350468,0.0,-7.138687184350468,8919.779750366559,14835.957958291505
2025-05-21 19:00:00+00:00,order,sell,2475.01,3.59482604,scalp_pingpong,ETHUSDT,okx_spot,8.897230397260401,-0.0,-35.02581357494445,8884.753936791614,14800.93214471656
2025-05-22 06:30:00+00:00,order,buy,2615.165700128565,3.03720909,scalp_pingpong,ETHUSDT,okx_spot,6.354244029029354,0.0,-6.354244029029354,8878.399692762585,14794.577900687531
2025-05-22 06:45:00+00:00,order,sell,2609.2814801850677,3.03720909,scalp_pingpong,ETHUSDT,okx_spot,7.924933429986743,-417.1347920521424,391.3382523222073,9269.737945084793,14768.781360957595
2025-05-22 10:00:00+00:00,order,buy,2657.008187989881,3.32506644,scalp_pingpong,ETHUSDT,okx_spot,7.067783005352292,0.0,-7.067783005352292,9262.670162079441,14761.713577952243
2025-05-22 10:15:00+00:00,order,sell,2668.9616336322597,0.55761695,scalp_pingpong,ETHUSDT,okx_spot,1.488258245813038,-109.86260243003804,115.03978808531947,9377.70995016476,14799.97132065427
2025-05-22 10:45:00+00:00,order,sell,2661.26,2.76744949,scalp_pingpong,ETHUSDT,okx_spot,7.364902629757401,-0.0,4.401772349223117,9382.111722513984,14771.292535956747
2025-05-22 16:15:00+00:00,order,buy,2651.858374254334,0.96453469,scalp_pingpong,ETHUSDT,okx_spot,2.046247515948247,0.0,-2.046247515948247,9380.065474998037,14769.246288440798
2025-05-22 17:00:00+00:00,order,sell,2657.8215802594073,0.96453469,scalp_pingpong,ETHUSDT,okx_spot,2.563561113990817,-11.402324250817497,14.590482192336646,9394.655957190373,14772.434446382316
2025-05-23 05:15:00+00:00,order,buy,2687.4984063323495,1.61817787,scalp_pingpong,ETHUSDT,okx_spot,3.479080357429821,0.0,-3.479080357429821,9391.176876832942,14768.955366024886
2025-05-23 06:15:00+00:00,order,sell,2672.94,1.61817787,scalp_pingpong,ETHUSDT,okx_spot,4.3252923558378,-0.0,-27.883383305314336,9363.293493527628,14741.071982719573
2025-05-23 10:30:00+00:00,order,buy,2660.120224552425,1.34160414,scalp_pingpong,ETHUSDT,okx_spot,2.8550626449258107,0.0,-2.8550626449258107,9360.438430882703,14738.216920074648
2025-05-23 11:15:00+00:00,order,sell,2662.89,1.34160414,scalp_pingpong,ETHUSDT,okx_spot,3.5725442483645997,-0.0,0.1433979589718115,9360.581828841674,14738.36031803362
2025-05-23 12:15:00+00:00,order,buy,2543.989999999,3.47604204,scalp_pingpong,ETHUSDT,okx_spot,7.074412951468899,0.0,-7.074412951468899,9353.507415890204,14731.28590508215
2025-05-23 16:45:00+00:00,order,sell,2567.041184994446,3.47604204,scalp_pingpong,ETHUSDT,okx_spot,8.923143077452112,-31.497059972912133,102.70080501144858,9456.208220901653,14802.489650120686
2025-05-25 01:00:00+00:00,order,buy,2484.2015206952988,3.57116759,scalp_pingpong,ETHUSDT,okx_spot,7.0971999661886125,0.0,-7.0971999661886125,9449.111020935465,14795.392450154497
2025-05-25 08:15:00+00:00,order,sell,2484.8714505346834,3.57116759,scalp_pingpong,ETHUSDT,okx_spot,8.87389238946575,-3.8263294237488448,-2.6551312357325956,9446.455889699731,14788.910989495016
2025-05-25 15:00:00+00:00,order,buy,2498.3091669880773,0.80398467,scalp_pingpong,ETHUSDT,okx_spot,1.6068818169431074,0.0,-1.6068818169431074,9444.849007882789,14787.304107678074
2025-05-25 16:00:00+00:00,order,sell,2511.6,0.80398467,scalp_pingpong,ETHUSDT,okx_spot,2.019287897172,-0.0,8.666338095943537,9453.515345978733,14795.970445774017
2025-05-26 14:15:00+00:00,order,buy,2546.7352211514044,0.79442143,scalp_pingpong,ETHUSDT,okx_spot,1.618544828974772,0.0,-1.618544828974772,9451.896801149758,14794.351900945043
2025-05-26 15:15:00+00:00,order,sell,2556.081558717264,0.79442143,scalp_pingpong,ETHUSDT,okx_spot,2.030605967072798,-7.1748637912978594,12.569188678558131,9464.465989828317,14799.746225832301
2025-05-26 17:00:00+00:00,order,buy,2545.4884064538214,1.66120002,scalp_pingpong,ETHUSDT,okx_spot,3.3828523133686854,0.0,-3.3828523133686854,9461.083137514948,14796.363373518932
2025-05-27 01:15:00+00:00,order,sell,2536.41,1.66120002,scalp_pingpong,ETHUSDT,okx_spot,4.213484342728201,-0.0,-19.294533325384485,9441.788604189564,14777.06884019355
2025-05-27 01:30:00+00:00,order,buy,2527.198382973676,0.77939486,scalp_pingpong,ETHUSDT,okx_spot,1.5757483439119957,0.0,-1.5757483439119957,9440.212855845652,14775.493091849637
2025-05-27 01:45:00+00:00,order,sell,2529.781558971537,0.77939486,scalp_pingpong,ETHUSDT,okx_spot,1.9716987439852027,-1.8016171810029211,1.843232532225252,9442.056088377876,14775.53470720086
2025-05-27 21:15:00+00:00,order,buy,2665.788394122914,0.8874755,scalp_pingpong,ETHUSDT,okx_spot,1.892657510374744,0.0,-1.892657510374744,9440.163430867502,14773.642049690487
2025-05-27 21:30:00+00:00,order,sell,2661.9315765814476,0.88180516,scalp_pingpong,ETHUSDT,okx_spot,2.3473049997964557,-118.56891205125586,112.82064544221683,9552.984076309718,14767.87191361467
2025-05-28 03:00:00+00:00,order,sell,2640.4716521254836,0.00567034,scalp_pingpong,ETHUSDT,okx_spot,0.014972372027913215,-0.012484116113214866,-0.14604279073236578,9552.838033518985,14767.735256174601
2025-05-29 05:15:00+00:00,order,buy,2724.93839966211,2.51883152,scalp_pingpong,ETHUSDT,okx_spot,5.490928584901824,0.0,-5.490928584901824,9547.347104934082,14762.2443275897
2025-05-29 06:00:00+00:00,order,sell,2723.6114815134465,2.51883152,scalp_pingpong,ETHUSDT,okx_spot,6.860318447869966,-1.389089018766501,-8.813512686417658,9538.533592247664,14752.041725884515
2025-05-29 13:15:00+00:00,order,buy,2686.788370896792,1.06732373,scalp_pingpong,ETHUSDT,okx_spot,2.29413838859695,0.0,-2.29413838859695,9536.239453859067,14749.74758749592
2025-05-29 14:30:00+00:00,order,sell,2647.821624549362,1.06732373,scalp_pingpong,ETHUSDT,okx_spot,2.8260828526886845,-10.493526185984624,-33.92268972420747,9502.31676413486,14705.331371585728
2025-05-29 18:45:00+00:00,order,buy,2648.089999999,0.98782029,scalp_pingpong,ETHUSDT,okx_spot,2.0926696253960904,0.0,-2.0926696253960904,9500.224094509464,14703.23870196033
2025-05-29 20:45:00+00:00,order,sell,2643.911517587904,0.98782029,scalp_pingpong,ETHUSDT,okx_spot,2.611709442038024,-0.27808878532351944,-6.461210363802695,9493.76288414566,14696.499402811203
2025-05-30 16:45:00+00:00,order,buy,2540.978381116946,2.36710552,scalp_pingpong,ETHUSDT,okx_spot,4.811811161714069,0.0,-4.811811161714069,9488.951072983948,14691.68759164949
2025-05-30 22:45:00+00:00,order,sell,2526.2115738517386,2.36710552,scalp_pingpong,ETHUSDT,okx_spot,5.979809361152339,-2.938936317938691,-37.99546403346176,9450.955608950486,14650.75319129809
2025-06-02 09:00:00+00:00,order,buy,2482.5883694550866,0.96716054,scalp_pingpong,ETHUSDT,okx_spot,1.920849206399921,0.0,-1.920849206399921,9449.034759744085,14648.83234209169
2025-06-02 10:30:00+00:00,order,sell,2482.55,0.96716054,scalp_pingpong,ETHUSDT,okx_spot,2.4010243985770003,-0.0,-2.4381338214782673,9446.596625922606,14646.394208270212
2025-06-03 21:00:00+00:00,order,buy,2605.928419932226,0.97351396,scalp_pingpong,ETHUSDT,okx_spot,2.0295261564518117,0.0,-2.0295261564518117,9444.567099766155,14644.36468211376
2025-06-03 21:15:00+00:00,order,sell,2611.611558631743,0.96716054,scalp_pingpong,ETHUSDT,okx_spot,2.525847645316518,-125.35518503651804,128.32584488472045,9572.892944650876,14647.37144932904
2025-06-03 21:45:00+00:00,order,sell,2601.88,0.00635342,scalp_pingpong,ETHUSDT,okx_spot,0.0165308364296,-0.0,-0.04225214859544239,9572.85069250228,14647.293089813369
2025-06-04 13:00:00+00:00,order,buy,2612.3283877050167,0.84057278,scalp_pingpong,ETHUSDT,okx_spot,1.7566817081008992,0.0,-1.7566817081008992,9571.094010794179,14645.536408105268
2025-06-04 13:15:00+00:00,order,sell,2614.321652294626,0.00635342,scalp_pingpong,ETHUSDT,okx_spot,0.016609883472121723,-0.15890953192172239,0.15496369555764702,9571.248974489736,14647.195282179158
2025-06-04 14:15:00+00:00,order,sell,2612.881629841029,0.83421936,scalp_pingpong,ETHUSDT,okx_spot,2.17971644100174,-4.856516320140014,3.1383251797669107,9574.387299669503,14643.81427112853
2025-06-05 14:00:00+00:00,order,buy,2587.9783782044365,1.19196085,scalp_pingpong,ETHUSDT,okx_spot,2.4678151259729453,0.0,-2.4678151259729453,9571.91948454353,14641.346456002557
2025-06-05 15:00:00+00:00,order,sell,2588.01,1.19196085,scalp_pingpong,ETHUSDT,okx_spot,3.0848065994085005,-0.0,-3.0471146570905945,9568.87236988644,14638.299341345468
2025-06-05 21:00:00+00:00,order,buy,2398.849999999,3.66132922,scalp_pingpong,ETHUSDT,okx_spot,7.026383679514671,0.0,-7.026383679514671,9561.845986206925,14631.272957665953
2025-06-06 01:00:00+00:00,order,sell,2426.52,3.66132922,scalp_pingpong,ETHUSDT,okx_spot,8.8842885789144,-0.0,92.4246909421473,9654.270677149072,14723.6976486081
2025-06-06 15:45:00+00:00,order,buy,2500.899999999,1.84049962,scalp_pingpong,ETHUSDT,okx_spot,3.6823243997249273,0.0,-3.6823243997249273,9650.588352749348,14720.015324208376
2025-06-06 16:45:00+00:00,order,sell,2503.92,1.84049962,scalp_pingpong,ETHUSDT,okx_spot,4.6084638085103995,-0.0,0.94984504573035,9651.538197795078,14720.965169254107
2025-06-08 22:30:00+00:00,order,buy,2513.018367142007,1.34698777,scalp_pingpong,ETHUSDT,okx_spot,2.708004005060522,0.0,-2.708004005060522,9648.830193790018,14718.257165249046
2025-06-09 10:00:00+00:00,order,sell,2524.3116188467875,1.34698777,scalp_pingpong,ETHUSDT,okx_spot,3.400216878255524,-20.435985037724432,32.24764008933945,9681.077833879357,14730.068820300661
2025-06-10 05:45:00+00:00,order,buy,2670.8884021996105,1.06949852,scalp_pingpong,ETHUSDT,okx_spot,2.2852089545901184,0.0,-2.2852089545901184,9678.792624924767,14727.783611346073
2025-06-10 07:15:00+00:00,order,sell,2682.7316257208313,1.06949852,scalp_pingpong,ETHUSDT,okx_spot,2.869177503265623,-12.472091449222821,22.269223973931958,9701.061848898698,14737.58074387078
2025-06-10 20:15:00+00:00,order,buy,2759.689999999,0.71289004,scalp_pingpong,ETHUSDT,okx_spot,1.5738844115895099,0.0,-1.5738844115895099,9699.487964487109,14736.00685945919
2025-06-10 21:15:00+00:00,order,sell,2764.831638624985,0.71289004,scalp_pingpong,ETHUSDT,okx_spot,1.971020937452631,-5.112589746231107,6.806991774521822,9706.29495626163,14737.70126148748
2025-06-12 12:00:00+00:00,order,buy,2718.2383684159067,1.15245371,scalp_pingpong,ETHUSDT,okx_spot,2.506115113876207,0.0,-2.506115113876207,9703.788841147754,14735.195146373604
2025-06-12 16:00:00+00:00,order,sell,2729.7016210775705,1.15245371,scalp_pingpong,ETHUSDT,okx_spot,3.1458547604038603,-11.52640531686054,21.59141861505918,9725.380259762813,14745.260159671801
2025-06-12 18:30:00+00:00,order,buy,2726.1883798658605,0.875767,scalp_pingpong,ETHUSDT,okx_spot,1.9100046550959882,0.0,-1.9100046550959882,9723.470255107717,14743.350155016706
2025-06-12 20:00:00+00:00,order,sell,2694.48,0.875767,scalp_pingpong,ETHUSDT,okx_spot,2.35973666616,-0.0,-30.128889376145064,9693.341365731572,14713.221265640559
2025-06-12 21:00:00+00:00,order,buy,2638.377644121255,3.34478813,scalp_pingpong,ETHUSDT,okx_spot,7.059851381211311,0.0,-7.059851381211311,9686.281514350361,14706.161414259348
2025-06-12 22:00:00+00:00,order,sell,2645.581551901805,3.34478813,scalp_pingpong,ETHUSDT,okx_spot,8.848909771748136,-39.94196105493719,55.18859651718762,9741.470110867549,14721.408049721598
2025-06-13 00:30:00+00:00,order,buy,2536.7883605632105,3.46223143,scalp_pingpong,ETHUSDT,okx_spot,7.0263587145600965,0.0,-7.0263587145600965,9734.443752152989,14714.381691007038
2025-06-13 01:15:00+00:00,order,sell,2493.6116012464136,3.46223143,scalp_pingpong,ETHUSDT,okx_spot,8.63346046004796,-60.62921622496051,-97.49217738724806,9636.95157476574,14556.260297394829
2025-06-14 00:30:00+00:00,order,buy,2563.1617466365947,0.75165848,scalp_pingpong,ETHUSDT,okx_spot,1.5412978099768064,0.0,-1.5412978099768064,9635.410276955763,14554.718999584853
2025-06-14 15:45:00+00:00,order,sell,2519.321636813009,0.75165848,scalp_pingpong,ETHUSDT,okx_spot,1.8936694721579783,-5.79651720517815,-29.049942580009088,9606.360334375753,14519.872539799666
2025-06-16 01:30:00+00:00,order,buy,2519.08754283504,1.48909879,scalp_pingpong,ETHUSDT,okx_spot,3.000936169551785,0.0,-3.000936169551785,9603.359398206201,14516.871603630114
2025-06-16 05:45:00+00:00,order,sell,2607.3016021543854,1.48909879,scalp_pingpong,ETHUSDT,okx_spot,3.8825296609331565,-1.6106124593569364,129.08753179184953,9732.44692999805,14644.348522962608
2025-06-16 23:15:00+00:00,order,buy,2573.0988946902457,3.41838201,scalp_pingpong,ETHUSDT,okx_spot,7.036667977248017,0.0,-7.036667977248017,9725.410262020801,14637.311854985359
2025-06-17 02:30:00+00:00,order,sell,2573.111547050072,3.41838201,scalp_pingpong,ETHUSDT,okx_spot,8.795878222159235,-30.94164559863558,22.18901797569028,9747.599279996492,14628.559227362413
2025-06-17 15:15:00+00:00,order,buy,2496.7183579527687,1.46331046,scalp_pingpong,ETHUSDT,okx_spot,2.9227792710930487,0.0,-2.9227792710930487,9744.676500725398,14625.63644809132
2025-06-17 16:15:00+00:00,order,sell,2497.2,1.46331046,scalp_pingpong,ETHUSDT,okx_spot,3.6541788807119997,-0.0,-2.9493870350236944,9741.727113690375,14622.687061056296
2025-06-20 09:15:00+00:00,order,buy,2547.6285375214757,1.82458069,scalp_pingpong,ETHUSDT,okx_spot,3.7186830678836995,0.0,-3.7186830678836995,9738.00843062249,14618.968377988413
2025-06-20 11:15:00+00:00,order,sell,2548.1,1.82458069,scalp_pingpong,ETHUSDT,okx_spot,4.649214056188999,-0.0,-3.788992721814271,9734.219437900676,14615.1793852666
2025-06-20 17:45:00+00:00,order,buy,2400.4971340388397,3.63712469,scalp_pingpong,ETHUSDT,okx_spot,6.984725915589523,0.0,-6.984725915589523,9727.234711985086,14608.19465935101
2025-06-20 19:15:00+00:00,order,sell,2407.0915465427374,3.63712469,scalp_pingpong,ETHUSDT,okx_spot,8.754892095020875,-26.156551489874126,41.386359928823936,9768.621071913909,14623.424467789959
2025-06-21 21:45:00+00:00,order,buy,2281.4784028043628,3.81668154,scalp_pingpong,ETHUSDT,okx_spot,6.9661412031136765,0.0,-6.9661412031136765,9761.654930710796,14616.458326586846
2025-06-21 23:15:00+00:00,order,sell,2280.29,3.81668154,scalp_pingpong,ETHUSDT,okx_spot,8.7031407488466,-0.0,-13.238895794342135,9748.416034916454,14603.219430792504
2025-06-22 08:00:00+00:00,order,buy,2265.112886218228,1.19892488,scalp_pingpong,ETHUSDT,okx_spot,2.1725601562365147,0.0,-2.1725601562365147,9746.243474760218,14601.046870636266
2025-06-22 08:15:00+00:00,order,sell,2274.1212258751234,1.19892488,scalp_pingpong,ETHUSDT,okx_spot,2.7265005178377857,-14.436525287385306,22.51034731168918,9768.753822071907,14609.120692660572
2025-06-22 09:45:00+00:00,order,buy,2242.09837447447,1.3118558,scalp_pingpong,ETHUSDT,okx_spot,2.353047805379924,0.0,-2.353047805379924,9766.400774266527,14606.76764485519
2025-06-22 13:30:00+00:00,order,sell,2195.51,1.3118558,scalp_pingpong,ETHUSDT,okx_spot,2.8801925274580005,-0.0,-63.99742179436327,9702.403352472164,14542.770223060828
2025-06-22 18:00:00+00:00,order,buy,2186.6884772165395,1.62665387,scalp_pingpong,ETHUSDT,okx_spot,2.8455882191589525,0.0,-2.8455882191589525,9699.557764253004,14539.92463484167
2025-06-22 18:15:00+00:00,order,sell,2188.1116025232664,1.3118558,scalp_pingpong,ETHUSDT,okx_spot,2.8704868968174413,-6.574499837441723,5.570948128380381,9705.128712381385,14539.369080232533
2025-06-22 19:00:00+00:00,order,sell,2183.0,0.31479807,scalp_pingpong,ETHUSDT,okx_spot,0.6872041868100001,-0.0,-1.8483296958147053,9703.28038268557,14537.072753436792
2025-06-22 20:30:00+00:00,order,buy,2125.2703670618675,4.09408512,scalp_pingpong,ETHUSDT,okx_spot,6.960830228611943,0.0,-6.960830228611943,9696.319552456958,14530.111923208178
2025-06-23 01:00:00+00:00,order,sell,2241.1,4.09408512,scalp_pingpong,ETHUSDT,okx_spot,9.175254162432001,-0.0,465.0411225046372,10161.360674961596,14995.153045712817
2025-06-23 06:45:00+00:00,order,buy,2235.850734589267,0.98619401,scalp_pingpong,ETHUSDT,okx_spot,1.763986081364828,0.0,-1.763986081364828,10159.59668888023,14993.389059631452
2025-06-23 10:45:00+00:00,order,sell,2246.731569332802,0.98619401,scalp_pingpong,ETHUSDT,okx_spot,2.215713215753909,-6.687943054409092,15.202843886529227,10174.79953276676,15001.903960463573
2025-06-23 13:30:00+00:00,order,buy,2247.292003512606,1.43046365,scalp_pingpong,ETHUSDT,okx_spot,2.5717356175683643,0.0,-2.5717356175683643,10172.227797149191,14999.332224846004
2025-06-23 16:15:00+00:00,order,sell,2229.81,1.43046365,scalp_pingpong,ETHUSDT,okx_spot,3.1896621514065,-0.0,-28.19703270536089,10144.03076444383,14971.135192140642
2025-06-24 17:30:00+00:00,order,buy,2448.609999999,2.36003554,scalp_pingpong,ETHUSDT,okx_spot,4.623045298877633,0.0,-4.623045298877633,10139.407719144952,14966.512146841764
2025-06-24 17:45:00+00:00,order,sell,2457.641571351089,1.43046365,scalp_pingpong,ETHUSDT,okx_spot,3.515566932546615,-353.0978951266142,362.50166271561204,10501.909381860565,14984.311409282194
2025-06-24 18:15:00+00:00,order,sell,2447.7,0.92957189,scalp_pingpong,ETHUSDT,okx_spot,2.2753131151529997,-0.0,-3.1212235341244705,10498.78815832644,14972.79469089664
2025-06-24 21:45:00+00:00,order,buy,2440.7129091797606,0.92422308,scalp_pingpong,ETHUSDT,okx_spot,1.804610561854303,0.0,-1.804610561854303,10496.983547764587,14970.990080334786
2025-06-25 04:15:00+00:00,order,sell,2444.311530402037,0.92422308,scalp_pingpong,ETHUSDT,okx_spot,2.2590891311076846,-4.252840600884313,5.3196802595820305,10502.303228024168,14972.056919993485
2025-06-26 09:45:00+00:00,order,buy,2463.4883787163694,1.24086239,scalp_pingpong,ETHUSDT,okx_spot,2.4454800618809753,0.0,-2.4454800618809753,10499.857747962287,14969.611439931603
2025-06-26 15:30:00+00:00,order,sell,2425.7016394820953,1.24086239,scalp_pingpong,ETHUSDT,okx_spot,3.009961933794671,-10.16469734577085,-39.73340814457286,10460.124339817714,14919.71333444126
2025-06-26 21:15:00+00:00,order,buy,2422.989999999,1.14594739,scalp_pingpong,ETHUSDT,okx_spot,2.221295253195963,0.0,-2.221295253195963,10457.903044564518,14917.492039188064
2025-06-27 01:30:00+00:00,order,sell,2427.2114544065016,1.14594739,scalp_pingpong,ETHUSDT,okx_spot,2.7814566311552342,-5.490754671434442,7.546862700559103,10465.449907265078,14919.54814721719
2025-06-27 13:00:00+00:00,order,buy,2429.669999999,1.06013384,scalp_pingpong,ETHUSDT,okx_spot,2.060620309625392,0.0,-2.060620309625392,10463.389286955453,14917.487526907564
2025-06-27 13:30:00+00:00,order,sell,2428.4716173318375,1.06013384,scalp_pingpong,ETHUSDT,okx_spot,2.5745049410130116,-2.6096438346111888,-1.2353071251305852,10462.153979830322,14913.642575947822
2025-06-27 17:30:00+00:00,order,buy,2405.1683827163974,0.92780609,scalp_pingpong,ETHUSDT,okx_spot,1.7852238983677795,0.0,-1.7852238983677795,10460.368755931955,14911.857352049454
2025-06-27 19:30:00+00:00,order,sell,2409.1615730596604,0.92780609,scalp_pingpong,ETHUSDT,okx_spot,2.235234779278733,-2.330252780232806,3.7999243199620056,10464.168680251918,14913.327023589185
2025-06-30 07:00:00+00:00,order,buy,2464.109999999,0.98605146,scalp_pingpong,ETHUSDT,okx_spot,1.9437914104796914,0.0,-1.9437914104796914,10462.224888841438,14911.383232178705
2025-06-30 08:45:00+00:00,order,sell,2468.6,0.98605146,scalp_pingpong,ETHUSDT,okx_spot,2.434166634156,-0.0,1.9932044222306189,10464.21809326367,14913.376436600936
2025-07-01 05:15:00+00:00,order,buy,2455.1784012288836,0.92746187,scalp_pingpong,ETHUSDT,okx_spot,1.8216674809498807,0.0,-1.8216674809498807,10462.39642578272,14911.554769119984
2025-07-01 08:45:00+00:00,order,sell,2454.42,0.92746187,scalp_pingpong,ETHUSDT,okx_spot,2.2763809629654004,-0.0,-2.979769184916573,10459.416656597803,14908.574999935068
2025-07-01 14:45:00+00:00,order,buy,2417.2599999990002,2.77369571,scalp_pingpong,ETHUSDT,okx_spot,5.363794953561462,0.0,-5.363794953561462,10454.05286164424,14903.211204981506
2025-07-01 19:00:00+00:00,order,sell,2418.1414761002534,2.77369571,scalp_pingpong,ETHUSDT,okx_spot,6.707188638432341,-21.722131662240496,17.459889504321108,10471.512751148563,14898.948962823586
2025-07-04 16:30:00+00:00,order,buy,2479.2327343396023,0.89129002,scalp_pingpong,ETHUSDT,okx_spot,1.7677723146993591,0.0,-1.7677723146993591,10469.744978833864,14897.181190508887
2025-07-04 19:30:00+00:00,order,sell,2484.5914683081864,0.89129002,scalp_pingpong,ETHUSDT,okx_spot,2.214491579480233,-8.504215479232705,11.065910005785964,10480.81088883965,14899.74288503544
2025-07-07 14:30:00+00:00,order,buy,2535.277467901403,2.08220735,scalp_pingpong,ETHUSDT,okx_spot,4.223178702362953,0.0,-4.223178702362953,10476.587710137286,14895.519706333078
2025-07-07 16:00:00+00:00,order,sell,2535.851496918935,2.08220735,scalp_pingpong,ETHUSDT,okx_spot,5.2801686253931095,-4.292464036608942,0.20754285063421385,10476.79525298792,14891.434785147103
2025-07-08 01:15:00+00:00,order,buy,2532.488587308447,0.91829992,scalp_pingpong,ETHUSDT,okx_spot,1.8604672537010083,0.0,-1.8604672537010083,10474.93478573422,14889.574317893403
2025-07-08 02:45:00+00:00,order,sell,2530.18,0.91829992,scalp_pingpong,ETHUSDT,okx_spot,2.3234640915856,-0.0,-4.443439632245252,10470.491346101975,14885.130878261156
2025-07-08 19:30:00+00:00,order,buy,2605.741639133573,0.86555802,scalp_pingpong,ETHUSDT,okx_spot,1.8043364590400082,0.0,-1.8043364590400082,10468.687009642936,14883.326541802116
2025-07-08 19:45:00+00:00,order,sell,2610.021602208275,0.86555802,scalp_pingpong,ETHUSDT,okx_spot,2.2591251301646222,-70.90789980262221,72.35333103706915,10541.040340680005,14884.771973036564
2025-07-09 01:45:00+00:00,order,buy,2601.053478310737,0.83586063,scalp_pingpong,ETHUSDT,okx_spot,1.7392945592356033,0.0,-1.7392945592356033,10539.301046120769,14883.032678477328
2025-07-09 02:00:00+00:00,order,sell,2608.081646691133,0.0527419,scalp_pingpong,ETHUSDT,okx_spot,0.13755518140161904,-4.218384011619064,4.45150778412027,10543.75255390489,14888.769692546111
2025-07-09 03:15:00+00:00,order,sell,2598.4115986733577,0.78311873,scalp_pingpong,ETHUSDT,okx_spot,2.0348647911703495,-0.8861761159494338,-3.2175941016576015,10540.534959803232,14879.162032032224
2025-07-10 15:00:00+00:00,order,buy,2765.168410566954,1.19405638,scalp_pingpong,ETHUSDT,okx_spot,2.641413585929545,0.0,-2.641413585929545,10537.893546217301,14876.520618446295
2025-07-10 15:45:00+00:00,order,sell,2769.411526545304,1.19405638,scalp_pingpong,ETHUSDT,okx_spot,3.3068335021169593,-4.634761535559106,6.394447738469678,10544.287993955772,14878.280304649206
2025-07-11 21:00:00+00:00,order,buy,2974.899999999,0.69294641,scalp_pingpong,ETHUSDT,okx_spot,1.6491570200866457,0.0,-1.6491570200866457,10542.638836935685,14876.63114762912
2025-07-11 21:45:00+00:00,order,sell,2966.3916252578824,0.69294641,scalp_pingpong,ETHUSDT,okx_spot,2.0555504273765153,-4.796315373815089,-3.155082785353372,10539.483754150331,14868.679749469951
2025-07-11 22:15:00+00:00,order,buy,2931.888387397725,3.00723657,scalp_pingpong,ETHUSDT,okx_spot,7.053505582192614,0.0,-7.053505582192614,10532.430248568138,14861.626243887758
2025-07-12 13:30:00+00:00,order,sell,2929.811571214439,3.00723657,scalp_pingpong,ETHUSDT,okx_spot,8.81063650016522,-4.696014062720354,-10.360100012991694,10522.070148555147,14846.570129812046
2025-07-13 15:15:00+00:00,order,buy,2994.499036877895,1.09306861,scalp_pingpong,ETHUSDT,okx_spot,2.6185543199091676,0.0,-2.6185543199091676,10519.451594235237,14843.951575492136
2025-07-13 18:45:00+00:00,order,sell,2995.36,1.09306861,scalp_pingpong,ETHUSDT,okx_spot,3.2741339916496,-0.0,-2.33304222850837,10517.118552006728,14841.618533263627
2025-07-13 22:00:00+00:00,order,buy,2954.449192593085,1.04728217,scalp_pingpong,ETHUSDT,okx_spot,2.4753135692589074,0.0,-2.4753135692589074,10514.64323843747,14839.143219694368
2025-07-14 02:45:00+00:00,order,sell,3005.6,1.04728217,scalp_pingpong,ETHUSDT,okx_spot,3.1477112901519995,-0.0,50.421617288213454,10565.064855725683,14889.564836982581
2025-07-14 06:00:00+00:00,order,buy,3028.401680074848,0.64982123,scalp_pingpong,ETHUSDT,okx_spot,1.5743357637442437,0.0,-1.5743357637442437,10563.490519961939,14887.990501218836
2025-07-14 06:45:00+00:00,order,sell,3026.5,0.64982123,scalp_pingpong,ETHUSDT,okx_spot,1.9666839525950002,-0.0,-3.2024360378988295,10560.28808392404,14884.788065180937
2025-07-15 01:00:00+00:00,order,buy,2985.188380067141,1.12135122,scalp_pingpong,ETHUSDT,okx_spot,2.6779557055344902,0.0,-2.6779557055344902,10557.610128218506,14882.110109475401
2025-07-15 02:00:00+00:00,order,sell,2979.2015780093825,1.12135122,scalp_pingpong,ETHUSDT,okx_spot,3.3407313241267462,-2.7939340405461985,-7.260105074946426,10550.35002314356,14872.05607035991
2025-07-15 14:45:00+00:00,order,buy,2978.0483557817533,1.4354559,scalp_pingpong,ETHUSDT,okx_spot,3.4198856662337733,0.0,-3.4198856662337733,10546.930137477326,14868.636184693674
2025-07-15 23:30:00+00:00,order,sell,3134.671599067729,1.4354559,scalp_pingpong,ETHUSDT,okx_spot,4.499682841444206,-8.141330344206018,228.4674061547503,10775.397543632076,15088.96226050422
2025-07-16 21:30:00+00:00,order,buy,3368.598372757268,1.41064473,scalp_pingpong,ETHUSDT,okx_spot,3.8015164336132927,0.0,-3.8015164336132927,10771.596027198462,15085.160744070607
2025-07-16 22:45:00+00:00,order,sell,3363.01,1.41064473,scalp_pingpong,ETHUSDT,okx_spot,4.7440123334373006,-0.0,-12.62722091275197,10758.96880628571,15072.533523157856
2025-07-17 01:45:00+00:00,order,buy,3338.4983588817945,1.04701003,scalp_pingpong,ETHUSDT,okx_spot,2.796353013510223,0.0,-2.796353013510223,10756.1724532722,15069.737170144346
2025-07-17 03:15:00+00:00,order,sell,3333.24,1.04701003,scalp_pingpong,ETHUSDT,okx_spot,3.4899357123972,-0.0,-8.995490202976216,10747.176963069223,15060.74167994137
2025-07-17 20:15:00+00:00,order,buy,3392.709999999,1.61828207,scalp_pingpong,ETHUSDT,okx_spot,4.392289409366466,0.0,-4.392289409366466,10742.784673659857,15056.349390532003
2025-07-17 20:30:00+00:00,order,sell,3405.6615988094522,1.04701003,scalp_pingpong,ETHUSDT,okx_spot,3.565761852739333,-87.76205468413241,97.75674669047272,10840.54142035033,15073.742968812052
2025-07-17 21:30:00+00:00,order,sell,3480.6,0.57127204,scalp_pingpong,ETHUSDT,okx_spot,1.988369462424,-0.0,48.22073013374765,10888.762150484077,15114.56481267209
2025-07-18 00:00:00+00:00,order,buy,3466.5908870033973,2.35404602,scalp_pingpong,ETHUSDT,okx_spot,6.528411584414894,0.0,-6.528411584414894,10882.233738899662,15108.036401087676
2025-07-18 08:00:00+00:00,order,sell,3614.511607815379,2.35404602,scalp_pingpong,ETHUSDT,okx_spot,8.508726664621596,-21.166658591194327,360.87011602954937,11243.103854929212,15447.739858526033
2025-07-18 15:00:00+00:00,order,buy,3565.718391374679,2.59188092,scalp_pingpong,ETHUSDT,okx_spot,7.393533971757698,0.0,-7.393533971757698,11235.710320957454,15440.346324554275
2025-07-18 17:45:00+00:00,order,sell,3600.36,2.59188092,scalp_pingpong,ETHUSDT,okx_spot,9.3317043891312,-0.0,80.45522004494697,11316.165541002401,15520.801544599222
2025-07-20 17:30:00+00:00,order,buy,3758.8883822320563,1.7580052,scalp_pingpong,ETHUSDT,okx_spot,5.286516257746834,0.0,-5.286516257746834,11310.879024744654,15515.515028341475
2025-07-20 20:00:00+00:00,order,sell,3750.21,1.7580052,scalp_pingpong,ETHUSDT,okx_spot,6.592888681091999,-0.0,-21.849529772634405,11289.02949497202,15493.66549856884
2025-07-21 00:30:00+00:00,order,buy,3724.064131860488,0.96572705,scalp_pingpong,ETHUSDT,okx_spot,2.877143574457952,0.0,-2.877143574457952,11286.15235139756,15490.788354994382
2025-07-21 01:45:00+00:00,order,sell,3723.7216085539067,0.96572705,scalp_pingpong,ETHUSDT,okx_spot,3.5960986840500193,-13.347901255018959,9.42101854854831,11295.573369946109,15486.86147228791
2025-07-22 08:30:00+00:00,order,buy,3627.2594376250954,1.72918745,scalp_pingpong,ETHUSDT,okx_spot,5.017769197948298,0.0,-5.017769197948298,11290.555600748161,15481.843703089962
2025-07-22 09:15:00+00:00,order,sell,3644.8116287047847,1.72918745,scalp_pingpong,ETHUSDT,okx_spot,6.302562525970373,-21.928913201873186,45.97737921090311,11336.532979959064,15505.892169098992
2025-07-22 20:00:00+00:00,order,buy,3669.699999999,0.88629557,scalp_pingpong,ETHUSDT,okx_spot,2.601951082582491,0.0,-2.601951082582491,11333.931028876481,15503.29021801641
2025-07-23 07:45:00+00:00,order,sell,3672.9416302560544,0.88629557,scalp_pingpong,ETHUSDT,okx_spot,3.2553118957645193,-0.1964299141191537,-0.18583944524068327,11333.74518943124,15502.90794865705
2025-07-23 14:00:00+00:00,order,buy,3587.449999999,2.59285698,scalp_pingpong,ETHUSDT,okx_spot,7.441395818318726,0.0,-7.441395818318726,11326.30379361292,15495.46655283873
2025-07-23 17:00:00+00:00,order,sell,3571.33,2.59285698,scalp_pingpong,ETHUSDT,okx_spot,9.259947918383402,-0.0,-51.0568024333904,11275.24699117953,15444.40975040534
2025-07-24 04:15:00+00:00,order,buy,3632.488380953538,0.69849042,scalp_pingpong,ETHUSDT,okx_spot,2.0298066678858855,0.0,-2.0298066678858855,11273.217184511645,15442.379943737455
2025-07-24 04:30:00+00:00,order,sell,3619.5115907669788,0.69849042,scalp_pingpong,ETHUSDT,okx_spot,2.528194171229695,-38.15265787589521,26.560300077004115,11299.777484588649,15430.787585938564
2025-07-25 03:00:00+00:00,order,buy,3615.199999999,2.13261562,scalp_pingpong,ETHUSDT,okx_spot,6.1678655915374945,0.0,-6.1678655915374945,11293.609618997112,15424.619720347026
2025-07-25 03:45:00+00:00,order,sell,3595.431594972886,2.13261562,scalp_pingpong,ETHUSDT,okx_spot,7.667673580080691,-5.974725200090268,-43.85135772116701,11249.758261275945,15374.79363742577
2025-07-26 11:15:00+00:00,order,buy,3749.3383691658214,0.66982061,scalp_pingpong,ETHUSDT,okx_spot,2.009107290824845,0.0,-2.009107290824845,11247.74915398512,15372.784530134944
2025-07-26 11:30:00+00:00,order,sell,3741.631594059424,0.66982061,scalp_pingpong,ETHUSDT,okx_spot,2.506221956728156,-97.80157499995588,90.1331962403273,11337.882350225447,15365.116151375316
2025-07-27 17:30:00+00:00,order,buy,3821.2787857431845,0.64270087,scalp_pingpong,ETHUSDT,okx_spot,1.9647513600877504,0.0,-1.9647513600877504,11335.917598865359,15363.151400015227
2025-07-27 17:45:00+00:00,order,sell,3838.4115560855566,0.64270087,scalp_pingpong,ETHUSDT,okx_spot,2.466950446514241,-156.0423443248411,164.58664028287924,11500.504239148238,15371.695695973267
2025-07-28 07:45:00+00:00,order,buy,3890.0096915020586,0.8322675,scalp_pingpong,ETHUSDT,okx_spot,2.590022912737752,0.0,-2.590022912737752,11497.9142162355,15369.105673060529
2025-07-28 08:00:00+00:00,order,sell,3887.621608193173,0.82009414,scalp_pingpong,ETHUSDT,okx_spot,3.188215699416597,-239.46880774979724,234.32213892293206,11732.236355158433,15363.929933235833
2025-07-28 08:00:00+00:00,order,sell,3887.621537282214,0.01217336,scalp_pingpong,ETHUSDT,okx_spot,0.04732541651708981,-3.5910381802898104,3.514640902718685,11735.750996061151,15363.882606956091
2025-07-28 15:00:00+00:00,order,buy,3793.472752067255,2.42843884,scalp_pingpong,ETHUSDT,okx_spot,7.369773255681451,0.0,-7.369773255681451,11728.38122280547,15356.51283370041
2025-07-28 15:15:00+00:00,order,sell,3814.38162005926,2.12044226,scalp_pingpong,ETHUSDT,okx_spot,8.08817598294092,-470.21150639711846,506.4593777131855,12234.840600518655,15399.200564849687
2025-07-28 16:15:00+00:00,order,sell,3813.4216347079296,0.30799658,scalp_pingpong,ETHUSDT,okx_spot,1.1745208215880516,-4.626612116051579,9.596278922613193,12244.436879441268,15397.730371823038
2025-07-28 20:15:00+00:00,order,buy,3767.558395390525,0.93748651,scalp_pingpong,ETHUSDT,okx_spot,2.8256281370526914,0.0,-2.8256281370526914,12241.611251304215,15394.904743685984
2025-07-29 00:45:00+00:00,order,sell,3780.521617068488,0.93748651,scalp_pingpong,ETHUSDT,okx_spot,3.5441880167650934,-23.50430278559343,32.112960218057395,12273.724211522273,15403.51340111845
2025-07-29 10:30:00+00:00,order,buy,3844.658874673626,0.53117668,scalp_pingpong,ETHUSDT,okx_spot,1.633754509425338,0.0,-1.633754509425338,12272.090457012848,15401.879646609024
2025-07-29 12:45:00+00:00,order,sell,3855.47,0.53117668,scalp_pingpong,ETHUSDT,okx_spot,2.0479357544396,-0.0,3.6946819034869303,12275.785138916335,15405.574328512512
2025-07-30 11:15:00+00:00,order,buy,3755.358368448223,0.92891652,scalp_pingpong,ETHUSDT,okx_spot,2.7907315415774407,0.0,-2.7907315415774407,12272.994407374757,15402.783596970936
2025-07-30 13:30:00+00:00,order,sell,3766.571635628693,0.92891652,scalp_pingpong,ETHUSDT,okx_spot,3.4988306160989135,-9.848034474513701,16.765392985527164,12289.759800360285,15409.700955481949
2025-07-30 19:15:00+00:00,order,buy,3717.049999999,2.48740818,scalp_pingpong,ETHUSDT,okx_spot,7.396656460373212,0.0,-7.396656460373212,12282.363143899913,15402.304299021574
2025-07-31 14:30:00+00:00,order,sell,3774.74,2.48740818,scalp_pingpong,ETHUSDT,okx_spot,9.3893191533732,-0.0,134.10925875331327,12416.472402653226,15536.41355777489
2025-08-01 00:45:00+00:00,order,buy,3667.2579178146743,1.94295296,scalp_pingpong,ETHUSDT,okx_spot,5.7002477012011665,0.0,-5.7002477012011665,12410.772154952025,15530.713310073686
2025-08-01 01:15:00+00:00,order,sell,3682.9716182880093,1.94295296,scalp_pingpong,ETHUSDT,okx_spot,7.1558406073486776,-50.481062158278164,73.85620239814881,12484.628357350173,15554.088450313557
2025-08-01 08:30:00+00:00,order,buy,3601.8738814854582,1.80666671,scalp_pingpong,ETHUSDT,okx_spot,5.20590850823861,0.0,-5.20590850823861,12479.422448841935,15548.882541805317
2025-08-01 14:00:00+00:00,order,sell,3616.8216321797954,1.80666671,scalp_pingpong,ETHUSDT,okx_spot,6.5343912388671015,-29.68648285020134,50.15769518017186,12529.580144022108,15569.353754135289
2025-08-01 22:45:00+00:00,order,buy,3463.7583936685696,1.86736736,scalp_pingpong,ETHUSDT,okx_spot,5.174487493810174,0.0,-5.174487493810174,12524.405656528297,15564.179266641477
2025-08-02 11:45:00+00:00,order,sell,3510.81,1.86736736,scalp_pingpong,ETHUSDT,okx_spot,6.5559720011616,-0.0,81.30666189771993,12605.712318426016,15645.485928539198
2025-08-02 18:00:00+00:00,order,buy,3408.3883832391207,1.015058,scalp_pingpong,ETHUSDT,okx_spot,2.7677695164111484,0.0,-2.7677695164111484,12602.944548909605,15642.718159022786
2025-08-02 19:45:00+00:00,order,sell,3414.92,1.015058,scalp_pingpong,ETHUSDT,okx_spot,3.4663418653600004,-0.0,3.163627980704341,12606.10817689031,15645.88178700349
2025-08-02 23:00:00+00:00,order,buy,3389.9984362718556,1.21745608,scalp_pingpong,ETHUSDT,okx_spot,3.301739365943731,0.0,-3.301739365943731,12602.806437524367,15642.580047637546
2025-08-02 23:15:00+00:00,order,sell,3382.95,1.015058,scalp_pingpong,ETHUSDT,okx_spot,3.4338904611,-0.0,-10.588462086336712,12592.21797543803,15630.564995582783
2025-08-03 00:00:00+00:00,order,sell,3400.0516439177572,0.20239808,scalp_pingpong,ETHUSDT,okx_spot,0.6881639246297978,-1.164121685797708,2.510707686539126,12594.72868312457,15633.338171551952
2025-08-05 08:15:00+00:00,order,buy,3617.202942159314,1.00387135,scalp_pingpong,ETHUSDT,okx_spot,2.9049651206155542,0.0,-2.9049651206155542,12591.823718003954,15630.433206431338
2025-08-05 13:15:00+00:00,order,sell,3636.3615994646775,1.00387135,scalp_pingpong,ETHUSDT,okx_spot,3.650439227942765,-15.511418014265237,31.09380595964469,12622.917523963599,15646.015594376719
2025-08-06 12:45:00+00:00,order,buy,3584.5883935033503,0.86334987,scalp_pingpong,ETHUSDT,okx_spot,2.475803138827701,0.0,-2.475803138827701,12620.44172082477,15643.539791237888
2025-08-06 15:15:00+00:00,order,sell,3628.591556132968,0.86334987,scalp_pingpong,ETHUSDT,okx_spot,3.132744048270496,-0.16537996249553005,35.02276065009348,12655.464481474864,15678.397171925488
2025-08-06 19:00:00+00:00,order,buy,3681.1984577623066,0.69012113,scalp_pingpong,ETHUSDT,okx_spot,2.032378271540144,0.0,-2.032378271540144,12653.432103203324,15676.364793653947
2025-08-06 20:15:00+00:00,order,sell,3676.74,0.69012113,scalp_pingpong,ETHUSDT,okx_spot,2.5373959635162,-0.0,-5.614271872496783,12647.817831330827,15670.75052178145
2025-08-09 22:00:00+00:00,order,buy,4274.669668450557,0.63394953,scalp_pingpong,ETHUSDT,okx_spot,2.167939861775589,0.0,-2.167939861775589,12645.649891469051,15668.582581919676
2025-08-09 22:45:00+00:00,order,sell,4271.89,0.63394953,scalp_pingpong,ETHUSDT,okx_spot,2.7081626577117,-0.0,-4.4703321654985935,12641.179559303553,15664.112249754176
2025-08-09 23:00:00+00:00,order,buy,4258.798383307184,0.88128172,scalp_pingpong,ETHUSDT,okx_spot,3.00256093149934,0.0,-3.00256093149934,12638.176998372053,15661.109688822678
2025-08-10 01:00:00+00:00,order,sell,4311.23,0.88128172,scalp_pingpong,ETHUSDT,okx_spot,3.7994081897156,-0.0,42.407617151710234,12680.584615523763,15703.517305974387
2025-08-10 06:00:00+00:00,order,buy,4220.38839205575,0.55181047,scalp_pingpong,ETHUSDT,okx_spot,1.8630836017622625,0.0,-1.8630836017622625,12678.721531922001,15701.654222372625
2025-08-10 07:30:00+00:00,order,sell,4210.79,0.55181047,scalp_pingpong,ETHUSDT,okx_spot,2.3235580089713004,-0.0,-7.620051240499375,12671.101480681502,15694.034171132125
2025-08-10 08:00:00+00:00,order,buy,4164.44528058606,0.92545167,scalp_pingpong,ETHUSDT,okx_spot,3.0831942716335905,0.0,-3.0831942716335905,12668.018286409868,15690.950976860491
2025-08-10 08:15:00+00:00,order,sell,4204.501630889559,0.55181047,scalp_pingpong,ETHUSDT,okx_spot,2.3200880210569346,-15.567473300634223,35.350898767035545,12703.369185176904,15725.701105121912
2025-08-10 14:00:00+00:00,order,sell,4192.511637446704,0.3736412,scalp_pingpong,ETHUSDT,okx_spot,1.5664950792295516,-9.528462417551449,18.448714595360485,12721.817899772264,15719.654654504702
2025-08-11 11:45:00+00:00,order,buy,4185.238360506337,0.64340035,scalp_pingpong,ETHUSDT,okx_spot,2.1542270607865626,0.0,-2.1542270607865626,12719.663672711478,15717.500427443914
2025-08-11 14:00:00+00:00,order,sell,4279.91,0.64340035,scalp_pingpong,ETHUSDT,okx_spot,2.7536955919684996,-0.0,58.15807039332787,12777.821743104807,15775.658497837243
2025-08-11 17:00:00+00:00,order,buy,4302.342480242309,1.4960321,scalp_pingpong,ETHUSDT,okx_spot,5.149153964508888,0.0,-5.149153964508888,12772.672589140298,15770.509343872734
2025-08-11 18:00:00+00:00,order,sell,4298.781603711441,1.4960321,scalp_pingpong,ETHUSDT,okx_spot,6.431115270041795,-7.856567728794905,-3.9017331355617593,12768.770856004736,15758.751043008378
2025-08-13 01:45:00+00:00,order,buy,4581.2551769953125,1.30186289,scalp_pingpong,ETHUSDT,okx_spot,4.771332883640463,0.0,-4.771332883640463,12763.999523121096,15753.979710124739
2025-08-13 10:15:00+00:00,order,sell,4698.56,1.30186289,scalp_pingpong,ETHUSDT,okx_spot,6.1168809004384,-0.0,146.59791498738292,12910.59743810848,15900.57762511212
2025-08-13 13:30:00+00:00,order,buy,4679.498356496598,0.92474567,scalp_pingpong,ETHUSDT,okx_spot,3.4618766743538765,0.0,-3.4618766743538765,12907.135561434126,15897.115748437765
2025-08-13 15:00:00+00:00,order,sell,4647.94,0.92474567,scalp_pingpong,ETHUSDT,okx_spot,4.298162389419799,-0.0,-33.48161591196599,12873.653945522161,15863.6341325258
2025-08-13 15:15:00+00:00,order,buy,4630.448124985633,1.95135763,scalp_pingpong,ETHUSDT,okx_spot,7.228528223207927,0.0,-7.228528223207927,12866.425417298953,15856.405604302592
2025-08-13 15:30:00+00:00,order,sell,4668.691623685433,0.92474567,scalp_pingpong,ETHUSDT,okx_spot,4.317352363568373,-24.87716001907375,55.92531748379604,12922.350734782749,15926.714994924776
2025-08-14 07:00:00+00:00,order,sell,4775.0,1.02661196,scalp_pingpong,ETHUSDT,okx_spot,4.902072109000001,-0.0,143.49661162117454,13065.847346403923,16030.95037338849
2025-08-14 11:15:00+00:00,order,buy,4707.988405578559,1.2070797,scalp_pingpong,ETHUSDT,okx_spot,4.546333785767396,0.0,-4.546333785767396,13061.301012618156,16026.404039602723
2025-08-14 12:45:00+00:00,order,sell,4618.75,1.2070797,scalp_pingpong,ETHUSDT,okx_spot,5.575199364375,-0.0,-113.29306719861931,12948.007945419537,15913.110972404102
2025-08-14 13:00:00+00:00,order,buy,4568.419999999,2.08997128,scalp_pingpong,ETHUSDT,okx_spot,7.638293275980407,0.0,-7.638293275980407,12940.369652143556,15905.47267912812
2025-08-14 13:15:00+00:00,order,sell,4568.42,1.2070797,scalp_pingpong,ETHUSDT,okx_spot,5.514447043074,-0.0,-5.514447041866191,12934.85520510169,15899.958232087136
2025-08-14 13:15:00+00:00,order,sell,4533.371633409616,0.88289158,scalp_pingpong,ETHUSDT,okx_spot,4.002475644148197,43.807638076003016,-78.7540214746706,12856.101183627019,15865.011848687585
2025-08-14 16:45:00+00:00,order,buy,4547.0583939128255,2.10350387,scalp_pingpong,ETHUSDT,okx_spot,7.65180394296929,0.0,-7.65180394296929,12848.44937968405,15857.360044744617
2025-08-14 17:00:00+00:00,order,sell,4533.981607732228,2.08997128,scalp_pingpong,ETHUSDT,okx_spot,9.475891344208584,-0.8811480517825336,-35.9248508445746,12812.524528839476,15820.37708306236
2025-08-14 17:00:00+00:00,order,sell,4533.981626644014,0.01353259,scalp_pingpong,ETHUSDT,okx_spot,0.06135651442090652,0.6632102231934812,-0.9015292675892318,12811.622999571888,15820.315726803863
2025-08-14 21:45:00+00:00,order,buy,4471.2899999989995,1.21118934,scalp_pingpong,ETHUSDT,okx_spot,4.332463027237911,0.0,-4.332463027237911,12807.29053654465,15815.983263776623
2025-08-14 22:00:00+00:00,order,sell,4488.591595609055,1.19354711,scalp_pingpong,ETHUSDT,okx_spot,5.357345526909476,112.66894274942366,-97.37601883756221,12709.914517707088,15831.581426417604
2025-08-15 13:45:00+00:00,order,sell,4561.32,0.01764223,scalp_pingpong,ETHUSDT,okx_spot,0.08047185654359998,-0.0,1.5078581103749362,12711.422375817463,15832.78404579886
2025-08-15 14:00:00+00:00,order,buy,4540.259999999,1.88134103,scalp_pingpong,ETHUSDT,okx_spot,6.833421939892736,0.0,-6.833421939892736,12704.58895387757,15825.950623858966
2025-08-15 14:15:00+00:00,order,sell,4546.5216520773365,0.01764223,scalp_pingpong,ETHUSDT,okx_spot,0.08021078068592834,-0.11046950612834466,0.14072823158823505,12704.729682109159,15837.65071604884
2025-08-15 14:30:00+00:00,order,sell,4546.71,1.8636988,scalp_pingpong,ETHUSDT,okx_spot,8.473697970948,-0.0,3.547159290916875,12708.276841400075,15829.528041875341
2025-08-16 10:15:00+00:00,order,buy,4380.8417997143115,2.16171632,scalp_pingpong,ETHUSDT,okx_spot,7.57610977102448,0.0,-7.57610977102448,12700.700731629051,15821.951932104315
2025-08-16 12:00:00+00:00,order,sell,4396.491534112143,2.16171632,scalp_pingpong,ETHUSDT,okx_spot,9.503967500032056,-18.59407666725596,42.92039541868134,12743.621127047732,15846.278250855741
2025-08-17 19:30:00+00:00,order,buy,4457.978404759153,1.23355314,scalp_pingpong,ETHUSDT,okx_spot,4.399322607394275,0.0,-4.399322607394275,12739.221804440338,15841.878928248349
2025-08-18 00:00:00+00:00,order,sell,4477.361573950091,1.23355314,scalp_pingpong,ETHUSDT,okx_spot,5.5230634284614775,-5.503588555477457,23.89069434564827,12763.112498785986,15860.26603403852
2025-08-18 05:45:00+00:00,order,buy,4292.809999999,0.70219709,scalp_pingpong,ETHUSDT,okx_spot,2.4115189519377584,0.0,-2.4115189519377584,12760.700979834048,15857.854515086581
2025-08-18 06:15:00+00:00,order,sell,4275.19,0.70219709,scalp_pingpong,ETHUSDT,okx_spot,3.0020259771971,-0.0,-15.374738702295708,12745.326241131752,15842.479776384285
2025-08-19 04:00:00+00:00,order,buy,4212.788352567196,0.52177937,scalp_pingpong,ETHUSDT,okx_spot,1.7585168420366795,0.0,-1.7585168420366795,12743.567724289715,15840.72125954225
2025-08-19 05:00:00+00:00,order,sell,4235.3,0.52177937,scalp_pingpong,ETHUSDT,okx_spot,2.209892165761,-0.0,9.536221049390127,12753.103945339104,15850.25748059164
2025-08-19 14:15:00+00:00,order,buy,4210.908365062387,1.13183095,scalp_pingpong,ETHUSDT,okx_spot,3.812829132153207,0.0,-3.812829132153207,12749.29111620695,15846.444651459486
2025-08-19 16:00:00+00:00,order,sell,4191.81,1.13183095,scalp_pingpong,ETHUSDT,okx_spot,4.7444202945195,-0.0,-26.360540966527537,12722.930575240423,15820.084110492957
2025-08-20 18:30:00+00:00,order,buy,4272.053416086153,2.2186293,scalp_pingpong,ETHUSDT,okx_spot,7.582482304075065,0.0,-7.582482304075065,12715.348092936349,15812.501628188882
2025-08-21 09:15:00+00:00,order,sell,4272.91151736617,2.2186293,scalp_pingpong,ETHUSDT,okx_spot,9.480006688736045,-6.903303596043855,-0.6728944504788554,12714.67519848587,15804.925430142359
2025-08-21 19:45:00+00:00,order,buy,4224.098420760372,0.7431985,scalp_pingpong,ETHUSDT,okx_spot,2.511474888129182,0.0,-2.511474888129182,12712.16372359774,15802.41395525423
2025-08-21 23:45:00+00:00,order,sell,4225.741557604811,0.7431985,scalp_pingpong,ETHUSDT,okx_spot,3.1405647869995588,-11.46871046455855,9.549322515641093,12721.71304611338,15800.494567305312
2025-08-22 12:30:00+00:00,order,buy,4230.009999999,0.57231539,scalp_pingpong,ETHUSDT,okx_spot,1.936719858282662,0.0,-1.936719858282662,12719.776326255098,15798.55784744703
2025-08-22 14:00:00+00:00,order,sell,4596.781651393399,0.57231539,scalp_pingpong,ETHUSDT,okx_spot,2.6308088835620573,-175.07222291885736,382.3504747440245,13102.126800999122,16005.836099272197
2025-08-22 22:15:00+00:00,order,buy,4821.198371737647,0.53955633,scalp_pingpong,ETHUSDT,okx_spot,2.0810464797253925,0.0,-2.0810464797253925,13100.045754519397,16003.755052792472
2025-08-23 00:15:00+00:00,order,sell,4820.9116306012265,0.53955633,scalp_pingpong,ETHUSDT,okx_spot,2.6011533866615135,-9.3999510698136,6.644084687925213,13106.689839207322,16000.999186410583
2025-08-23 00:45:00+00:00,order,buy,4808.188399671864,0.56982914,scalp_pingpong,ETHUSDT,okx_spot,2.1918766885943954,0.0,-2.1918766885943954,13104.497962518728,15998.80730972199
2025-08-23 02:30:00+00:00,order,sell,4708.3,0.56982914,scalp_pingpong,ETHUSDT,okx_spot,2.682926539862,-0.0,-59.60224742085584,13044.895715097871,15939.205062301133
2025-08-24 20:00:00+00:00,order,buy,4739.4883592357955,1.98734945,scalp_pingpong,ETHUSDT,okx_spot,7.535215667206928,0.0,-7.535215667206928,13037.360499430664,15931.669846633928
2025-08-24 20:15:00+00:00,order,sell,4794.801645925496,0.56982914,scalp_pingpong,ETHUSDT,okx_spot,2.7322176983683097,-55.67894316570975,84.4658480523063,13121.826347482971,16038.864458816026
2025-08-24 22:30:00+00:00,order,sell,4753.011600489186,1.41752031,scalp_pingpong,ETHUSDT,okx_spot,6.737490477359027,-33.45574804192743,45.88772669827907,13167.71407418125,15972.888730176874
2025-08-25 01:15:00+00:00,order,buy,4707.7690050913725,2.03870613,scalp_pingpong,ETHUSDT,okx_spot,7.6782060234430265,0.0,-7.6782060234430265,13160.035868157807,15965.21052415343
2025-08-25 04:15:00+00:00,order,sell,4712.171554477973,2.03870613,scalp_pingpong,ETHUSDT,okx_spot,9.606733033725872,-6.893995843171921,6.262767231535265,13166.298635389343,15964.579295541793
2025-08-25 10:45:00+00:00,order,buy,4537.809415106951,1.74258914,scalp_pingpong,ETHUSDT,okx_spot,6.3260299249241,0.0,-6.3260299249241,13159.97260546442,15958.25326561687
2025-08-25 17:15:00+00:00,order,sell,4592.2315602868375,1.74258914,scalp_pingpong,ETHUSDT,okx_spot,8.002372845321098,-15.720872981698285,102.55393930235127,13262.526544766772,16045.08633193752
2025-08-25 19:45:00+00:00,order,buy,4420.818360380203,0.62457557,scalp_pingpong,ETHUSDT,okx_spot,2.2089081178407444,0.0,-2.2089081178407444,13260.317636648932,16042.87742381968
2025-08-26 01:00:00+00:00,order,sell,4351.241639478788,0.62457557,scalp_pingpong,ETHUSDT,okx_spot,2.717679227185198,-12.07406974649853,-34.099529596418385,13226.218107052513,15996.703824476763
2025-08-26 09:00:00+00:00,order,buy,4418.3748153313345,0.50105436,scalp_pingpong,ETHUSDT,okx_spot,1.7710767722687681,0.0,-1.7710767722687681,13224.447030280244,15994.932747704494
2025-08-26 09:45:00+00:00,order,sell,4420.331625557919,0.50105436,scalp_pingpong,ETHUSDT,okx_spot,2.214826433631683,-4.7608309128829465,3.526472774975031,13227.973503055218,15993.698389566584
2025-08-28 11:45:00+00:00,order,buy,4594.157244670349,0.48390558,scalp_pingpong,ETHUSDT,okx_spot,1.7785106608747259,0.0,-1.7785106608747259,13226.194992394343,15991.919878905708
2025-08-28 13:00:00+00:00,order,sell,4599.7,0.48390558,scalp_pingpong,ETHUSDT,okx_spot,2.225820496326,-0.0,0.45634973626639797,13226.65134213061,15992.376228641975
2025-08-28 17:30:00+00:00,order,buy,4476.106514302423,1.99316738,scalp_pingpong,ETHUSDT,okx_spot,7.137303594970475,0.0,-7.137303594970475,13219.514038535639,15985.238925047006
2025-08-28 18:15:00+00:00,order,sell,4504.211417542747,1.99316738,scalp_pingpong,ETHUSDT,okx_spot,8.977647270069763,-46.264240289762796,93.30436937636289,13312.818407912002,16032.279054133603
2025-08-29 01:00:00+00:00,order,buy,4468.838374042566,0.51751395,scalp_pingpong,ETHUSDT,okx_spot,1.8501489590898768,0.0,-1.8501489590898768,13310.968258952913,16030.428905174515
2025-08-29 06:15:00+00:00,order,sell,4465.84,0.51751395,scalp_pingpong,ETHUSDT,okx_spot,2.311134498468,-0.0,-3.862834892813971,13307.105424060099,16026.5660702817
2025-08-29 07:45:00+00:00,order,buy,4381.748442349604,2.19320677,scalp_pingpong,ETHUSDT,okx_spot,7.688064278558486,0.0,-7.688064278558486,13299.41735978154,16018.878006003142
2025-08-29 13:45:00+00:00,order,sell,4347.41,2.19320677,scalp_pingpong,ETHUSDT,okx_spot,9.5347690439657,-0.0,-84.84607327637326,13214.571286505168,15934.03193272677
2025-08-29 14:00:00+00:00,order,buy,4288.318362990504,2.13799704,scalp_pingpong,ETHUSDT,okx_spot,7.334729573321075,0.0,-7.334729573321075,13207.236556931846,15926.69720315345
2025-08-29 15:00:00+00:00,order,sell,4324.111583774151,2.13799704,scalp_pingpong,ETHUSDT,okx_spot,9.244937766738847,-88.45232364924703,155.73318597001193,13362.969742901858,15993.978065474214
2025-08-31 23:00:00+00:00,order,buy,4432.7715343298005,0.64637836,scalp_pingpong,ETHUSDT,okx_spot,2.2921980756918243,0.0,-2.2921980756918243,13360.677544826167,15991.685867398523
2025-09-01 01:00:00+00:00,order,sell,4396.35,0.64637836,scalp_pingpong,ETHUSDT,okx_spot,2.8417055029860006,-0.0,-26.38379713176633,13334.2937476944,15965.302070266756
2025-09-01 14:15:00+00:00,order,buy,4393.444209476947,0.89618955,scalp_pingpong,ETHUSDT,okx_spot,3.149887031233001,0.0,-3.149887031233001,13331.143860663167,15962.152183235523
2025-09-01 15:15:00+00:00,order,sell,4383.97,0.89618955,scalp_pingpong,ETHUSDT,okx_spot,3.9288681015135003,-0.0,-12.419555629263698,13318.724305033904,15949.73262760626
2025-09-01 17:30:00+00:00,order,buy,4318.914381055726,0.57685773,scalp_pingpong,ETHUSDT,okx_spot,1.993119316736129,0.0,-1.993119316736129,13316.731185717168,15947.739508289524
2025-09-01 20:45:00+00:00,order,sell,4288.791642998741,0.57685773,scalp_pingpong,ETHUSDT,okx_spot,2.474022611623224,-9.611397558323961,-10.239159350235632,13306.492026366932,15927.888951380963
2025-09-01 21:15:00+00:00,order,buy,4272.788510752689,2.22820656,scalp_pingpong,ETHUSDT,okx_spot,7.6165243113214185,0.0,-7.6165243113214185,13298.875502055611,15920.272427069642
2025-09-01 22:30:00+00:00,order,sell,4273.2,2.22820656,scalp_pingpong,ETHUSDT,okx_spot,9.521572272192,-0.0,-8.604689231965178,13290.270812823646,15911.667737837677
2025-09-02 07:30:00+00:00,order,buy,4385.878388077789,0.49847721,scalp_pingpong,ETHUSDT,okx_spot,1.7490083378306511,0.0,-1.7490083378306511,13288.521804485816,15909.918729499845
2025-09-02 07:45:00+00:00,order,sell,4377.111530450353,0.49847721,scalp_pingpong,ETHUSDT,okx_spot,2.181890343557722,-57.32564204462207,50.77367297047279,13339.295477456288,15903.366760425695
2025-09-02 12:15:00+00:00,order,buy,4327.019999999,0.48811523,scalp_pingpong,ETHUSDT,okx_spot,1.6896674900112896,0.0,-1.6896674900112896,13337.605809966277,15901.677092935684
2025-09-02 12:30:00+00:00,order,sell,4301.831614879755,0.48811523,scalp_pingpong,ETHUSDT,okx_spot,2.099789528118303,-19.38872518300312,4.994101259076096,13342.599911225352,15887.282469011758
