timestamp,reason,side,price,qty,strategy,symbol,exchange,fee_cost,slippage_pnl,realized_pnl,realized_pnl_total,equity_after
2024-11-02 13:39:00+00:00,order,buy,2478.426422041986,0.93105239,scalp_pingpong,ETHUSDT,okx_spot,1.8460358749450716,0.0,-1.8460358749450716,-1.8460358749450716,9998.153964125057
2024-11-02 13:57:00+00:00,order,sell,2480.09,0.93105239,scalp_pingpong,ETHUSDT,okx_spot,2.3090937219151,-0.0,-0.7602154881546317,-2.6062513630997035,9997.393748636901
2024-11-03 02:27:00+00:00,order,buy,2455.998722574637,0.80914936,scalp_pingpong,ETHUSDT,okx_spot,1.5898158356256684,0.0,-1.5898158356256684,-4.1960671987253715,9995.803932801276
2024-11-03 04:42:00+00:00,order,sell,2456.66,0.80914936,scalp_pingpong,ETHUSDT,okx_spot,1.9878048667376,-0.0,-1.4527326612229712,-5.648799859948342,9994.351200140052
2024-11-03 18:36:00+00:00,order,buy,2426.5040789524132,0.87395939,scalp_pingpong,ETHUSDT,okx_spot,1.6965328197390104,0.0,-1.6965328197390104,-7.345332679687353,9992.654667320314
2024-11-03 20:39:00+00:00,order,sell,2462.220602222423,0.87395939,scalp_pingpong,ETHUSDT,okx_spot,2.1518808155637417,-0.2801933227415162,29.343103397156458,21.997770717469106,10021.71757739473
2024-11-04 14:36:00+00:00,order,buy,2452.5657200889746,0.83091345,scalp_pingpong,ETHUSDT,okx_spot,1.6302958750646914,0.0,-1.6302958750646914,20.367474842404413,10020.087281519664
2024-11-04 14:45:00+00:00,order,sell,2453.27,0.83091345,scalp_pingpong,ETHUSDT,okx_spot,2.0384550394815,-0.0,-1.4532593888456717,18.91421545355874,10018.634022130818
2024-11-04 21:30:00+00:00,order,buy,2403.3886417693416,0.92322437,scalp_pingpong,ETHUSDT,okx_spot,1.775093571730125,0.0,-1.775093571730125,17.139121881828615,10016.858928559088
2024-11-04 23:06:00+00:00,order,sell,2400.2910868932486,0.92322437,scalp_pingpong,ETHUSDT,okx_spot,2.216007226513635,-1.0904082029345559,-3.9853371726004663,13.153784709228148,10011.783183183554
2024-11-05 19:54:00+00:00,order,buy,2411.0786112369374,0.93712169,scalp_pingpong,ETHUSDT,okx_spot,1.8075792503081696,0.0,-1.8075792503081696,11.346205458919979,10009.975603933246
2024-11-05 21:48:00+00:00,order,sell,2418.6803184474225,0.93712169,scalp_pingpong,ETHUSDT,okx_spot,2.2665977875931866,-2.0338524912864986,6.890979411668271,18.23718487058825,10014.832730853628
2024-11-06 01:24:00+00:00,order,buy,2478.8936158878737,1.20767337,scalp_pingpong,ETHUSDT,okx_spot,2.3949550455766353,0.0,-2.3949550455766353,15.842229825011616,10012.437775808052
2024-11-06 01:36:00+00:00,order,sell,2479.11,1.20767337,scalp_pingpong,ETHUSDT,okx_spot,2.9939551283007,-0.0,-2.73263379839451,13.109596026617107,10009.705142009658
2024-11-06 07:42:00+00:00,order,buy,2601.388577760104,1.0449431,scalp_pingpong,ETHUSDT,okx_spot,2.1746424357993877,0.0,-2.1746424357993877,10.934953590817718,10007.530499573859
2024-11-06 07:45:00+00:00,order,sell,2597.951339321466,1.0449431,scalp_pingpong,ETHUSDT,okx_spot,2.714711326159725,-125.54086354872473,119.23443363305554,130.16938722387326,10001.224069658188
2024-11-07 01:51:00+00:00,order,buy,2810.9687090924594,0.906983,scalp_pingpong,ETHUSDT,okx_spot,2.039600666143045,0.0,-2.039600666143045,128.1297865577302,9999.184468992045
2024-11-07 01:54:00+00:00,order,sell,2808.8114450698276,0.16273027,scalp_pingpong,ETHUSDT,okx_spot,0.45707864483530325,-53.86395452660323,53.05582372490377,181.18561028263397,9996.77078855217
2024-11-07 03:33:00+00:00,order,sell,2863.78,0.74425272,scalp_pingpong,ETHUSDT,okx_spot,2.1313760544816,-0.0,37.17357085016686,218.35918113280084,10035.549909568625
2024-11-07 11:57:00+00:00,order,buy,2792.5886073914303,0.80555943,scalp_pingpong,ETHUSDT,okx_spot,1.7996768694357874,0.0,-1.7996768694357874,216.55950426336506,10033.750231987275
2024-11-07 13:42:00+00:00,order,sell,2814.20116238853,0.80555943,scalp_pingpong,ETHUSDT,okx_spot,2.2670062842790415,-6.525967756041791,21.66915877226933,238.22866303563438,10048.893423403428
2024-11-07 13:57:00+00:00,order,buy,2805.198908532834,0.72196595,scalp_pingpong,ETHUSDT,okx_spot,1.6202064759502965,0.0,-1.6202064759502965,236.6084565596841,10047.273216837455
2024-11-07 14:18:00+00:00,order,sell,2809.8111288895684,0.72196595,scalp_pingpong,ETHUSDT,okx_spot,2.0285879609893294,-4.094361956329792,5.395640172902487,242.0040967325866,10048.574494974047
2024-11-07 16:09:00+00:00,order,buy,2830.516357909799,0.67739683,scalp_pingpong,ETHUSDT,okx_spot,1.5339062464889945,0.0,-1.5339062464889945,240.4701904860976,10047.040588934611
2024-11-07 16:18:00+00:00,order,sell,2833.2113396696313,0.67739683,scalp_pingpong,ETHUSDT,okx_spot,1.9192083802122613,-1.9450363900614203,1.8514003640417749,242.3215908501394,10046.946952682367
2024-11-08 14:36:00+00:00,order,buy,2927.668611699475,0.6657718,scalp_pingpong,ETHUSDT,okx_spot,1.5593273611317287,0.0,-1.5593273611317287,240.76226348900767,10045.387626265809
2024-11-08 14:45:00+00:00,order,sell,2921.8413904641843,0.66577181,scalp_pingpong,ETHUSDT,okx_spot,1.9452796310622567,-1.4256774052568524,-4.3992008833726475,236.363062605635,10039.562747005655
2024-11-08 15:03:00+00:00,order,buy,2908.6986288058524,0.64615504,scalp_pingpong,ETHUSDT,okx_spot,1.5035762230751928,0.0,-1.5035762230751928,234.85948638255982,10038.05917078258
2024-11-08 16:33:00+00:00,order,sell,2913.4214044364235,0.64615504,scalp_pingpong,ETHUSDT,okx_spot,1.8825219241204734,-1.4676794244733276,2.6368027768355278,237.49628915939536,10039.228294134942
2024-11-09 17:12:00+00:00,order,buy,3002.5786010785087,0.69737456,scalp_pingpong,ETHUSDT,okx_spot,1.6751375446340324,0.0,-1.6751375446340324,235.82115161476133,10037.553156590307
2024-11-09 17:24:00+00:00,order,sell,3012.361309777429,0.69737456,scalp_pingpong,ETHUSDT,okx_spot,2.1007441429670584,-1.2143451398584217,5.9358131714092215,241.75696478617056,10042.27462462186
2024-11-10 03:03:00+00:00,order,buy,3123.205804739535,0.66741693,scalp_pingpong,ETHUSDT,okx_spot,1.667584343965952,0.0,-1.667584343965952,240.0893804422046,10040.607040277893
2024-11-10 04:39:00+00:00,order,sell,3171.2,0.66741693,scalp_pingpong,ETHUSDT,okx_spot,2.1165125684159998,-0.0,29.91562589014407,270.00500633234867,10070.522666168037
2024-11-10 05:57:00+00:00,order,buy,3174.379999999,0.67429808,scalp_pingpong,ETHUSDT,okx_spot,1.7123826713517807,0.0,-1.7123826713517807,268.29262366099687,10068.810283496685
2024-11-10 06:03:00+00:00,order,sell,3175.9,0.67429808,scalp_pingpong,ETHUSDT,okx_spot,2.141503272272,-0.0,-1.1165701899977125,267.17605347099914,10067.693713306688
2024-11-10 12:12:00+00:00,order,buy,3194.598598009033,0.71877357,scalp_pingpong,ETHUSDT,okx_spot,1.836954431206358,0.0,-1.836954431206358,265.33909903979276,10065.856758875481
2024-11-10 12:15:00+00:00,order,sell,3205.5814232736384,0.67429808,scalp_pingpong,ETHUSDT,okx_spot,2.161517398997082,-24.080144147481757,29.32432473738347,294.6634237771762,10071.589406000612
2024-11-10 12:21:00+00:00,order,sell,3197.0614556105184,0.04447548,scalp_pingpong,ETHUSDT,okx_spot,0.1421908428277765,-0.12326181857649832,0.09060774974643959,294.75403152692263,10071.068285421183
2024-11-10 19:48:00+00:00,order,buy,3153.749999999,0.71082901,scalp_pingpong,ETHUSDT,okx_spot,1.7934215922294312,0.0,-1.7934215922294312,292.9606099346932,10069.27486339584
2024-11-10 20:09:00+00:00,order,sell,3157.81137037311,0.71082901,scalp_pingpong,ETHUSDT,okx_spot,2.244663930169061,-10.521243448961023,11.16351899257792,304.1241289272711,10069.917139388555
2024-11-10 20:15:00+00:00,order,buy,3147.4852652407817,0.74336153,scalp_pingpong,ETHUSDT,okx_spot,1.871775569937475,0.0,-1.871775569937475,302.2523533573336,10068.045363715359
2024-11-10 20:42:00+00:00,order,sell,3145.23,0.74336154,scalp_pingpong,ETHUSDT,okx_spot,2.3380430164542,-0.0,-4.014520521598051,298.23783283573556,10064.030843256407
2024-11-11 02:00:00+00:00,order,buy,3194.246279943628,0.69724461,scalp_pingpong,ETHUSDT,okx_spot,1.781736801362597,0.0,-1.781736801362597,296.456096034373,10062.249106455045
2024-11-11 03:06:00+00:00,order,sell,3196.5412981878526,0.69724461,scalp_pingpong,ETHUSDT,okx_spot,2.2287711908038834,-1.8416309248829223,1.2130488347162764,297.6691448690893,10061.620524364878
2024-11-11 05:42:00+00:00,order,buy,3130.2588976658585,0.62465529,scalp_pingpong,ETHUSDT,okx_spot,1.5642662235972378,0.0,-1.5642662235972378,296.104878645492,10060.056258141281
2024-11-11 05:51:00+00:00,order,sell,3124.61,0.62465529,scalp_pingpong,ETHUSDT,okx_spot,1.9518041656869,-0.0,-5.4804179753339834,290.62446067015804,10054.575840165946
2024-11-11 12:24:00+00:00,order,buy,3155.8344717046275,0.7145361,scalp_pingpong,ETHUSDT,okx_spot,1.803966124525908,0.0,-1.803966124525908,288.82049454563213,10052.77187404142
2024-11-11 12:27:00+00:00,order,sell,3174.8113679033813,0.62465529,scalp_pingpong,ETHUSDT,okx_spot,1.9831627157129834,-36.237107840983235,46.10796372360271,334.92845826923485,10064.34838872567
2024-11-11 13:12:00+00:00,order,sell,3155.16,0.08988081,scalp_pingpong,ETHUSDT,okx_spot,0.2835883364796,-0.0,-0.3442103996136193,334.5842478696212,10062.298519524426
2024-11-11 15:45:00+00:00,order,buy,3222.8925619181427,0.90911199,scalp_pingpong,ETHUSDT,okx_spot,2.343976216417281,0.0,-2.343976216417281,332.24027165320393,10059.954543308007
2024-11-11 16:27:00+00:00,order,sell,3295.811429842262,0.90911199,scalp_pingpong,ETHUSDT,okx_spot,2.9962616876486443,-18.729006880744148,82.0241623201387,414.26443397334265,10123.249698747402
2024-11-11 19:15:00+00:00,order,buy,3305.808174662898,0.7517317,scalp_pingpong,ETHUSDT,okx_spot,1.98806463921059,0.0,-1.98806463921059,412.2763693341321,10121.261634108192
2024-11-11 19:24:00+00:00,order,sell,3309.49,0.7517317,scalp_pingpong,ETHUSDT,okx_spot,2.487848543833,-0.0,0.27989627592946986,412.55626561006153,10121.541530384122
2024-11-11 21:06:00+00:00,order,buy,3327.330869190301,0.60600553,scalp_pingpong,ETHUSDT,okx_spot,1.6131047254952233,0.0,-1.6131047254952233,410.9431608845663,10119.928425658627
2024-11-11 21:48:00+00:00,order,sell,3325.8513482741955,0.60600553,scalp_pingpong,ETHUSDT,okx_spot,2.0154843090121184,-2.079416029518395,-0.8326661364044399,410.11049474816184,10117.016343492704
2024-11-12 00:21:00+00:00,order,buy,3270.449999999,0.92803893,scalp_pingpong,ETHUSDT,okx_spot,2.4280839348940577,0.0,-2.4280839348940577,407.6824108132678,10114.58825955781
2024-11-12 06:48:00+00:00,order,sell,3390.361448611526,0.92803893,scalp_pingpong,ETHUSDT,okx_spot,3.146387411082691,-9.420939507390687,117.55704456142693,525.2394553746947,10222.724364611846
2024-11-12 07:06:00+00:00,order,buy,3350.199999999,0.66205458,scalp_pingpong,ETHUSDT,okx_spot,1.7744122031322702,0.0,-1.7744122031322702,523.4650431715625,10220.949952408715
2024-11-12 09:12:00+00:00,order,sell,3402.5,0.66205458,scalp_pingpong,ETHUSDT,okx_spot,2.2526407084499995,-0.0,32.37281382621214,555.8378569977746,10253.322766234925
2024-11-12 09:54:00+00:00,order,buy,3359.7386360414907,0.70308935,scalp_pingpong,ETHUSDT,okx_spot,1.8897571630274386,0.0,-1.8897571630274386,553.9480998347472,10251.433009071898
2024-11-12 10:06:00+00:00,order,sell,3354.8014543864024,0.70308935,scalp_pingpong,ETHUSDT,okx_spot,2.35872517394359,-0.41584528009027505,-5.414159734561322,548.5339401001859,10245.603004057246
2024-11-12 10:39:00+00:00,order,buy,3273.838567391756,0.72730795,scalp_pingpong,ETHUSDT,okx_spot,1.9048710536645082,0.0,-1.9048710536645082,546.6290690465214,10243.698133003581
2024-11-12 10:48:00+00:00,order,sell,3269.99,0.72730795,scalp_pingpong,ETHUSDT,okx_spot,2.3782897234204996,-0.0,-5.177383383555599,541.4516856629658,10238.520749620026
2024-11-12 22:15:00+00:00,order,buy,3262.5199509231584,0.65793283,scalp_pingpong,ETHUSDT,okx_spot,1.717215187393868,0.0,-1.717215187393868,539.7344704755719,10236.803534432633
2024-11-12 22:18:00+00:00,order,sell,3263.630999279906,0.65793283,scalp_pingpong,ETHUSDT,okx_spot,2.1472499794319564,-30.81165188795644,29.39539709814629,569.1298675737182,10235.387279642822
2024-11-13 02:21:00+00:00,order,buy,3217.828627249627,0.79071976,scalp_pingpong,ETHUSDT,okx_spot,2.0355205438879636,0.0,-2.0355205438879636,567.0943470298303,10233.351759098934
2024-11-13 02:24:00+00:00,order,sell,3220.2014518382557,0.06937512,scalp_pingpong,ETHUSDT,okx_spot,0.2234018621454532,-0.23597612945319765,0.1771892578827907,567.271536287713,10235.004596526032
2024-11-13 02:33:00+00:00,order,sell,3217.23,0.72134464,scalp_pingpong,ETHUSDT,okx_spot,2.3207316161472,-0.0,-2.752548174023659,564.5189881136894,10230.54042405334
2024-11-13 14:00:00+00:00,order,buy,3200.872949323289,0.72279803,scalp_pingpong,ETHUSDT,okx_spot,1.8508677296409304,0.0,-1.8508677296409304,562.6681203840484,10228.689556323701
2024-11-13 14:12:00+00:00,order,sell,3227.21,0.72279803,scalp_pingpong,ETHUSDT,okx_spot,2.3326210303962998,-0.0,16.703747314740607,579.371867698789,10245.39330363844
2024-11-13 15:06:00+00:00,order,buy,3273.798577436746,0.91202494,scalp_pingpong,ETHUSDT,okx_spot,2.3886287609270673,0.0,-2.3886287609270673,576.9832389378619,10243.004674877513
2024-11-13 16:42:00+00:00,order,sell,3273.16,0.91202494,scalp_pingpong,ETHUSDT,okx_spot,2.9852035526104,-0.0,-3.5676021010443573,573.4156368368175,10239.437072776469
2024-11-13 19:09:00+00:00,order,buy,3237.2012747286285,0.90933247,scalp_pingpong,ETHUSDT,okx_spot,2.354953784828906,0.0,-2.354953784828906,571.0606830519886,10237.082118991639
2024-11-13 19:21:00+00:00,order,sell,3212.781394089136,0.90933247,scalp_pingpong,ETHUSDT,okx_spot,2.9214864406571173,-22.35265980311763,-2.7746170165543305,568.2860660354343,10211.954842171966
2024-11-13 19:33:00+00:00,order,buy,3167.0685913428356,0.95629195,scalp_pingpong,ETHUSDT,okx_spot,2.422913759199195,0.0,-2.422913759199195,565.863152276235,10209.531928412767
2024-11-13 19:39:00+00:00,order,sell,3182.07,0.95629195,scalp_pingpong,ETHUSDT,okx_spot,3.0429879253365004,-0.0,11.302738412170289,577.1658906884053,10220.834666824936
2024-11-13 20:00:00+00:00,order,buy,3135.7785782516667,0.92901188,scalp_pingpong,ETHUSDT,okx_spot,2.3305404417962468,0.0,-2.3305404417962468,574.835350246609,10218.504126383139
2024-11-13 20:12:00+00:00,order,sell,3176.411247431594,0.92901188,scalp_pingpong,ETHUSDT,okx_spot,2.95092378462957,-4.850600892370163,39.64790949200281,614.4832597386118,10253.301434982772
2024-11-14 14:42:00+00:00,order,buy,3133.318573705921,0.93838587,scalp_pingpong,ETHUSDT,okx_spot,2.352209500619352,0.0,-2.352209500619352,612.1310502379924,10250.949225482153
2024-11-14 14:54:00+00:00,order,sell,3129.76,0.93838587,scalp_pingpong,ETHUSDT,okx_spot,2.9369225604912,-0.0,-6.276237843480987,605.8548123945114,10244.672987638673
2024-11-14 15:39:00+00:00,order,buy,3076.1986862819786,0.74940365,scalp_pingpong,ETHUSDT,okx_spot,1.8442516188999358,0.0,-1.8442516188999358,604.0105607756115,10242.828736019774
2024-11-14 15:51:00+00:00,order,sell,3084.011388494064,0.74940365,scalp_pingpong,ETHUSDT,okx_spot,2.3111693911790194,-8.761569211019287,12.305267373940037,616.3158281495515,10246.372434182693
2024-11-14 23:27:00+00:00,order,buy,3058.401664804055,0.62328564,scalp_pingpong,ETHUSDT,okx_spot,1.5250062712195689,0.0,-1.5250062712195689,614.7908218783319,10244.847427911474
2024-11-14 23:33:00+00:00,order,sell,3051.16,0.62328564,scalp_pingpong,ETHUSDT,okx_spot,1.9017442133423998,-0.0,-6.415369895403447,608.3754519829284,10238.432058016071
2024-11-14 23:39:00+00:00,order,buy,3039.9085805009504,0.91919432,scalp_pingpong,ETHUSDT,okx_spot,2.2354133604125894,0.0,-2.2354133604125894,606.1400386225158,10236.196644655658
2024-11-14 23:42:00+00:00,order,sell,3053.6413690729823,0.62328564,scalp_pingpong,ETHUSDT,okx_spot,1.90329081505313,-3.9836485631300063,10.639807662180528,616.7798462846963,10246.916455093777
2024-11-15 01:27:00+00:00,order,sell,3047.751429089545,0.29590868,scalp_pingpong,ETHUSDT,okx_spot,0.9018561023500008,-2.2907560632008357,3.70966693414175,620.489513218838,10244.27171462565
2024-11-15 12:21:00+00:00,order,buy,3105.588677361652,0.60912829,scalp_pingpong,ETHUSDT,okx_spot,1.513361536387732,0.0,-1.513361536387732,618.9761516824503,10242.758353089263
2024-11-15 13:21:00+00:00,order,sell,3106.49,0.60912829,scalp_pingpong,ETHUSDT,okx_spot,1.8922509416020998,-0.0,-1.343229824167082,617.6329218582832,10241.415123265095
2024-11-16 04:12:00+00:00,order,buy,3142.9887889558686,0.67978416,scalp_pingpong,ETHUSDT,okx_spot,1.709243195031826,0.0,-1.709243195031826,615.9236786632514,10239.705880070063
2024-11-16 04:21:00+00:00,order,sell,3141.02,0.67978416,scalp_pingpong,ETHUSDT,okx_spot,2.1352156422432,-0.0,-3.4735671888256303,612.4501114744257,10236.232312881237
2024-11-16 11:45:00+00:00,order,buy,3146.819999999,0.63810989,scalp_pingpong,ETHUSDT,okx_spot,1.6064135712393297,0.0,-1.6064135712393297,610.8436979031864,10234.625899309998
2024-11-16 11:54:00+00:00,order,sell,3186.041379525481,0.63810989,scalp_pingpong,ETHUSDT,okx_spot,2.0330445142244526,-4.588890397952867,27.58339605901921,638.4270939622056,10257.620404971065
2024-11-16 20:30:00+00:00,order,buy,3145.209999999,0.62536643,scalp_pingpong,ETHUSDT,okx_spot,1.5735269994397398,0.0,-1.5735269994397398,636.8535669627659,10256.046877971625
2024-11-16 21:00:00+00:00,order,sell,3151.6711282402403,0.62536643,scalp_pingpong,ETHUSDT,okx_spot,1.9709493220016714,-1.170140787671114,3.239764167665995,640.0933311304318,10258.11650135162
2024-11-16 23:00:00+00:00,order,buy,3133.189999999,0.63132402,scalp_pingpong,ETHUSDT,okx_spot,1.582446484978535,0.0,-1.582446484978535,638.5108846454533,10256.53405486664
2024-11-16 23:21:00+00:00,order,sell,3134.700252025148,0.63132402,scalp_pingpong,ETHUSDT,okx_spot,1.9790115646035298,-2.0519621745297383,1.0264089902870797,639.5372936357404,10255.508501682398
2024-11-17 01:36:00+00:00,order,buy,3115.559005738683,0.74224652,scalp_pingpong,ETHUSDT,okx_spot,1.850010263891358,0.0,-1.850010263891358,637.687283371849,10253.658491418506
2024-11-17 02:09:00+00:00,order,sell,3051.13,0.74224652,scalp_pingpong,ETHUSDT,okx_spot,2.2646906245676,-0.0,-50.086895921165016,587.600387450684,10203.57159549734
2024-11-17 11:12:00+00:00,order,buy,3110.719999999,0.58642296,scalp_pingpong,ETHUSDT,okx_spot,1.459358104104491,0.0,-1.459358104104491,586.1410293465796,10202.112237393238
2024-11-17 11:15:00+00:00,order,sell,3111.531222475648,0.58642296,scalp_pingpong,ETHUSDT,okx_spot,1.8246733496165883,-37.49660095018798,36.147647086546044,622.2886764331256,10200.763283529594
2024-11-18 11:18:00+00:00,order,buy,3088.4222152898474,0.69286244,scalp_pingpong,ETHUSDT,okx_spot,1.7118814014687433,0.0,-1.7118814014687433,620.5767950316568,10199.051402128125
2024-11-18 11:18:00+00:00,order,sell,3092.191399453966,0.15582356,scalp_pingpong,ETHUSDT,okx_spot,0.481836272064299,-6.949948843899002,7.055440266583227,627.6322352982401,10201.181091992821
2024-11-18 11:33:00+00:00,order,sell,3085.281359287847,0.53703888,scalp_pingpong,ETHUSDT,okx_spot,1.656916045676823,-1.4292534112229842,-1.9144244240094284,625.7178108742306,10195.813215715576
2024-11-18 19:15:00+00:00,order,buy,3124.64860380389,0.79295569,scalp_pingpong,ETHUSDT,okx_spot,1.9821663117094803,0.0,-1.9821663117094803,623.7356445625211,10193.831049403867
2024-11-18 20:27:00+00:00,order,sell,3180.21,0.79295569,scalp_pingpong,ETHUSDT,okx_spot,2.5217656148949,-0.0,41.53595964315478,665.2716042056759,10235.36700904702
2024-11-19 13:21:00+00:00,order,buy,3110.3486292087637,0.72428151,scalp_pingpong,ETHUSDT,okx_spot,1.8022144014318027,0.0,-1.8022144014318027,663.4693898042441,10233.56479464559
2024-11-19 13:36:00+00:00,order,sell,3106.001247972814,0.72428151,scalp_pingpong,ETHUSDT,okx_spot,2.2496192739436336,-0.5151437557340961,-4.883203364328951,658.5861864399151,10228.166447525526
2024-11-19 21:15:00+00:00,order,buy,3081.308867817676,0.61602032,scalp_pingpong,ETHUSDT,okx_spot,1.5185190998175058,0.0,-1.5185190998175058,657.0676673400976,10226.64792842571
2024-11-19 21:39:00+00:00,order,sell,3085.5812954175512,0.61602032,scalp_pingpong,ETHUSDT,okx_spot,1.9007807769891343,-1.8303783539343736,2.56149979419723,659.6291671342948,10227.379049865971
2024-11-20 14:30:00+00:00,order,buy,3122.358618448245,0.70816581,scalp_pingpong,ETHUSDT,okx_spot,1.7689180961151059,0.0,-1.7689180961151059,657.8602490381796,10225.610131769856
2024-11-20 16:09:00+00:00,order,sell,3118.67,0.70816581,scalp_pingpong,ETHUSDT,okx_spot,2.2085354666727004,-0.0,-4.82068893785511,653.0395601003245,10220.789442832001
2024-11-20 18:27:00+00:00,order,buy,3055.6989714548713,0.6481556,scalp_pingpong,ETHUSDT,okx_spot,1.5844547202101722,0.0,-1.5844547202101722,651.4551053801143,10219.204988111791
2024-11-20 18:39:00+00:00,order,sell,3044.4613599214576,0.6481556,scalp_pingpong,ETHUSDT,okx_spot,1.9732846794167085,-1.679604444708402,-7.577401080714952,643.8777042993994,10209.947982586367
2024-11-20 18:45:00+00:00,order,buy,3045.1170016689907,0.78733664,scalp_pingpong,ETHUSDT,okx_spot,1.91802575080075,0.0,-1.91802575080075,641.9596785485986,10208.029956835568
2024-11-20 18:48:00+00:00,order,sell,3044.65,0.6481556,scalp_pingpong,ETHUSDT,okx_spot,1.9734069475400002,-0.0,-2.276096694505598,639.6835818540931,10205.68886236309
2024-11-20 20:03:00+00:00,order,sell,3051.83,0.13918104,scalp_pingpong,ETHUSDT,okx_spot,0.4247568733032,-0.0,0.5095652159248897,640.193147070018,10206.263425356985
2024-11-21 02:24:00+00:00,order,buy,3045.248613762608,0.70474103,scalp_pingpong,ETHUSDT,okx_spot,1.7168893157353062,0.0,-1.7168893157353062,638.4762577542826,10204.546536041249
2024-11-21 03:39:00+00:00,order,sell,3084.67,0.70474103,scalp_pingpong,ETHUSDT,okx_spot,2.1738935130101,-0.0,25.60797482795745,664.0842325822401,10230.154510869206
2024-11-21 13:33:00+00:00,order,buy,3336.5886016511167,0.66083358,scalp_pingpong,ETHUSDT,okx_spot,1.7639438324930412,0.0,-1.7639438324930412,662.3202887497471,10228.390567036713
2024-11-21 13:36:00+00:00,order,sell,3334.3013390714186,0.66083358,scalp_pingpong,ETHUSDT,okx_spot,2.2034182906973596,-166.89440553235946,163.17948732272018,825.4997760724673,10224.675648827075
2024-11-21 14:39:00+00:00,order,buy,3313.6384009639587,0.92246609,scalp_pingpong,ETHUSDT,okx_spot,2.4453752475288604,0.0,-2.4453752475288604,823.0544008249384,10222.230273579547
2024-11-21 14:42:00+00:00,order,sell,3340.741462048041,0.04390745,scalp_pingpong,ETHUSDT,okx_spot,0.14668343870780126,-11.37165467030125,12.41499753098977,835.4693983559282,10247.085244926104
2024-11-21 15:12:00+00:00,order,sell,3320.381428484141,0.87855864,scalp_pingpong,ETHUSDT,okx_spot,2.917149792090284,-18.28406030548403,21.29105560100771,856.7604539569359,10226.280611735758
2024-11-21 15:36:00+00:00,order,buy,3264.9886084271184,0.94687783,scalp_pingpong,ETHUSDT,okx_spot,2.473236262817752,0.0,-2.473236262817752,854.2872176941181,10223.807375472941
2024-11-21 19:27:00+00:00,order,sell,3347.7410590643544,0.94687783,scalp_pingpong,ETHUSDT,okx_spot,3.1699017894087578,-2.7753548464578057,77.96191394361729,932.2491316377354,10298.993934570099
2024-11-22 09:30:00+00:00,order,buy,3356.988603166681,0.66474003,scalp_pingpong,ETHUSDT,okx_spot,1.7852197638229423,0.0,-1.7852197638229423,930.4639118739125,10297.208714806276
2024-11-22 09:48:00+00:00,order,sell,3361.1110661420907,0.66474003,scalp_pingpong,ETHUSDT,okx_spot,2.234265070940626,-1.4033101706253888,1.9094112616324534,932.373323135545,10297.714815897283
2024-11-22 18:27:00+00:00,order,buy,3284.388637819133,0.54910977,scalp_pingpong,ETHUSDT,okx_spot,1.442791911602782,0.0,-1.442791911602782,930.9305312239422,10296.27202398568
2024-11-22 18:51:00+00:00,order,sell,3274.07,0.54910977,scalp_pingpong,ETHUSDT,okx_spot,1.7978238246639002,-0.0,-7.463888664241089,923.4666425597012,10288.808135321438
2024-11-23 00:42:00+00:00,order,buy,3342.2550989096185,0.69201885,scalp_pingpong,ETHUSDT,okx_spot,1.850322823963256,0.0,-1.850322823963256,921.616319735738,10286.957812497476
2024-11-23 00:45:00+00:00,order,sell,3349.8713070219105,0.54910977,scalp_pingpong,ETHUSDT,okx_spot,1.8394470629284008,-42.68851121830062,45.03119844018505,966.6475181759231,10290.388925013778
2024-11-23 00:57:00+00:00,order,sell,3345.59,0.14290908,scalp_pingpong,ETHUSDT,okx_spot,0.4781151889572,-0.0,-0.001527542239737889,966.6459906336834,10289.298972177121
2024-11-23 04:48:00+00:00,order,buy,3335.398616539871,0.66617126,scalp_pingpong,ETHUSDT,okx_spot,1.7775573591860983,0.0,-1.7775573591860983,964.8684332744973,10287.521414817935
2024-11-23 05:33:00+00:00,order,sell,3339.1112629420045,0.66617126,scalp_pingpong,ETHUSDT,okx_spot,2.2244199573142667,-3.5915044270665692,3.8403428013960084,968.7087760758933,10287.770253192264
2024-11-23 08:42:00+00:00,order,buy,3379.0687848867233,0.59049644,scalp_pingpong,ETHUSDT,okx_spot,1.5962624703925887,0.0,-1.5962624703925887,967.1125136055007,10286.173990721873
2024-11-23 12:36:00+00:00,order,sell,3392.211413574997,0.59049644,scalp_pingpong,ETHUSDT,okx_spot,2.0030887634434036,-2.9651268398034256,8.722713529027578,975.8352271345283,10291.931577411096
2024-11-23 16:21:00+00:00,order,buy,3384.1885504483216,0.74859472,scalp_pingpong,ETHUSDT,okx_spot,2.026708544280054,0.0,-2.026708544280054,973.8085185902482,10289.904868866815
2024-11-23 16:30:00+00:00,order,sell,3412.211392563172,0.74859472,scalp_pingpong,ETHUSDT,okx_spot,2.5543634319966384,-8.377817382237849,26.801205596811805,1000.60972418706,10308.32825708139
2024-11-24 05:36:00+00:00,order,buy,3401.4955753183326,0.55548675,scalp_pingpong,ETHUSDT,okx_spot,1.5115885778183689,0.0,-1.5115885778183689,999.0981356092417,10306.81666850357
2024-11-24 06:51:00+00:00,order,sell,3427.15,0.55548675,scalp_pingpong,ETHUSDT,okx_spot,1.9037364152625003,-0.0,12.346956574276788,1011.4450921835185,10319.163625077847
2024-11-24 12:36:00+00:00,order,buy,3311.3985779320606,0.61278377,scalp_pingpong,ETHUSDT,okx_spot,1.6233370436462775,0.0,-1.6233370436462775,1009.8217551398722,10317.5402880342
2024-11-24 12:45:00+00:00,order,sell,3296.611403791603,0.61278377,scalp_pingpong,ETHUSDT,okx_spot,2.020109964240411,-0.8403739856110075,-10.241076296065424,999.5806788438067,10306.458837752523
2024-11-24 12:48:00+00:00,order,buy,3290.5237258121765,0.65483355,scalp_pingpong,ETHUSDT,okx_spot,1.7237962661862511,0.0,-1.7237962661862511,997.8568825776205,10304.735041486338
2024-11-24 12:51:00+00:00,order,sell,3315.0813923589526,0.61278377,scalp_pingpong,ETHUSDT,okx_spot,2.031428073466568,-11.202540530568054,24.21965194603777,1022.0765345236582,10318.784797377411
2024-11-24 14:06:00+00:00,order,sell,3305.22,0.04204978,scalp_pingpong,ETHUSDT,okx_spot,0.13898377385160002,-0.0,0.47899132256609467,1022.5555258462243,10318.231144224372
2024-11-25 14:30:00+00:00,order,buy,3492.9450371587177,0.75662588,scalp_pingpong,ETHUSDT,okx_spot,2.114282090025478,0.0,-2.114282090025478,1020.4412437561989,10316.116862134346
2024-11-25 14:42:00+00:00,order,sell,3490.39,0.75662588,scalp_pingpong,ETHUSDT,okx_spot,2.6409194052931997,-0.0,-4.574126643940783,1015.8671171122581,10311.542735490406
2024-11-25 14:57:00+00:00,order,buy,3405.7776079657046,0.906034,scalp_pingpong,ETHUSDT,okx_spot,2.4686002474044795,0.0,-2.4686002474044795,1013.3985168648537,10309.074135243001
2024-11-25 15:09:00+00:00,order,sell,3400.6,0.906034,scalp_pingpong,ETHUSDT,okx_spot,3.0810592204000002,-0.0,-7.772148075999333,1005.6263687888544,10301.301987167
2024-11-25 21:15:00+00:00,order,buy,3473.778797210927,0.67891758,scalp_pingpong,ETHUSDT,okx_spot,1.886727595566203,0.0,-1.886727595566203,1003.7396411932882,10299.415259571435
2024-11-25 21:18:00+00:00,order,sell,3475.0006700983117,0.67891758,scalp_pingpong,ETHUSDT,okx_spot,2.359239045441524,-76.71814148152417,75.18845341985332,1078.9280946131416,10297.885571509763
2024-11-25 22:39:00+00:00,order,buy,3366.659999999,0.54587734,scalp_pingpong,ETHUSDT,okx_spot,1.4702267243870832,0.0,-1.4702267243870832,1077.4578678887547,10296.415344785377
2024-11-25 22:42:00+00:00,order,sell,3397.121386847985,0.22711642,scalp_pingpong,ETHUSDT,okx_spot,0.7715420476863495,-7.97664364634942,14.12338272803958,1091.5812506167943,10312.271983563525
2024-11-25 22:51:00+00:00,order,sell,3426.351401023094,0.31876092,scalp_pingpong,ETHUSDT,okx_spot,1.0921869248334104,-0.673032132610386,18.608131114306165,1110.1893817311004,10320.497182848763
2024-11-26 18:33:00+00:00,order,buy,3256.5785797397493,0.69441677,scalp_pingpong,ETHUSDT,okx_spot,1.8091382228752515,0.0,-1.8091382228752515,1108.3802435082252,10318.688044625887
2024-11-27 00:33:00+00:00,order,sell,3323.8012621733596,0.69441677,scalp_pingpong,ETHUSDT,okx_spot,2.3081033366003476,-2.098015119747447,46.47046978943059,1154.8507132976558,10363.06049929557
2024-11-28 14:24:00+00:00,order,buy,3550.188565963875,0.61666209,scalp_pingpong,ETHUSDT,okx_spot,1.751413360785109,0.0,-1.751413360785109,1153.0992999368707,10361.309085934787
2024-11-28 15:18:00+00:00,order,sell,3548.96,0.61666209,scalp_pingpong,ETHUSDT,okx_spot,2.1885090909264004,-0.0,-2.946119145912517,1150.1531807909582,10358.362966788873
2024-11-28 23:45:00+00:00,order,buy,3578.710860199825,0.61170372,scalp_pingpong,ETHUSDT,okx_spot,1.7512885967909064,0.0,-1.7512885967909064,1148.4018921941674,10356.611678192083
2024-11-29 00:00:00+00:00,order,sell,3581.8006179580843,0.61170372,scalp_pingpong,ETHUSDT,okx_spot,2.191000762303259,-2.0679365808589445,1.7669521331815674,1150.168844327349,10356.310693744404
2024-11-29 17:15:00+00:00,order,buy,3582.2367923844513,0.52537446,scalp_pingpong,ETHUSDT,okx_spot,1.5056125763128905,0.0,-1.5056125763128905,1148.6632317510362,10354.805081168091
2024-11-29 17:39:00+00:00,order,sell,3584.540011531016,0.52537446,scalp_pingpong,ETHUSDT,okx_spot,1.8832257729065012,-0.488604305901136,-0.18456895161732256,1148.4786627994188,10354.131907910572
2024-12-02 08:27:00+00:00,order,buy,3617.5185724997013,0.69930783,scalp_pingpong,ETHUSDT,okx_spot,2.023807250335571,0.0,-2.023807250335571,1146.4548555490833,10352.108100660236
2024-12-02 08:39:00+00:00,order,sell,3608.0,0.69930783,scalp_pingpong,ETHUSDT,okx_spot,2.52310265064,-0.0,-9.179514930103894,1137.2753406189793,10342.928585730133
2024-12-03 01:27:00+00:00,order,buy,3631.799223900251,0.60908581,scalp_pingpong,ETHUSDT,okx_spot,1.7696618976373244,0.0,-1.7696618976373244,1135.5056787213418,10341.158923832496
2024-12-03 01:39:00+00:00,order,sell,3633.201158915179,0.60908581,scalp_pingpong,ETHUSDT,okx_spot,2.2129312707707904,-1.7305095791903802,0.37147703255434106,1135.8771557538962,10339.79989128586
2024-12-03 07:00:00+00:00,order,buy,3631.948641991968,0.6522652,scalp_pingpong,ETHUSDT,okx_spot,1.8951949658868956,0.0,-1.8951949658868956,1133.9819607880092,10337.904696319973
2024-12-03 08:12:00+00:00,order,sell,3629.41,0.6522652,scalp_pingpong,ETHUSDT,okx_spot,2.367337839532,-0.0,-4.02320566615167,1129.9587551218576,10333.881490653821
2024-12-03 11:00:00+00:00,order,buy,3593.636211178455,0.55935245,scalp_pingpong,ETHUSDT,okx_spot,1.608087375305109,0.0,-1.608087375305109,1128.3506677465525,10332.273403278517
2024-12-03 13:15:00+00:00,order,sell,3596.251353197786,0.55935245,scalp_pingpong,ETHUSDT,okx_spot,2.0115720052269968,-1.9528969649968686,1.4041110553805534,1129.754778801933,10331.7246173689
2024-12-03 13:36:00+00:00,order,buy,3570.648582305293,0.59031139,scalp_pingpong,ETHUSDT,okx_spot,1.6862356222577335,0.0,-1.6862356222577335,1128.0685431796753,10330.038381746643
2024-12-03 13:48:00+00:00,order,sell,3571.86,0.59031139,scalp_pingpong,ETHUSDT,okx_spot,2.1085096414854,-0.0,-1.393395978252331,1126.675147201423,10328.644985768391
2024-12-03 23:36:00+00:00,order,buy,3616.2640536688373,0.5874542,scalp_pingpong,ETHUSDT,okx_spot,1.6995116053094272,0.0,-1.6995116053094272,1124.9756355961135,10326.945474163082
2024-12-03 23:48:00+00:00,order,sell,3623.801228925222,0.5874542,scalp_pingpong,ETHUSDT,okx_spot,2.128817251897283,-3.478450801283056,5.777378809885024,1130.7530144059986,10329.244402171684
2024-12-04 20:36:00+00:00,order,buy,3866.6586484686277,0.5595166,scalp_pingpong,ETHUSDT,okx_spot,1.7307677602814096,0.0,-1.7307677602814096,1129.0222466457171,10327.513634411403
2024-12-04 20:42:00+00:00,order,sell,3865.2113055058912,0.5595166,scalp_pingpong,ETHUSDT,okx_spot,2.1626498879382177,-1.3547606242175627,-1.6177016772649053,1127.4045449684522,10324.541172109919
2024-12-05 03:18:00+00:00,order,buy,3869.7726929257146,0.80000681,scalp_pingpong,ETHUSDT,okx_spot,2.4766756059940884,0.0,-2.4766756059940884,1124.927869362458,10322.064496503926
2024-12-05 04:27:00+00:00,order,sell,3864.41,0.80000681,scalp_pingpong,ETHUSDT,okx_spot,3.0915543166321,-0.0,-7.3817451771427205,1117.5461241853154,10314.682751326784
2024-12-05 05:45:00+00:00,order,buy,3834.7685881604357,0.57549487,scalp_pingpong,ETHUSDT,okx_spot,1.7655117200987789,0.0,-1.7655117200987789,1115.7806124652166,10312.917239606686
2024-12-05 06:15:00+00:00,order,sell,3834.84,0.57549487,scalp_pingpong,ETHUSDT,okx_spot,2.2069307472708,-0.0,-2.1658335999442184,1113.6147788652725,10310.75140600674
2024-12-05 15:27:00+00:00,order,buy,3873.24113194104,0.57178073,scalp_pingpong,ETHUSDT,okx_spot,1.7717157135098192,0.0,-1.7717157135098192,1111.8430631517626,10308.979690293232
2024-12-05 15:30:00+00:00,order,sell,3889.011416382586,0.57178073,scalp_pingpong,ETHUSDT,okx_spot,2.2236617866375687,-31.71748695336903,38.51096991702631,1150.354033068789,10315.773173256888
2024-12-05 22:30:00+00:00,order,buy,3746.049999999,0.79429522,scalp_pingpong,ETHUSDT,okx_spot,2.3803756871041646,0.0,-2.3803756871041646,1147.973657381685,10313.392797569784
2024-12-05 22:51:00+00:00,order,sell,3821.22,0.79429522,scalp_pingpong,ETHUSDT,okx_spot,3.0351767805684,-0.0,56.67199490762557,1204.6456522893104,10370.06479247741
2024-12-09 00:39:00+00:00,order,buy,3959.0785832286247,0.56299749,scalp_pingpong,ETHUSDT,okx_spot,1.7831610440563774,0.0,-1.7831610440563774,1202.862491245254,10368.281631433354
2024-12-09 01:18:00+00:00,order,sell,3960.21,0.56299749,scalp_pingpong,ETHUSDT,okx_spot,2.2295882898729,-0.0,-1.5926034874446127,1201.2698877578093,10366.689027945908
2024-12-09 15:21:00+00:00,order,buy,3861.8085934407068,0.52529642,scalp_pingpong,ETHUSDT,okx_spot,1.622875383087711,0.0,-1.622875383087711,1199.6470123747217,10365.066152562822
2024-12-09 16:57:00+00:00,order,sell,3855.54,0.52529642,scalp_pingpong,ETHUSDT,okx_spot,2.0253013591668,-0.0,-5.318171052005649,1194.328841322716,10359.747981510816
2024-12-09 21:06:00+00:00,order,buy,3600.359999999,0.83701973,scalp_pingpong,ETHUSDT,okx_spot,2.41085788408157,0.0,-2.41085788408157,1191.9179834386343,10357.337123626736
2024-12-09 21:18:00+00:00,order,sell,3718.8,0.83701973,scalp_pingpong,ETHUSDT,okx_spot,3.112708971924,-0.0,96.02390785011302,1287.9418912887475,10453.361031476848
2024-12-10 03:21:00+00:00,order,buy,3643.7785791055476,0.63856281,scalp_pingpong,ETHUSDT,okx_spot,1.861425190793157,0.0,-1.861425190793157,1286.0804660979543,10451.499606286055
2024-12-10 03:33:00+00:00,order,sell,3658.8614313630105,0.63856281,scalp_pingpong,ETHUSDT,okx_spot,2.3364128370117867,-7.580654569886271,14.875590253214936,1300.9560563511693,10458.794541969384
2024-12-10 12:57:00+00:00,order,buy,3668.959999999,0.55780115,scalp_pingpong,ETHUSDT,okx_spot,1.6372400858427536,0.0,-1.6372400858427536,1299.3188162653266,10457.157301883542
2024-12-10 13:06:00+00:00,order,sell,3696.641371447823,0.55780115,scalp_pingpong,ETHUSDT,okx_spot,2.061990808131173,-2.884596940672988,16.263306960272367,1315.582123225599,10470.536011903141
2024-12-10 14:39:00+00:00,order,buy,3682.0632575779964,0.6694945,scalp_pingpong,ETHUSDT,okx_spot,1.9720968796804417,0.0,-1.9720968796804417,1313.6100263459184,10468.56391502346
2024-12-10 14:48:00+00:00,order,sell,3717.65,0.6694945,scalp_pingpong,ETHUSDT,okx_spot,2.488946227925,-0.0,21.33618209652309,1334.9462084424415,10489.900097119982
2024-12-10 14:57:00+00:00,order,buy,3660.479999999,0.52069265,scalp_pingpong,ETHUSDT,okx_spot,1.5247880251771835,0.0,-1.5247880251771835,1333.4214204172642,10488.375309094807
2024-12-10 15:06:00+00:00,order,sell,3685.061422667704,0.52069265,scalp_pingpong,ETHUSDT,okx_spot,1.9187843975816168,-9.75331410711687,20.63389581967275,1354.055316236937,10499.25589080736
2024-12-10 15:30:00+00:00,order,buy,3603.979999999,0.5711731,scalp_pingpong,ETHUSDT,okx_spot,1.646797143149943,0.0,-1.646797143149943,1352.408519093787,10497.60909366421
2024-12-10 15:39:00+00:00,order,sell,3603.43,0.5711731,scalp_pingpong,ETHUSDT,okx_spot,2.058182283733,-0.0,-2.3723274881619965,1350.036191605625,10495.236766176047
2024-12-12 11:18:00+00:00,order,buy,3917.1186733901973,0.56635445,scalp_pingpong,ETHUSDT,okx_spot,1.7747820734821078,0.0,-1.7747820734821078,1348.2614095321428,10493.461984102567
2024-12-12 11:36:00+00:00,order,sell,3905.0,0.56635445,scalp_pingpong,ETHUSDT,okx_spot,2.21161412725,-0.0,-9.075078729884849,1339.186330802258,10484.386905372681
2024-12-13 15:45:00+00:00,order,buy,3920.4085893153956,0.55856415,scalp_pingpong,ETHUSDT,okx_spot,1.7518397530749226,0.0,-1.7518397530749226,1337.4344910491832,10482.635065619608
2024-12-13 16:57:00+00:00,order,sell,3912.2013700959174,0.55856415,scalp_pingpong,ETHUSDT,okx_spot,2.1852154329164617,-0.25211915396149576,-6.517354706146537,1330.9171363430366,10475.865591759499
2024-12-13 17:03:00+00:00,order,buy,3913.12871405423,0.48199267,scalp_pingpong,ETHUSDT,okx_spot,1.508879485552532,0.0,-1.508879485552532,1329.408256857484,10474.356712273946
2024-12-13 17:06:00+00:00,order,sell,3912.39,0.48199267,scalp_pingpong,ETHUSDT,okx_spot,1.8857433021813,-0.0,-2.241798061546252,1327.1664587959378,10472.1149142124
2024-12-16 00:03:00+00:00,order,buy,3956.7530627475903,0.49318843,scalp_pingpong,ETHUSDT,okx_spot,1.5611398647313406,0.0,-1.5611398647313406,1325.6053189312065,10470.553774347669
2024-12-16 00:15:00+00:00,order,sell,3965.801370248495,0.49318843,scalp_pingpong,ETHUSDT,okx_spot,1.955887351484704,-3.9461832307038716,6.452816449747508,1332.0581353809541,10473.06040756671
2024-12-16 15:00:00+00:00,order,buy,3925.298639014478,0.56282711,scalp_pingpong,ETHUSDT,okx_spot,1.7674115911067614,0.0,-1.7674115911067614,1330.2907237898473,10471.292995975604
2024-12-16 15:33:00+00:00,order,sell,3927.101328948371,0.56282711,scalp_pingpong,ETHUSDT,okx_spot,2.210279091649171,-1.4528419119708824,0.2571655860407305,1330.547889375888,10470.097319649674
2024-12-16 19:09:00+00:00,order,buy,4064.4685981431035,0.52987126,scalp_pingpong,ETHUSDT,okx_spot,1.7229160778628156,0.0,-1.7229160778628156,1328.824973298025,10468.374403571812
2024-12-16 20:24:00+00:00,order,sell,4063.0313792093616,0.52987126,scalp_pingpong,ETHUSDT,okx_spot,2.152883556321202,-0.6312776028021592,-2.283146960836689,1326.5418263371882,10465.459979008172
2024-12-17 14:39:00+00:00,order,buy,3981.60858125414,0.55107411,scalp_pingpong,ETHUSDT,okx_spot,1.7553291242263902,0.0,-1.7553291242263902,1324.7864972129619,10463.704649883946
2024-12-17 14:48:00+00:00,order,sell,4018.991363495528,0.55107411,scalp_pingpong,ETHUSDT,okx_spot,2.2147620887359847,-5.412299147284442,23.798220511544923,1348.5847177245068,10482.090571248207
2024-12-17 22:51:00+00:00,order,buy,3873.6583290359554,0.4877465,scalp_pingpong,ETHUSDT,okx_spot,1.5114906337465086,0.0,-1.5114906337465086,1347.0732270907604,10480.579080614461
2024-12-17 23:03:00+00:00,order,sell,3871.1913191712174,0.4877465,scalp_pingpong,ETHUSDT,okx_spot,1.8881600167561445,-0.9761364211441615,-2.1152990226034505,1344.957928068157,10477.487645170713
2024-12-18 19:09:00+00:00,order,buy,3853.809999999,0.54903274,scalp_pingpong,ETHUSDT,okx_spot,1.692694290991081,0.0,-1.692694290991081,1343.2652337771658,10475.794950879723
2024-12-18 19:18:00+00:00,order,sell,3847.56,0.54903274,scalp_pingpong,ETHUSDT,okx_spot,2.1124364091144003,-0.0,-5.543891033565307,1337.7213427436004,10470.251059846158
2024-12-18 19:51:00+00:00,order,buy,3804.977524504159,0.61668142,scalp_pingpong,ETHUSDT,okx_spot,1.8771671543034478,0.0,-1.8771671543034478,1335.844175589297,10468.373892691854
2024-12-18 19:57:00+00:00,order,sell,3805.84,0.61668142,scalp_pingpong,ETHUSDT,okx_spot,2.3469908154928003,-0.0,-1.8151182020024503,1334.0290573872946,10466.558774489851
2024-12-18 20:03:00+00:00,order,buy,3762.0025506448305,0.78221458,scalp_pingpong,ETHUSDT,okx_spot,2.35415459608926,0.0,-2.35415459608926,1331.6749027912053,10464.204619893762
2024-12-18 20:09:00+00:00,order,sell,3724.8314616829903,0.78221458,scalp_pingpong,ETHUSDT,okx_spot,2.9136174773711465,-33.40952806154641,1.4201428437467172,1333.0950456349522,10432.215234675961
2024-12-18 20:15:00+00:00,order,buy,3679.048552300183,0.84017389,scalp_pingpong,ETHUSDT,okx_spot,2.4728324269479307,0.0,-2.4728324269479307,1330.6222132080043,10429.742402249012
2024-12-18 20:18:00+00:00,order,sell,3716.011451937814,0.78221458,scalp_pingpong,ETHUSDT,okx_spot,2.906718337152727,-26.510387843127408,52.516588521606266,1383.1388017296106,10457.890947086089
2024-12-18 20:39:00+00:00,order,sell,3690.78,0.05795931,scalp_pingpong,ETHUSDT,okx_spot,0.21391506216180003,-0.0,0.4660315518207654,1383.6048332814314,10456.214634479313
2024-12-19 14:42:00+00:00,order,buy,3667.8285887194734,0.50547156,scalp_pingpong,ETHUSDT,okx_spot,1.4831864308421046,0.0,-1.4831864308421046,1382.1216468505893,10454.731448048471
2024-12-19 15:18:00+00:00,order,sell,3589.58138759446,0.50547156,scalp_pingpong,ETHUSDT,okx_spot,1.8144313037343367,3.952086209663697,-45.31825233169237,1336.803394518897,10413.365281926443
2024-12-19 15:21:00+00:00,order,buy,3585.30859008659,0.60693809,scalp_pingpong,ETHUSDT,okx_spot,1.7408482781821983,0.0,-1.7408482781821983,1335.0625462407147,10411.62443364826
2024-12-19 15:24:00+00:00,order,sell,3589.77,0.50547156,scalp_pingpong,ETHUSDT,okx_spot,1.8145266419412,-0.0,0.44058918678962256,1335.5031354275043,10412.517706617871
2024-12-19 15:48:00+00:00,order,sell,3615.8014581374073,0.10146653,scalp_pingpong,ETHUSDT,okx_spot,0.36688282712614295,-1.7260936274429837,4.453216311181076,1339.9563517386853,10414.792145518788
2024-12-19 17:24:00+00:00,order,buy,3554.3885601083416,0.52350806,scalp_pingpong,ETHUSDT,okx_spot,1.4886008476708092,0.0,-1.4886008476708092,1338.4677508910145,10413.303544671118
2024-12-19 17:45:00+00:00,order,sell,3518.44,0.52350806,scalp_pingpong,ETHUSDT,okx_spot,1.8419316986264003,-0.0,-20.661292660737605,1317.8064582302768,10392.64225201038
2024-12-19 17:57:00+00:00,order,buy,3458.9928757261123,0.89297879,scalp_pingpong,ETHUSDT,okx_spot,2.4710458182276196,0.0,-2.4710458182276196,1315.3354124120492,10390.171206192153
2024-12-19 18:12:00+00:00,order,sell,3453.8614204501882,0.89297879,scalp_pingpong,ETHUSDT,okx_spot,3.0842249920612903,-1.617560041790182,-6.048945673504789,1309.2864667385445,10382.504700476858
2024-12-19 20:06:00+00:00,order,buy,3385.1886272519623,0.91407357,scalp_pingpong,ETHUSDT,okx_spot,2.4754491629084807,0.0,-2.4754491629084807,1306.811017575636,10380.02925131395
2024-12-19 20:27:00+00:00,order,sell,3370.6114262564615,0.91407357,scalp_pingpong,ETHUSDT,okx_spot,3.0809868194810357,-0.4583404883354075,-15.947280485710676,1290.8637370899253,10363.623630339904
2024-12-20 00:15:00+00:00,order,buy,3393.7986807582624,0.71737391,scalp_pingpong,ETHUSDT,okx_spot,1.9476981034947172,0.0,-1.9476981034947172,1288.9160389864305,10361.675932236409
2024-12-20 00:30:00+00:00,order,sell,3411.2413671070544,0.71737391,scalp_pingpong,ETHUSDT,okx_spot,2.447135557475333,-4.05414331843292,14.119935867894029,1303.0359748543246,10371.74172478587
2024-12-20 02:00:00+00:00,order,buy,3382.964988264907,0.83140147,scalp_pingpong,ETHUSDT,okx_spot,2.250081651361581,0.0,-2.250081651361581,1300.785893202963,10369.491643134508
2024-12-20 05:36:00+00:00,order,sell,3384.2513356273207,0.83140147,scalp_pingpong,ETHUSDT,okx_spot,2.813671535290018,-5.130857512417874,3.3866570651692385,1304.1725502681322,10367.747442687261
2024-12-20 10:00:00+00:00,order,buy,3263.3685691630117,0.57880158,scalp_pingpong,ETHUSDT,okx_spot,1.5110743071631125,0.0,-1.5110743071631125,1302.661475960969,10366.236368380098
2024-12-20 10:15:00+00:00,order,sell,3198.821462849092,0.57880158,scalp_pingpong,ETHUSDT,okx_spot,1.8514829168349658,-39.82818341916555,0.6167333834058653,1303.278209344375,10327.024918344337
2024-12-21 10:42:00+00:00,order,buy,3459.119999999,0.62690506,scalp_pingpong,ETHUSDT,okx_spot,1.7348318649172587,0.0,-1.7348318649172587,1301.5433774794578,10325.290086479421
2024-12-21 11:24:00+00:00,order,sell,3445.99,0.62690506,scalp_pingpong,ETHUSDT,okx_spot,2.1603085677094,-0.0,-10.391572004882484,1291.1518054745754,10314.898514474538
2024-12-21 22:00:00+00:00,order,buy,3309.718658543228,0.69882884,scalp_pingpong,ETHUSDT,okx_spot,1.8503414807008962,0.0,-1.8503414807008962,1289.3014639938744,10313.048172993836
2024-12-21 22:09:00+00:00,order,sell,3303.07,0.69882884,scalp_pingpong,ETHUSDT,okx_spot,2.3082805765388,-0.0,-6.954554913858738,1282.3469090800156,10306.093618079978
2024-12-21 23:12:00+00:00,order,buy,3311.153994912498,0.60708211,scalp_pingpong,ETHUSDT,okx_spot,1.608113883013127,0.0,-1.608113883013127,1280.7387951970024,10304.485504196964
2024-12-21 23:15:00+00:00,order,sell,3325.3009539717964,0.60708211,scalp_pingpong,ETHUSDT,okx_spot,2.0187307195222113,-16.045759306511098,22.61539434279133,1303.3541895397939,10311.055139233244
2024-12-22 13:57:00+00:00,order,buy,3371.189267474969,0.64110595,scalp_pingpong,ETHUSDT,okx_spot,1.7290315983634752,0.0,-1.7290315983634752,1301.6251579414304,10309.326107634879
2024-12-22 14:00:00+00:00,order,sell,3376.371433108902,0.09174673,scalp_pingpong,ETHUSDT,okx_spot,0.3097710382531555,-7.110503058055483,7.2761787710339565,1308.9013367124644,10312.338653818428
2024-12-22 14:06:00+00:00,order,sell,3359.89,0.54935922,scalp_pingpong,ETHUSDT,okx_spot,1.8457865496858001,-0.0,-8.05314331630605,1300.8481933961584,10301.438640031552
2024-12-22 14:09:00+00:00,order,buy,3352.929999999,0.6440975,scalp_pingpong,ETHUSDT,okx_spot,1.727691064539485,0.0,-1.727691064539485,1299.120502331619,10299.710948967013
2024-12-22 14:12:00+00:00,order,sell,3357.811311417366,0.54935922,scalp_pingpong,ETHUSDT,okx_spot,1.8446446029474215,-2.681593432821448,3.518542263244862,1302.639044594864,10301.010344845357
2024-12-22 14:21:00+00:00,order,sell,3341.0,0.09473828,scalp_pingpong,ETHUSDT,okx_spot,0.31652059348,-0.0,-1.4467482737853246,1301.1922963210786,10299.10114952365
2024-12-22 19:48:00+00:00,order,buy,3256.8386116488214,0.71347044,scalp_pingpong,ETHUSDT,okx_spot,1.858926461809659,0.0,-1.858926461809659,1299.333369859269,10297.242223061841
2024-12-22 22:06:00+00:00,order,sell,3257.91,0.71347044,scalp_pingpong,ETHUSDT,okx_spot,2.3244224811804,-0.0,-1.560018562854148,1297.7733512964148,10295.682204498988
2024-12-23 13:42:00+00:00,order,buy,3309.630565606099,0.61173169,scalp_pingpong,ETHUSDT,okx_spot,1.6196847193391002,0.0,-1.6196847193391002,1296.1536665770757,10294.062519779649
2024-12-23 14:09:00+00:00,order,sell,3348.1914003171587,0.61173169,scalp_pingpong,ETHUSDT,okx_spot,2.0481947837594823,-2.019571195382103,23.560260997229896,1319.7139275743057,10315.603209581495
2024-12-23 21:54:00+00:00,order,buy,3427.0766086267804,0.61015182,scalp_pingpong,ETHUSDT,okx_spot,1.6728296240264464,0.0,-1.6728296240264464,1318.0410979502792,10313.93037995747
2024-12-23 23:27:00+00:00,order,sell,3428.21,0.61015182,scalp_pingpong,ETHUSDT,okx_spot,2.0917285708422,-0.0,-1.400187761699975,1316.6409101885793,10312.530192195769
2024-12-25 10:33:00+00:00,order,buy,3531.098707965934,0.60726604,scalp_pingpong,ETHUSDT,okx_spot,1.7154530633884713,0.0,-1.7154530633884713,1314.9254571251909,10310.81473913238
2024-12-25 10:45:00+00:00,order,sell,3527.68,0.60726604,scalp_pingpong,ETHUSDT,okx_spot,2.1422402639872,-0.0,-4.21830551237654,1310.7071516128144,10306.596433620005
2024-12-25 19:00:00+00:00,order,buy,3469.4410182105044,0.58453757,scalp_pingpong,ETHUSDT,okx_spot,1.622414897634475,0.0,-1.622414897634475,1309.08473671518,10304.974018722372
2024-12-25 19:12:00+00:00,order,sell,3471.0296073723653,0.58453757,scalp_pingpong,ETHUSDT,okx_spot,2.0289472120914964,-1.5254135520964331,0.4250563884075482,1309.5097931035875,10303.873661558682
2024-12-25 21:12:00+00:00,order,buy,3461.698824976265,0.62793383,scalp_pingpong,ETHUSDT,okx_spot,1.7389742411790765,0.0,-1.7389742411790765,1307.7708188624085,10302.134687317503
2024-12-25 21:45:00+00:00,order,sell,3463.8205589693093,0.62793383,scalp_pingpong,ETHUSDT,okx_spot,2.1750501100263397,-1.0050451237393867,0.16230356620676112,1307.9331224286152,10301.291945759971
2024-12-26 00:30:00+00:00,order,buy,3482.6086413205153,0.62912125,scalp_pingpong,ETHUSDT,okx_spot,1.7527864813506913,0.0,-1.7527864813506913,1306.1803359472644,10299.539159278622
2024-12-26 00:39:00+00:00,order,sell,3480.061326801067,0.62912125,scalp_pingpong,ETHUSDT,okx_spot,2.1893805319937454,-0.019708356245662455,-3.7722418703666065,1302.408094076898,10295.747209052008
2024-12-26 08:12:00+00:00,order,buy,3384.798556570078,0.61030995,scalp_pingpong,ETHUSDT,okx_spot,1.6526209902562854,0.0,-1.6526209902562854,1300.7554730866416,10294.094588061753
2024-12-26 14:42:00+00:00,order,sell,3355.2,0.61030995,scalp_pingpong,ETHUSDT,okx_spot,2.04771194424,-0.0,-20.112005524596434,1280.643467562045,10273.982582537155
2024-12-26 17:27:00+00:00,order,buy,3329.7986372700534,0.54596517,scalp_pingpong,ETHUSDT,okx_spot,1.4543632632503305,0.0,-1.4543632632503305,1279.1891042987947,10272.528219273907
2024-12-26 17:42:00+00:00,order,sell,3337.8112304721494,0.54596517,scalp_pingpong,ETHUSDT,okx_spot,1.8223286758726362,-0.8632967635362275,3.415564897386835,1282.6046691961815,10275.080487407757
2024-12-26 23:09:00+00:00,order,buy,3314.313895018195,0.64515554,scalp_pingpong,ETHUSDT,okx_spot,1.7105983765359736,0.0,-1.7105983765359736,1280.8940708196455,10273.36988903122
2024-12-27 00:21:00+00:00,order,sell,3325.2112892502605,0.64515554,scalp_pingpong,ETHUSDT,okx_spot,2.145278484930348,-3.007256583347895,7.892492358798643,1288.786563178444,10278.255124806672
2024-12-27 07:42:00+00:00,order,buy,3319.999999999,0.69454525,scalp_pingpong,ETHUSDT,okx_spot,1.8447121839994445,0.0,-1.8447121839994445,1286.9418509944446,10276.410412622674
2024-12-27 07:54:00+00:00,order,sell,3329.8,0.69454525,scalp_pingpong,ETHUSDT,okx_spot,2.31269677345,-0.0,4.493846677244562,1291.4356976716892,10280.904259299918
2024-12-27 14:39:00+00:00,order,buy,3351.5385759510164,0.65764337,scalp_pingpong,ETHUSDT,okx_spot,1.7632936990187418,0.0,-1.7632936990187418,1289.6724039726705,10279.140965600898
2024-12-27 14:42:00+00:00,order,sell,3343.41,0.65764337,scalp_pingpong,ETHUSDT,okx_spot,2.1987714196916994,-10.134284331699904,2.589808830280715,1292.2622128029511,10271.596490099479
2024-12-27 15:24:00+00:00,order,buy,3325.2786167568283,0.56610981,scalp_pingpong,ETHUSDT,okx_spot,1.5059782767434169,0.0,-1.5059782767434169,1290.7562345262077,10270.090511822735
2024-12-27 15:27:00+00:00,order,sell,3328.0,0.03690188,scalp_pingpong,ETHUSDT,okx_spot,0.12280945664,-0.0,-0.022385298766523634,1290.7338492274412,10271.508304116824
2024-12-27 16:42:00+00:00,order,sell,3319.42,0.52920793,scalp_pingpong,ETHUSDT,okx_spot,1.7566633870006,-0.0,-4.857089833544961,1285.8767593938962,10265.211036690423
2024-12-28 14:30:00+00:00,order,buy,3375.638650100298,0.53728467,scalp_pingpong,ETHUSDT,okx_spot,1.4509431185267074,0.0,-1.4509431185267074,1284.4258162753695,10263.760093571898
2024-12-28 14:42:00+00:00,order,sell,3371.580960679522,0.53728467,scalp_pingpong,ETHUSDT,okx_spot,1.8114987638369802,-2.155027685079824,-1.8366054001613952,1282.589210875208,10259.768460486657
2024-12-28 14:48:00+00:00,order,buy,3368.5187734803803,0.63912938,scalp_pingpong,ETHUSDT,okx_spot,1.722335452170301,0.0,-1.722335452170301,1280.8668754230378,10258.046125034487
2024-12-28 15:51:00+00:00,order,sell,3369.8,0.63912938,scalp_pingpong,ETHUSDT,okx_spot,2.153738184724,-0.0,-1.3348686735998512,1279.5320067494379,10256.711256360888
2024-12-29 14:39:00+00:00,order,buy,3357.5487426226696,0.74830366,scalp_pingpong,ETHUSDT,okx_spot,2.0099728101863534,0.0,-2.0099728101863534,1277.5220339392515,10254.701283550703
2024-12-29 16:12:00+00:00,order,sell,3364.27,0.74830366,scalp_pingpong,ETHUSDT,okx_spot,2.5174955542282,-0.0,2.5120459410301996,1280.0340798802818,10257.213329491733
2024-12-29 23:03:00+00:00,order,buy,3340.4888526708373,0.61282599,scalp_pingpong,ETHUSDT,okx_spot,1.6377107105775763,0.0,-1.6377107105775763,1278.3963691697043,10255.575618781157
2024-12-30 01:48:00+00:00,order,sell,3416.8011928860137,0.61282599,scalp_pingpong,ETHUSDT,okx_spot,2.0939045736635524,-2.9422957835523174,47.61457665147113,1326.0109458211755,10300.247899649075
2024-12-30 13:21:00+00:00,order,buy,3373.608598407472,0.63833783,scalp_pingpong,ETHUSDT,okx_spot,1.722801593581414,0.0,-1.722801593581414,1324.288144227594,10298.525098055494
2024-12-30 15:03:00+00:00,order,sell,3325.101344464523,0.63833783,scalp_pingpong,ETHUSDT,okx_spot,2.1225379767555665,-3.7223677714662684,-29.364185426490252,1294.923958801104,10265.438544857538
2024-12-30 21:45:00+00:00,order,buy,3328.409999999,0.7547134,scalp_pingpong,ETHUSDT,okx_spot,2.0095965021545963,0.0,-2.0095965021545963,1292.9143622989493,10263.428948355384
2024-12-30 21:51:00+00:00,order,sell,3323.8,0.7547134,scalp_pingpong,ETHUSDT,okx_spot,2.50851639892,-0.0,-5.98774517216504,1286.9266171267843,10257.441203183218
2024-12-31 08:42:00+00:00,order,buy,3388.298693365752,0.68103092,scalp_pingpong,ETHUSDT,okx_spot,1.8460289411021409,0.0,-1.8460289411021409,1285.0805881856822,10255.595174242117
2024-12-31 08:45:00+00:00,order,sell,3387.341185339168,0.68103092,scalp_pingpong,ETHUSDT,okx_spot,2.306884083805424,-50.31537162222412,47.35639496616687,1332.436983151849,10252.636197586058
2024-12-31 14:54:00+00:00,order,buy,3421.64213718011,0.63911536,scalp_pingpong,ETHUSDT,okx_spot,1.7494592370360282,0.0,-1.7494592370360282,1330.687523914813,10250.886738349023
2024-12-31 14:57:00+00:00,order,sell,3427.141413226255,0.07368248,scalp_pingpong,ETHUSDT,okx_spot,0.2525202786372152,-8.376328456415253,8.529008475062675,1339.2165323898757,10254.148889860357
2024-12-31 15:06:00+00:00,order,sell,3421.55,0.56543288,scalp_pingpong,ETHUSDT,okx_spot,1.9346568705640002,-0.0,-1.9867542616685532,1337.2297781282073,10249.052664106
2024-12-31 17:36:00+00:00,order,buy,3344.9885867903263,0.67581742,scalp_pingpong,ETHUSDT,okx_spot,1.8084812453232677,0.0,-1.8084812453232677,1335.421296882884,10247.244182860677
2024-12-31 20:39:00+00:00,order,sell,3348.2410221381047,0.67581742,scalp_pingpong,ETHUSDT,okx_spot,2.262799609119537,-1.6226525867366726,1.5579054430694281,1336.9792023259533,10247.17943571701
2025-01-02 14:39:00+00:00,order,buy,3464.5245602695168,0.62325305,scalp_pingpong,ETHUSDT,okx_spot,1.727420399190308,0.0,-1.727420399190308,1335.251781926763,10245.45201531782
2025-01-02 15:21:00+00:00,order,sell,3472.95,0.62325305,scalp_pingpong,ETHUSDT,okx_spot,2.1645266799974996,-0.0,3.0866543296173115,1338.3384362563802,10248.538669647436
2025-01-04 15:30:00+00:00,order,buy,3617.698572510044,0.6331615,scalp_pingpong,ETHUSDT,okx_spot,1.8324699637746549,0.0,-1.8324699637746549,1336.5059662926055,10246.706199683662
2025-01-04 16:21:00+00:00,order,sell,3626.821337521631,0.6331615,scalp_pingpong,ETHUSDT,okx_spot,2.296363638297202,-6.3831147872023015,9.862934727789101,1346.3689010203946,10250.186019624247
2025-01-06 00:42:00+00:00,order,buy,3631.951408909508,0.63402686,scalp_pingpong,ETHUSDT,okx_spot,1.842203797970777,0.0,-1.842203797970777,1344.5266972224238,10248.343815826276
2025-01-06 00:51:00+00:00,order,sell,3625.51,0.63402686,scalp_pingpong,ETHUSDT,okx_spot,2.2986707211986,-0.0,-6.3826969860695995,1338.1440002363543,10241.961118840207
2025-01-06 14:21:00+00:00,order,buy,3625.369999999,0.5279781,scalp_pingpong,ETHUSDT,okx_spot,1.5312927715171776,0.0,-1.5312927715171776,1336.612707464837,10240.42982606869
2025-01-06 17:06:00+00:00,order,sell,3699.681343385542,0.5279781,scalp_pingpong,ETHUSDT,okx_spot,1.953350726286146,-2.260455546145891,39.541866709533764,1376.1545741743707,10277.711237232077
2025-01-06 17:45:00+00:00,order,buy,3658.039935950159,0.59144279,scalp_pingpong,ETHUSDT,okx_spot,1.7308170765198265,0.0,-1.7308170765198265,1374.423757097851,10275.980420155558
2025-01-06 17:51:00+00:00,order,sell,3669.3112060586895,0.59144279,scalp_pingpong,ETHUSDT,okx_spot,2.1701876570896164,-3.1649322412162295,7.661056023959565,1382.0848131218106,10280.4765439383
2025-01-07 14:39:00+00:00,order,buy,3619.6229822397045,0.6490352,scalp_pingpong,ETHUSDT,okx_spot,1.8794101809620345,0.0,-1.8794101809620345,1380.2054029408487,10278.59713375734
2025-01-07 14:51:00+00:00,order,sell,3618.56,0.6490352,scalp_pingpong,ETHUSDT,okx_spot,2.3485728133120003,-0.0,-3.0384857038551556,1377.1669172369934,10275.558648053484
2025-01-07 15:03:00+00:00,order,buy,3557.588555049417,0.7334564,scalp_pingpong,ETHUSDT,okx_spot,2.087468875414198,0.0,-2.087468875414198,1375.0794483615791,10273.47117917807
2025-01-07 15:42:00+00:00,order,sell,3476.0,0.7334564,scalp_pingpong,ETHUSDT,okx_spot,2.5494944464000002,-0.0,-62.39114231414727,1312.6883060474318,10211.080036863921
2025-01-07 15:45:00+00:00,order,buy,3448.988550351353,0.88190338,scalp_pingpong,ETHUSDT,okx_spot,2.4333397281089266,0.0,-2.4333397281089266,1310.2549663193229,10208.646697135813
2025-01-07 15:48:00+00:00,order,sell,3463.1314254975255,0.7334564,scalp_pingpong,ETHUSDT,okx_spot,2.5400559080722833,-8.0250585562832,15.858184938572146,1326.113151257895,10218.579290622069
2025-01-07 17:39:00+00:00,order,sell,3460.62143899671,0.14844698,scalp_pingpong,ETHUSDT,okx_spot,0.5137188015423159,-1.6939936565158111,2.907142043052991,1329.020293300948,10217.692971904638
2025-01-08 17:09:00+00:00,order,buy,3276.4143033598584,0.79557582,scalp_pingpong,ETHUSDT,okx_spot,2.0853087968441986,0.0,-2.0853087968441986,1326.9349845041038,10215.607663107794
2025-01-08 17:39:00+00:00,order,sell,3235.811401323818,0.79557582,scalp_pingpong,ETHUSDT,okx_spot,2.5743333089735456,-5.411030435345251,-29.465989955331036,1297.4689945487728,10180.730642717117
2025-01-08 18:39:00+00:00,order,buy,3301.478642479549,0.53995225,scalp_pingpong,ETHUSDT,okx_spot,1.4261126570670226,0.0,-1.4261126570670226,1296.0428818917057,10179.30453006005
2025-01-08 19:12:00+00:00,order,sell,3300.5,0.53995225,scalp_pingpong,ETHUSDT,okx_spot,1.7821124011250002,-0.0,-2.3105326099030163,1293.7323492818027,10176.993997450147
2025-01-09 02:12:00+00:00,order,buy,3315.069999999,0.6897171,scalp_pingpong,ETHUSDT,okx_spot,1.8291683733570485,0.0,-1.8291683733570485,1291.9031809084456,10175.16482907679
2025-01-09 03:33:00+00:00,order,sell,3324.8012558644696,0.6897171,scalp_pingpong,ETHUSDT,okx_spot,2.2931722802712,-4.58748490619988,9.006126200818127,1300.9093071092636,10179.583470371408
2025-01-09 13:45:00+00:00,order,buy,3241.4785812437717,0.6801511,scalp_pingpong,ETHUSDT,okx_spot,1.7637561781275126,0.0,-1.7637561781275126,1299.145550931136,10177.819714193281
2025-01-09 14:24:00+00:00,order,sell,3237.261385240108,0.6801511,scalp_pingpong,ETHUSDT,okx_spot,2.201826892158583,-2.5583103085833643,-2.511847084382579,1296.6337038467534,10172.749556800314
2025-01-09 20:06:00+00:00,order,buy,3196.088615048961,0.78092116,scalp_pingpong,ETHUSDT,okx_spot,1.9967145829814625,0.0,-1.9967145829814625,1294.636989263772,10170.752842217333
2025-01-09 20:30:00+00:00,order,sell,3179.75,0.78092116,scalp_pingpong,ETHUSDT,okx_spot,2.48313405851,-0.0,-15.242304275338125,1279.394684988434,10155.510537941995
2025-01-10 13:36:00+00:00,order,buy,3227.6785545764465,0.80444764,scalp_pingpong,ETHUSDT,okx_spot,2.077198716726107,0.0,-2.077198716726107,1277.3174862717078,10153.43333922527
2025-01-10 14:48:00+00:00,order,sell,3249.59,0.80444764,scalp_pingpong,ETHUSDT,okx_spot,2.6141250064676003,-0.0,15.012485553498994,1292.3299718252067,10168.445824778768
2025-01-10 15:06:00+00:00,order,buy,3222.1986290553423,0.94275358,scalp_pingpong,ETHUSDT,okx_spot,2.4301914344104127,0.0,-2.4301914344104127,1289.8997803907962,10166.01563334436
2025-01-10 15:21:00+00:00,order,sell,3232.621283079656,0.94275358,scalp_pingpong,ETHUSDT,okx_spot,3.0475652874075396,-6.5533470089392605,13.331776116055098,1303.2315565068513,10172.794062451474
2025-01-13 06:54:00+00:00,order,buy,3188.9987334157317,0.69741352,scalp_pingpong,ETHUSDT,okx_spot,1.7792406655576058,0.0,-1.7792406655576058,1301.4523158412937,10171.014821785917
2025-01-13 07:06:00+00:00,order,sell,3194.6209811368863,0.69741352,scalp_pingpong,ETHUSDT,okx_spot,2.2279718635205294,-6.368069695729599,8.06112940573151,1309.5134452470252,10172.707881495917
2025-01-14 08:24:00+00:00,order,buy,3176.3796031523557,0.68549991,scalp_pingpong,ETHUSDT,okx_spot,1.7419263456694205,0.0,-1.7419263456694205,1307.7715189013556,10170.965955150248
2025-01-14 08:33:00+00:00,order,sell,3178.1607904622656,0.68549991,scalp_pingpong,ETHUSDT,okx_spot,2.1786289358274122,-0.9465317376117867,-0.011093457579192001,1307.7604254437765,10170.008329955057
2025-01-14 20:09:00+00:00,order,buy,3202.259450670394,0.64383662,scalp_pingpong,ETHUSDT,okx_spot,1.6493855208661465,0.0,-1.6493855208661465,1306.1110399229103,10168.35894443419
2025-01-15 00:36:00+00:00,order,sell,3221.301059263663,0.64383662,scalp_pingpong,ETHUSDT,okx_spot,2.0739915859987366,-0.7668475705363054,10.952540900590742,1317.063580823501,10178.544637764246
2025-01-15 00:42:00+00:00,order,buy,3221.9748928473127,0.69410659,scalp_pingpong,ETHUSDT,okx_spot,1.789115204751891,0.0,-1.789115204751891,1315.2744656187492,10176.755522559495
2025-01-15 00:45:00+00:00,order,sell,3222.8098649912226,0.64383662,scalp_pingpong,ETHUSDT,okx_spot,2.074963010378605,-0.8497774148052541,-0.6875999526442347,1314.586865666105,10175.26011921667
2025-01-15 01:39:00+00:00,order,sell,3240.9,0.05026997,scalp_pingpong,ETHUSDT,okx_spot,0.162919945773,-0.0,0.7884446230393234,1315.3753102891444,10176.006589815082
2025-01-15 09:30:00+00:00,order,buy,3220.5099999990002,0.63793064,scalp_pingpong,ETHUSDT,okx_spot,1.6435696043406098,0.0,-1.6435696043406098,1313.7317406848038,10174.363020210743
2025-01-15 09:39:00+00:00,order,sell,3215.301085482468,0.63793064,scalp_pingpong,ETHUSDT,okx_spot,2.051139079254525,-0.32603708892547767,-5.0480281615658065,1308.683712523238,10168.988954960252
2025-01-16 00:39:00+00:00,order,buy,3389.849999999,0.65331475,scalp_pingpong,ETHUSDT,okx_spot,1.7717112042294776,0.0,-1.7717112042294776,1306.9120013190086,10167.217243756022
2025-01-16 02:24:00+00:00,order,sell,3394.19,0.65331475,scalp_pingpong,ETHUSDT,okx_spot,2.2174743913025003,-0.0,0.6179116243510117,1307.5299129433597,10167.835155380373
2025-01-16 08:45:00+00:00,order,buy,3326.978585257437,0.64209054,scalp_pingpong,ETHUSDT,okx_spot,1.708977181101107,0.0,-1.708977181101107,1305.8209357622586,10166.126178199273
2025-01-16 11:06:00+00:00,order,sell,3327.0,0.64209054,scalp_pingpong,ETHUSDT,okx_spot,2.13623522658,-0.0,-2.122485022963618,1303.698450739295,10164.003693176308
2025-01-16 22:36:00+00:00,order,buy,3270.659999999,0.65141902,scalp_pingpong,ETHUSDT,okx_spot,1.7044561055620386,0.0,-1.7044561055620386,1301.9939946337329,10162.299237070747
2025-01-17 02:48:00+00:00,order,sell,3363.94,0.65141902,scalp_pingpong,ETHUSDT,okx_spot,2.1913344981388,-0.0,58.573031688112636,1360.5670263218456,10220.872268758858
2025-01-17 15:33:00+00:00,order,buy,3412.3514981374115,0.61279939,scalp_pingpong,ETHUSDT,okx_spot,1.6728695332193537,0.0,-1.6728695332193537,1358.894156788626,10219.19939922564
2025-01-17 15:48:00+00:00,order,sell,3413.4512357618432,0.61279939,scalp_pingpong,ETHUSDT,okx_spot,2.091760835069604,-2.206835078103776,0.7889927884460519,1359.683149577072,10217.781556935981
2025-01-17 21:15:00+00:00,order,buy,3506.398728586078,0.61326063,scalp_pingpong,ETHUSDT,okx_spot,1.7202690346591178,0.0,-1.7202690346591178,1357.962880542413,10216.061287901322
2025-01-17 21:27:00+00:00,order,sell,3507.02,0.61326063,scalp_pingpong,ETHUSDT,okx_spot,2.1507172946226003,-0.0,-1.7697159959197872,1356.193164546493,10214.291571905402
2025-01-18 03:42:00+00:00,order,buy,3382.96857367763,0.63487587,scalp_pingpong,ETHUSDT,okx_spot,1.7182120931169957,0.0,-1.7182120931169957,1354.474952453376,10212.573359812286
2025-01-18 03:51:00+00:00,order,sell,3384.13,0.63487587,scalp_pingpong,ETHUSDT,okx_spot,2.1485024779431003,-0.0,-1.4111409310876186,1353.0638115222885,10211.162218881198
2025-01-19 08:24:00+00:00,order,buy,3244.9014331558765,0.70038076,scalp_pingpong,ETHUSDT,okx_spot,1.818133225503042,0.0,-1.818133225503042,1351.2456782967854,10209.344085655695
2025-01-19 08:36:00+00:00,order,sell,3242.0214031057444,0.70038076,scalp_pingpong,ETHUSDT,okx_spot,2.2706494142434677,-1.4857899194675679,-2.8019771301103433,1348.443701166675,10205.056318606117
2025-01-19 09:06:00+00:00,order,buy,3178.8785431103715,0.5602249,scalp_pingpong,ETHUSDT,okx_spot,1.424709531140923,0.0,-1.424709531140923,1347.0189916355341,10203.631609074975
2025-01-19 09:15:00+00:00,order,sell,3173.04,0.5602249,scalp_pingpong,ETHUSDT,okx_spot,1.7776160166960002,-0.0,-5.048513246849651,1341.9704783886846,10198.583095828126
2025-01-19 13:18:00+00:00,order,buy,3206.544288049118,0.63631287,scalp_pingpong,ETHUSDT,okx_spot,1.632292318968513,0.0,-1.632292318968513,1340.3381860697161,10196.950803509157
2025-01-19 13:42:00+00:00,order,sell,3210.110975479369,0.63631287,scalp_pingpong,ETHUSDT,okx_spot,2.042634927825777,-2.8258498528767344,3.0527440401865404,1343.3909301099027,10197.177697696467
2025-01-19 14:30:00+00:00,order,buy,3324.7485554935,0.91402318,scalp_pingpong,ETHUSDT,okx_spot,2.4311177979140606,0.0,-2.4311177979140606,1340.9598123119886,10194.746579898554
2025-01-19 14:36:00+00:00,order,sell,3359.561410234681,0.91402318,scalp_pingpong,ETHUSDT,okx_spot,3.070717003587988,-18.034966328587565,46.78400552041166,1387.7438178324003,10223.495619090376
2025-01-19 15:30:00+00:00,order,buy,3366.1505942933436,0.90881171,scalp_pingpong,ETHUSDT,okx_spot,2.4473576621738,0.0,-2.4473576621738,1385.2964601702265,10221.048261428203
2025-01-19 15:48:00+00:00,order,sell,3376.201389785072,0.90881171,scalp_pingpong,ETHUSDT,okx_spot,3.068331358354948,-4.15453256764774,10.220481846990904,1395.5169420172174,10227.114210707545
2025-01-19 20:57:00+00:00,order,buy,3377.9966866158616,0.69438321,scalp_pingpong,ETHUSDT,okx_spot,1.876499346097349,0.0,-1.876499346097349,1393.6404426711201,10225.237711361448
2025-01-19 21:30:00+00:00,order,sell,3274.8914574135433,0.69438321,scalp_pingpong,ETHUSDT,okx_spot,2.2740296426003948,-16.54816389779455,-57.320405766097394,1336.3200369050228,10151.369141697556
2025-01-19 21:42:00+00:00,order,buy,3253.638319932433,0.92968351,scalp_pingpong,ETHUSDT,okx_spot,2.4198831148362303,0.0,-2.4198831148362303,1333.9001537901866,10148.949258582721
2025-01-19 21:54:00+00:00,order,sell,3230.2214260833357,0.92968351,scalp_pingpong,ETHUSDT,okx_spot,3.0030835934783613,-8.219728034560985,-16.553655625843817,1317.3464981643428,10124.175874922315
2025-01-20 07:30:00+00:00,order,buy,3383.6886144123787,0.89317566,scalp_pingpong,ETHUSDT,okx_spot,2.41778264912981,0.0,-2.41778264912981,1314.928715515213,10121.758092273185
2025-01-20 08:00:00+00:00,order,sell,3385.3013479424435,0.89317566,scalp_pingpong,ETHUSDT,okx_spot,3.0236687657473817,-2.2162795861814684,0.6330651555538256,1315.561780670767,10120.174877842557
2025-01-20 12:21:00+00:00,order,buy,3267.479999999,0.79661257,scalp_pingpong,ETHUSDT,okx_spot,2.0823325121782426,0.0,-2.0823325121782426,1313.4794481585886,10118.092545330379
2025-01-20 12:51:00+00:00,order,sell,3303.2212031905246,0.79661257,scalp_pingpong,ETHUSDT,okx_spot,2.631387531952096,-3.5140199103960827,29.35452410773655,1342.8339722663252,10143.933049527719
2025-01-20 15:54:00+00:00,order,buy,3330.4086298130364,0.89976179,scalp_pingpong,ETHUSDT,okx_spot,2.39725954415362,0.0,-2.39725954415362,1340.4367127221715,10141.535789983565
2025-01-20 16:12:00+00:00,order,sell,3308.601424124976,0.89976179,scalp_pingpong,ETHUSDT,okx_spot,2.9769531397672377,-3.330399996237411,-19.267843568317332,1321.168869153854,10118.93754641901
2025-01-20 16:18:00+00:00,order,buy,3309.5346589302044,0.91745963,scalp_pingpong,ETHUSDT,okx_spot,2.429091554923425,0.0,-2.429091554923425,1318.7397775989307,10116.508454864088
2025-01-20 16:21:00+00:00,order,sell,3343.1213736588456,0.89976179,scalp_pingpong,ETHUSDT,okx_spot,3.008012871350542,-30.890058216441837,58.102087909552964,1376.8418655084836,10144.314896860593
2025-01-20 16:24:00+00:00,order,sell,3346.731462430366,0.01769784,scalp_pingpong,ETHUSDT,okx_spot,0.05922991794505862,-0.0605524946586262,0.6596256535708047,1377.5014911620544,10144.319557716111
2025-01-20 17:42:00+00:00,order,buy,3232.0985428313566,0.93774909,scalp_pingpong,ETHUSDT,okx_spot,2.4247179738643445,0.0,-2.4247179738643445,1375.0767731881901,10141.894839742246
2025-01-20 17:51:00+00:00,order,sell,3309.8114329104365,0.93774909,scalp_pingpong,ETHUSDT,okx_spot,3.103772659283358,-21.02567830825795,90.79709760190185,1465.873870790092,10211.66625903589
2025-01-20 23:54:00+00:00,order,buy,3279.281674616398,0.81847285,scalp_pingpong,ETHUSDT,okx_spot,2.1472024145408453,0.0,-2.1472024145408453,1463.7266683755513,10209.51905662135
2025-01-21 00:03:00+00:00,order,sell,3279.58,0.81847285,scalp_pingpong,ETHUSDT,okx_spot,2.684247189403,-0.0,-2.4400759624590096,1461.2865924130922,10207.078980658891
2025-01-21 00:54:00+00:00,order,buy,3229.7786090157992,0.60186739,scalp_pingpong,ETHUSDT,okx_spot,1.5551187373489357,0.0,-1.5551187373489357,1459.7314736757432,10205.523861921543
2025-01-21 01:27:00+00:00,order,sell,3215.1,0.60186739,scalp_pingpong,ETHUSDT,okx_spot,1.9350638455890001,-0.0,-10.769639942758701,1448.9618337329846,10194.754221978785
2025-01-21 01:30:00+00:00,order,buy,3208.1237148881582,0.95124278,scalp_pingpong,ETHUSDT,okx_spot,2.441363616907311,0.0,-2.441363616907311,1446.5204701160774,10192.312858361878
2025-01-21 01:33:00+00:00,order,sell,3223.6613911803893,0.60186739,scalp_pingpong,ETHUSDT,okx_spot,1.94021666775351,-5.098654099409878,12.51005810832625,1459.0305282244037,10205.152744085086
2025-01-21 02:33:00+00:00,order,sell,3254.8013086153396,0.34937539,scalp_pingpong,ETHUSDT,okx_spot,1.1371474765699947,-2.362234834394653,17.533089870520225,1476.5636180949239,10214.895117406919
2025-01-21 14:36:00+00:00,order,buy,3287.11857881233,0.66045767,scalp_pingpong,ETHUSDT,okx_spot,1.7368021420608821,0.0,-1.7368021420608821,1474.826815952863,10213.158315264858
2025-01-21 15:00:00+00:00,order,sell,3289.02,0.66045767,scalp_pingpong,ETHUSDT,okx_spot,2.1722584857834,-0.0,-0.9164502784860225,1473.9103656743769,10212.241864986372
2025-01-23 01:51:00+00:00,order,buy,3221.899999999,0.59103777,scalp_pingpong,ETHUSDT,okx_spot,1.5234116729299274,0.0,-1.5234116729299274,1472.3869540014468,10210.718453313442
2025-01-23 02:06:00+00:00,order,sell,3225.2212989109084,0.59103777,scalp_pingpong,ETHUSDT,okx_spot,1.9062276042648068,-0.6036262308068633,0.6604117289398376,1473.0473657303867,10210.775238811575
2025-01-23 15:12:00+00:00,order,buy,3233.609999999,0.78700712,scalp_pingpong,ETHUSDT,okx_spot,2.03589927464193,0.0,-2.03589927464193,1471.0114664557448,10208.739339536933
2025-01-23 15:18:00+00:00,order,sell,3239.3013737221445,0.78700712,scalp_pingpong,ETHUSDT,okx_spot,2.5493532449451086,-4.849044988308715,6.778843386059176,1477.790309841804,10210.669137934683
2025-01-23 16:57:00+00:00,order,buy,3254.638836296901,0.83873014,scalp_pingpong,ETHUSDT,okx_spot,2.1838109494533895,0.0,-2.1838109494533895,1475.6064988923506,10208.48532698523
2025-01-23 18:09:00+00:00,order,sell,3253.29,0.83873014,scalp_pingpong,ETHUSDT,okx_spot,2.7286323771606,-0.0,-3.8599420332974637,1471.746556859053,10204.625384951933
2025-01-23 20:57:00+00:00,order,buy,3233.439999999,0.94678968,scalp_pingpong,ETHUSDT,okx_spot,2.4491100983186027,0.0,-2.4491100983186027,1469.2974467607344,10202.176274853615
2025-01-23 21:06:00+00:00,order,sell,3236.561339265315,0.94678968,scalp_pingpong,ETHUSDT,okx_spot,3.064342874703379,-3.371839263378955,3.2627481938013028,1472.5601949545357,10202.067183784036
2025-01-24 02:54:00+00:00,order,buy,3286.3612277564444,0.66469409,scalp_pingpong,ETHUSDT,okx_spot,1.747539908555882,0.0,-1.747539908555882,1470.81265504598,10200.31964387548
2025-01-24 03:24:00+00:00,order,sell,3288.151346225381,0.66469409,scalp_pingpong,ETHUSDT,okx_spot,2.1856147668615544,-1.090993135654464,0.09525953549488952,1470.9079145814749,10199.323910275321
2025-01-24 13:12:00+00:00,order,buy,3402.629999999,0.64794884,scalp_pingpong,ETHUSDT,okx_spot,1.7637841291588416,0.0,-1.7637841291588416,1469.144130452316,10197.560126146162
2025-01-24 13:15:00+00:00,order,sell,3403.7910268386695,0.64794884,scalp_pingpong,ETHUSDT,okx_spot,2.2054824474425248,-74.80635891692467,73.35316246345484,1542.4972929157707,10196.106929692693
2025-01-24 19:48:00+00:00,order,buy,3365.7086438960223,0.62278426,scalp_pingpong,ETHUSDT,okx_spot,1.6768882937315104,0.0,-1.6768882937315104,1540.8204046220392,10194.430041398962
2025-01-24 19:48:00+00:00,order,sell,3365.331348775897,0.62278426,scalp_pingpong,ETHUSDT,okx_spot,2.0958753937021988,-49.088695369598724,46.757846513707605,1587.5782511357468,10192.09919254307
2025-01-24 20:33:00+00:00,order,buy,3337.5986801422487,0.63604231,scalp_pingpong,ETHUSDT,okx_spot,1.6982831794965016,0.0,-1.6982831794965016,1585.8799679562503,10190.400909363572
2025-01-24 20:36:00+00:00,order,sell,3340.731458971358,0.01674525,scalp_pingpong,ETHUSDT,okx_spot,0.055941383463340134,-0.8773080783401271,0.8738258595649033,1586.7537938158152,10192.337547863295
2025-01-24 20:36:00+00:00,order,sell,3340.7314499115796,0.04190983,scalp_pingpong,ETHUSDT,okx_spot,0.14000948714144784,-2.272411748147807,2.2636961094681967,1589.0174899252834,10192.19753276546
2025-01-24 20:42:00+00:00,order,sell,3343.421142238872,0.57738722,scalp_pingpong,ETHUSDT,okx_spot,1.930448638606527,-2.7432488091269,4.174615374045257,1593.1921052993287,10191.820078129262
2025-01-26 23:15:00+00:00,order,buy,3243.6885526139563,0.67804857,scalp_pingpong,ETHUSDT,okx_spot,1.7595027077002103,0.0,-1.7595027077002103,1591.4326025916284,10190.060574424235
2025-01-26 23:33:00+00:00,order,sell,3241.18,0.67804857,scalp_pingpong,ETHUSDT,okx_spot,2.1976774641126,-0.0,-3.8985989158771432,1587.5340036757514,10186.161976422374
2025-01-27 21:27:00+00:00,order,buy,3181.1887189060403,0.92793898,scalp_pingpong,ETHUSDT,okx_spot,2.3615592120073425,0.0,-2.3615592120073425,1585.1724444637441,10183.800416610455
2025-01-28 00:27:00+00:00,order,sell,3178.59,0.92793898,scalp_pingpong,ETHUSDT,okx_spot,2.9495375624382,-0.0,-5.360990758414237,1579.8114537053298,10178.439426451052
2025-01-28 14:45:00+00:00,order,buy,3159.222356884569,0.67587272,scalp_pingpong,ETHUSDT,okx_spot,1.7081857659459074,0.0,-1.7081857659459074,1578.1032679393838,10176.73124049143
2025-01-28 15:09:00+00:00,order,sell,3180.96,0.67587272,scalp_pingpong,ETHUSDT,okx_spot,2.1499240874112,-0.0,12.54195567174127,1590.6452236111252,10189.27319660021
2025-01-29 13:21:00+00:00,order,buy,3097.659999999,0.61985184,scalp_pingpong,ETHUSDT,okx_spot,1.5360722005550242,0.0,-1.5360722005550242,1589.1091514105701,10187.737123566656
2025-01-29 13:51:00+00:00,order,sell,3100.2011379331384,0.61985185,scalp_pingpong,ETHUSDT,okx_spot,1.9216654107199609,-3.2363320069610007,2.889795030198428,1591.9989464407686,10187.390587205517
2025-01-29 14:45:00+00:00,order,buy,3090.909034605103,0.70188687,scalp_pingpong,ETHUSDT,okx_spot,1.7355747742029581,0.0,-1.7355747742029581,1590.2633716665657,10185.655012431313
2025-01-29 15:00:00+00:00,order,sell,3106.3910841613642,0.70188687,scalp_pingpong,ETHUSDT,okx_spot,2.1803351150579267,-4.240824445952834,12.927136635123897,1603.1905083016895,10194.341324620484
2025-01-29 19:06:00+00:00,order,buy,3086.0186637795023,0.73514698,scalp_pingpong,ETHUSDT,okx_spot,1.814941840720909,0.0,-1.814941840720909,1601.3755664609687,10192.526382779763
2025-01-29 19:15:00+00:00,order,sell,3089.65,0.73514698,scalp_pingpong,ETHUSDT,okx_spot,2.2713468667570003,-0.0,0.3982189891065384,1601.7737854500751,10192.92460176887
2025-01-29 19:21:00+00:00,order,buy,3063.9586154741373,0.58856374,scalp_pingpong,ETHUSDT,okx_spot,1.442667953542944,0.0,-1.442667953542944,1600.3311174965322,10191.481933815327
2025-01-29 19:36:00+00:00,order,sell,3089.221400956857,0.58856374,scalp_pingpong,ETHUSDT,okx_spot,1.8182037014352075,-7.781637195207333,20.832193000299238,1621.1633104968314,10204.532489620418
2025-01-31 18:24:00+00:00,order,buy,3349.2885999387754,0.57560437,scalp_pingpong,ETHUSDT,okx_spot,1.5422921236127527,0.0,-1.5422921236127527,1619.6210183732187,10202.990197496805
2025-01-31 21:24:00+00:00,order,sell,3293.300794843325,0.57560437,scalp_pingpong,ETHUSDT,okx_spot,1.8956383292362915,0.811144646408632,-34.9336082552945,1584.6874101179242,10168.867733887919
2025-02-01 08:30:00+00:00,order,buy,3255.228604755889,0.67933051,scalp_pingpong,ETHUSDT,okx_spot,1.7691008865883255,0.0,-1.7691008865883255,1582.9183092313358,10167.098633001331
2025-02-01 09:09:00+00:00,order,sell,3261.630518027863,0.67933051,scalp_pingpong,ETHUSDT,okx_spot,2.2157251232434323,-1.4405325933323656,3.573822478114778,1586.4921317094506,10169.231922886112
2025-02-01 14:15:00+00:00,order,buy,3242.699999999,0.5901825,scalp_pingpong,ETHUSDT,okx_spot,1.531027834199528,0.0,-1.531027834199528,1584.9611038752512,10167.700895051912
2025-02-01 14:48:00+00:00,order,sell,3244.01,0.5901825,scalp_pingpong,ETHUSDT,okx_spot,1.9145579318250003,-0.0,-1.1414188562344936,1583.8196850190168,10166.559476195678
2025-02-02 17:42:00+00:00,order,buy,2989.153947636689,0.86150143,scalp_pingpong,ETHUSDT,okx_spot,2.0601283203033223,0.0,-2.0601283203033223,1581.7595566987134,10164.499347875375
2025-02-02 18:09:00+00:00,order,sell,2975.79,0.86150143,scalp_pingpong,ETHUSDT,okx_spot,2.5636473403797,-0.0,-14.07670733983218,1567.6828493588812,10150.422640535542
2025-02-02 18:42:00+00:00,order,buy,2929.238590313096,0.94424374,scalp_pingpong,ETHUSDT,okx_spot,2.2127321614956528,0.0,-2.2127321614956528,1565.4701171973854,10148.209908374047
2025-02-02 18:54:00+00:00,order,sell,2929.3013210740337,0.94424374,scalp_pingpong,ETHUSDT,okx_spot,2.7659744349978865,-0.9360487184864441,-1.7706925881908857,1563.6994246091945,10145.503167067369
2025-02-02 21:36:00+00:00,order,buy,2913.4688083117485,1.04010216,scalp_pingpong,ETHUSDT,okx_spot,2.4242441604941405,0.0,-2.4242441604941405,1561.2751804487002,10143.078922906874
2025-02-02 22:24:00+00:00,order,sell,2907.31,1.04010216,scalp_pingpong,ETHUSDT,okx_spot,3.0238994107896002,-0.0,-9.429689238865112,1551.845491209835,10133.64923366801
2025-02-02 23:00:00+00:00,order,buy,2836.7985680842435,1.06632577,scalp_pingpong,ETHUSDT,okx_spot,2.419961133957863,0.0,-2.419961133957863,1549.425530075877,10131.229272534052
2025-02-02 23:18:00+00:00,order,sell,2842.37,1.06632577,scalp_pingpong,ETHUSDT,okx_spot,3.0308923788749,-0.0,2.9100690486965375,1552.3355991245737,10134.139341582748
2025-02-03 01:51:00+00:00,order,buy,2640.3385408801078,1.1400123,scalp_pingpong,ETHUSDT,okx_spot,2.4080147302139006,0.0,-2.4080147302139006,1549.9275843943599,10131.731326852534
2025-02-03 01:57:00+00:00,order,sell,2517.76,1.1400123,scalp_pingpong,ETHUSDT,okx_spot,2.8702773684480003,-0.0,-142.61132168782353,1407.3162627065362,9989.12000516471
2025-02-03 02:00:00+00:00,order,buy,2492.2599999990002,1.20241708,scalp_pingpong,ETHUSDT,okx_spot,2.3973887934396783,0.0,-2.3973887934396783,1404.9188739130966,9986.722616371271
2025-02-03 02:03:00+00:00,order,sell,2492.26,1.1400123,scalp_pingpong,ETHUSDT,okx_spot,2.841207054798,-0.0,-2.8412070536579486,1402.0776668594388,9983.881409317675
2025-02-03 02:09:00+00:00,order,sell,2376.1014648369437,0.06240478,scalp_pingpong,ETHUSDT,okx_spot,0.14828008917082722,-6.204374640427218,-1.1927532806539336,1400.8849135787848,9976.484281396532
2025-02-03 06:06:00+00:00,order,buy,2486.219999999,1.20381353,scalp_pingpong,ETHUSDT,okx_spot,2.3943562196443167,0.0,-2.3943562196443167,1398.4905573591404,9974.089925176888
2025-02-03 06:09:00+00:00,order,sell,2494.341452961339,0.06240478,scalp_pingpong,ETHUSDT,okx_spot,0.15565882961693273,-7.366974950732724,7.718133606511023,1406.2086909656514,9983.710981306593
2025-02-03 08:06:00+00:00,order,sell,2589.510000001,1.14140874,scalp_pingpong,ETHUSDT,okx_spot,2.3645514770548335,0.0,115.53155727982839,1521.7402482454797,10089.972642145394
2025-02-03 09:15:00+00:00,order,buy,2575.8685719026967,1.16409329,scalp_pingpong,ETHUSDT,okx_spot,2.3988410563790494,0.0,-2.3988410563790494,1519.3414071891007,10087.573800952601
2025-02-03 10:00:00+00:00,order,sell,2577.6113653386815,1.1640933,scalp_pingpong,ETHUSDT,okx_spot,3.0005801203946114,-7.696246094611342,6.7244410328163795,1526.0658482219171,10086.60199499432
2025-02-03 14:06:00+00:00,order,buy,2539.2686030654304,1.1569475,scalp_pingpong,ETHUSDT,okx_spot,2.350240369716034,0.0,-2.350240369716034,1523.7156078522012,10084.251754624604
2025-02-03 14:15:00+00:00,order,sell,2561.8113997959226,1.1569475,scalp_pingpong,ETHUSDT,okx_spot,2.963881294465393,-16.08318974039336,39.20014076627916,1562.9157486184804,10107.36870565049
2025-02-03 14:27:00+00:00,order,buy,2544.568405819607,1.1929477,scalp_pingpong,ETHUSDT,okx_spot,2.4284296217721337,0.0,-2.4284296217721337,1560.4873189967082,10104.940276028718
2025-02-03 14:36:00+00:00,order,sell,2622.811453344531,1.1929477,scalp_pingpong,ETHUSDT,okx_spot,3.128876890801015,-24.2305015510155,114.44148824606316,1674.9288072427712,10195.151262723764
2025-02-03 16:12:00+00:00,order,buy,2689.8990374060477,1.13692119,scalp_pingpong,ETHUSDT,okx_spot,2.4465625716700306,0.0,-2.4465625716700306,1672.4822446711012,10192.704700152095
2025-02-03 16:33:00+00:00,order,sell,2703.5911583306834,1.13692119,scalp_pingpong,ETHUSDT,okx_spot,3.0737700770027994,-14.667600281698872,27.160692619956706,1699.642937291058,10205.197792490351
2025-02-03 22:36:00+00:00,order,buy,2878.666842705577,1.06034272,scalp_pingpong,ETHUSDT,okx_spot,2.441898743974595,0.0,-2.441898743974595,1697.2010385470833,10202.755893746376
2025-02-03 22:48:00+00:00,order,sell,2870.85,1.06034272,scalp_pingpong,ETHUSDT,okx_spot,3.044084897712,-0.0,-11.332617153955798,1685.8684213931274,10191.42327659242
2025-02-04 05:09:00+00:00,order,buy,2737.3585795876293,1.11193315,scalp_pingpong,ETHUSDT,okx_spot,2.435007798464319,0.0,-2.435007798464319,1683.433413594663,10188.988268793955
2025-02-04 05:18:00+00:00,order,sell,2702.3414433137473,1.11193315,scalp_pingpong,ETHUSDT,okx_spot,3.0048230334394015,-31.580506328401388,-10.36103134603481,1673.0723822486282,10147.046731119519
2025-02-04 12:42:00+00:00,order,buy,2797.248631767107,0.683791,scalp_pingpong,ETHUSDT,okx_spot,1.5301867513317295,0.0,-1.5301867513317295,1671.5421954972965,10145.516544368187
2025-02-04 14:00:00+00:00,order,sell,2801.9212137669415,0.683791,scalp_pingpong,ETHUSDT,okx_spot,1.915928508682911,-4.110413872910789,5.389554882476707,1676.9317503797731,10146.795685377754
2025-02-04 15:18:00+00:00,order,buy,2740.619999999,1.1107117,scalp_pingpong,ETHUSDT,okx_spot,2.4352309594023116,0.0,-2.4352309594023116,1674.4965194203708,10144.36045441835
2025-02-04 15:30:00+00:00,order,sell,2774.58,1.1107117,scalp_pingpong,ETHUSDT,okx_spot,3.0817584685859996,-0.0,34.63801086452466,1709.1345302848954,10178.998465282875
2025-02-04 19:51:00+00:00,order,buy,2784.878599176977,1.08956022,scalp_pingpong,ETHUSDT,okx_spot,2.4274343513540475,0.0,-2.4274343513540475,1706.7070959335413,10176.571030931522
2025-02-04 20:00:00+00:00,order,sell,2792.1113446590302,1.08956022,scalp_pingpong,ETHUSDT,okx_spot,3.042173450951189,-22.871334104788932,27.709672412467807,1734.4167683460091,10181.4093692392
2025-02-04 20:06:00+00:00,order,buy,2749.088595362153,1.09387344,scalp_pingpong,ETHUSDT,okx_spot,2.405723998938853,0.0,-2.405723998938853,1732.0110443470703,10179.00364524026
2025-02-04 20:12:00+00:00,order,sell,2753.6513735255594,1.09387344,scalp_pingpong,ETHUSDT,okx_spot,3.0121461005191286,-1.3032118567285413,3.2821676017719383,1735.2932119488423,10180.982600985304
2025-02-04 21:06:00+00:00,order,buy,2697.4247956895924,1.12939235,scalp_pingpong,ETHUSDT,okx_spot,2.4371607431617113,0.0,-2.4371607431617113,1732.8560512056806,10178.545440242142
2025-02-04 21:27:00+00:00,order,sell,2699.801281371874,1.12939235,scalp_pingpong,ETHUSDT,okx_spot,3.049134913701592,-1.5713025380924033,1.2061523738444682,1734.062203579525,10178.180290077895
2025-02-05 01:12:00+00:00,order,buy,2741.9487981102707,0.78768475,scalp_pingpong,ETHUSDT,okx_spot,1.7278330028418314,0.0,-1.7278330028418314,1732.334370576683,10176.452457075055
2025-02-05 01:24:00+00:00,order,sell,2745.4209384111964,0.78768475,scalp_pingpong,ETHUSDT,okx_spot,2.1625262055171888,-2.387423964688736,2.959849724071212,1735.2942203007544,10177.024882834436
2025-02-05 14:39:00+00:00,order,buy,2802.8749961571875,0.78324446,scalp_pingpong,ETHUSDT,okx_spot,1.7562690502501108,0.0,-1.7562690502501108,1733.5379512505044,10175.268613784185
2025-02-05 14:45:00+00:00,order,sell,2812.4113997843097,0.78324446,scalp_pingpong,ETHUSDT,okx_spot,2.202805648121906,-6.97980451190573,12.246334173051132,1745.7842854235555,10180.535143445331
2025-02-05 16:24:00+00:00,order,buy,2738.2989405587223,0.86505557,scalp_pingpong,ETHUSDT,okx_spot,1.8950246006843372,0.0,-1.8950246006843372,1743.8892608228712,10178.640118844647
2025-02-05 17:21:00+00:00,order,sell,2757.511316736448,0.86505557,scalp_pingpong,ETHUSDT,okx_spot,2.385400523880899,-5.727806923598633,19.962179425194623,1763.8514402480657,10192.874491346243
2025-02-05 17:42:00+00:00,order,buy,2736.7583409947347,0.76898876,scalp_pingpong,ETHUSDT,okx_spot,1.6836291224489586,0.0,-1.6836291224489586,1762.1678111256167,10191.190862223793
2025-02-05 18:06:00+00:00,order,sell,2747.8713051866566,0.76898876,scalp_pingpong,ETHUSDT,okx_spot,2.1130821476150685,-6.137533978668746,12.570196384924142,1774.738007510541,10197.62352463005
2025-02-05 18:51:00+00:00,order,buy,2717.6386054286886,0.94498411,scalp_pingpong,ETHUSDT,okx_spot,2.0545002390821367,0.0,-2.0545002390821367,1772.6835072714587,10195.569024390967
2025-02-05 20:39:00+00:00,order,sell,2766.41,0.94498411,scalp_pingpong,ETHUSDT,okx_spot,2.6142134917451,-0.0,43.473979400684236,1816.1574866721428,10239.043003791652
2025-02-05 22:21:00+00:00,order,buy,2755.889999999,1.11459924,scalp_pingpong,ETHUSDT,okx_spot,2.457370319617988,0.0,-2.457370319617988,1813.700116352525,10236.585633472034
2025-02-05 22:39:00+00:00,order,sell,2755.9810978632468,1.11459924,scalp_pingpong,ETHUSDT,okx_spot,3.0718144371327405,-12.473589173140503,9.503312346263026,1823.203428698788,10233.615356645158
2025-02-06 14:24:00+00:00,order,buy,2761.3406397882613,0.8546997,scalp_pingpong,ETHUSDT,okx_spot,1.8880936131398678,0.0,-1.8880936131398678,1821.315335085648,10231.727263032017
2025-02-06 14:27:00+00:00,order,sell,2766.210932019377,0.8546997,scalp_pingpong,ETHUSDT,okx_spot,2.364279653733682,-8.58198158468202,10.380339239795363,1831.6956743254434,10233.52562068713
2025-02-06 15:36:00+00:00,order,buy,2724.2890825548993,0.85243204,scalp_pingpong,ETHUSDT,okx_spot,1.857817040153601,0.0,-1.857817040153601,1829.8378572852898,10231.667803646978
2025-02-06 15:42:00+00:00,order,sell,2726.99,0.85243204,scalp_pingpong,ETHUSDT,okx_spot,2.3245736487596,-0.0,-0.02222508116107136,1829.8156322041289,10231.645578565816
2025-02-07 15:09:00+00:00,order,buy,2750.018734764582,1.11402843,scalp_pingpong,ETHUSDT,okx_spot,2.4508792428482993,0.0,-2.4508792428482993,1827.3647529612806,10229.194699322969
2025-02-07 16:54:00+00:00,order,sell,2697.4610856875343,1.11402843,scalp_pingpong,ETHUSDT,okx_spot,3.0050483382745794,4.733411340720789,-66.28917496478984,1761.0755779964907,10167.638935698898
2025-02-07 20:33:00+00:00,order,buy,2613.609999999,0.87440586,scalp_pingpong,ETHUSDT,okx_spot,1.8282847198029806,0.0,-1.8282847198029806,1759.2472932766877,10165.810650979096
2025-02-07 20:39:00+00:00,order,sell,2610.7813089339506,0.87440586,scalp_pingpong,ETHUSDT,okx_spot,2.2828824757103168,-0.42085935231663396,-4.335447166802523,1754.9118461098851,10161.054344459977
2025-02-09 13:48:00+00:00,order,buy,2615.2885744796918,0.76056165,scalp_pingpong,ETHUSDT,okx_spot,1.5912705547459378,0.0,-1.5912705547459378,1753.3205755551392,10159.463073905232
2025-02-09 16:30:00+00:00,order,sell,2655.69,0.76056165,scalp_pingpong,ETHUSDT,okx_spot,2.0198159682885,-0.0,28.707958887789257,1782.0285344429285,10188.171032793021
2025-02-09 21:48:00+00:00,order,buy,2541.698555739387,0.97768029,scalp_pingpong,ETHUSDT,okx_spot,1.9879748648542919,0.0,-1.9879748648542919,1780.0405595780742,10186.183057928167
2025-02-09 22:06:00+00:00,order,sell,2551.6212978792173,0.97768029,scalp_pingpong,ETHUSDT,okx_spot,2.4946698504807294,-11.752985996729652,18.9595855591135,1799.0001451371877,10193.389657490552
2025-02-09 22:51:00+00:00,order,buy,2612.1688425563025,1.0058049,scalp_pingpong,ETHUSDT,okx_spot,2.101865777176366,0.0,-2.101865777176366,1796.8982793600114,10191.287791713376
2025-02-09 23:06:00+00:00,order,sell,2610.740838109349,1.0058049,scalp_pingpong,ETHUSDT,okx_spot,2.6258959276004905,-0.2623522484901125,-3.799837549077736,1793.0984418109338,10187.225601915809
2025-02-10 01:51:00+00:00,order,buy,2574.90263900882,1.16547959,scalp_pingpong,ETHUSDT,okx_spot,2.400797177601534,0.0,-2.400797177601534,1790.6976446333322,10184.824804738208
2025-02-10 02:06:00+00:00,order,sell,2578.421254947214,1.16547959,scalp_pingpong,ETHUSDT,okx_spot,3.0050973470631646,-4.173879547564319,5.269657261747978,1795.9673018950803,10185.92058245239
2025-02-10 11:21:00+00:00,order,buy,2645.0039855333325,0.71973086,scalp_pingpong,ETHUSDT,okx_spot,1.5229527945690664,0.0,-1.5229527945690664,1794.444349100511,10184.39762965782
2025-02-10 12:33:00+00:00,order,sell,2647.3,0.71973086,scalp_pingpong,ETHUSDT,okx_spot,1.9053435056780001,-0.0,-0.25283103901092385,1794.1915180615001,10184.14479861881
2025-02-10 14:42:00+00:00,order,buy,2644.968595747152,0.78625625,scalp_pingpong,ETHUSDT,okx_spot,1.6636984715679375,0.0,-1.6636984715679375,1792.5278195899323,10182.481100147243
2025-02-10 14:48:00+00:00,order,sell,2648.2613267465067,0.78625625,scalp_pingpong,ETHUSDT,okx_spot,2.082212019787733,-6.660633600233096,7.167351908256704,1799.695171498189,10182.987818455267
2025-02-11 00:54:00+00:00,order,buy,2696.873648399828,0.66860931,scalp_pingpong,ETHUSDT,okx_spot,1.4425238633710336,0.0,-1.4425238633710336,1798.252647634818,10181.545294591897
2025-02-11 01:15:00+00:00,order,sell,2697.31,0.66860931,scalp_pingpong,ETHUSDT,okx_spot,1.8034465779561002,-0.0,-1.5116978356478,1796.7409497991703,10180.03359675625
2025-02-11 12:24:00+00:00,order,buy,2684.635092156587,0.74349092,scalp_pingpong,ETHUSDT,okx_spot,1.5968014516254285,0.0,-1.5968014516254285,1795.1441483475448,10178.436795304624
2025-02-11 12:30:00+00:00,order,sell,2684.9,0.74349092,scalp_pingpong,ETHUSDT,okx_spot,1.9961987711080003,-0.0,-1.7992421948933117,1793.3449061526514,10176.637553109731
2025-02-11 13:27:00+00:00,order,buy,2675.788636077284,0.74148539,scalp_pingpong,ETHUSDT,okx_spot,1.5872465443034667,0.0,-1.5872465443034667,1791.757659608348,10175.050306565428
2025-02-11 14:12:00+00:00,order,sell,2650.1612046763166,0.74148539,scalp_pingpong,ETHUSDT,okx_spot,1.9650558144122885,-1.2095144355883112,-19.757907345868603,1771.9997522624794,10154.082884783971
2025-02-12 03:03:00+00:00,order,buy,2591.0217116502627,0.86426796,scalp_pingpong,ETHUSDT,okx_spot,1.7914696392349445,0.0,-1.7914696392349445,1770.2082826232445,10152.291415144737
2025-02-12 03:51:00+00:00,order,sell,2591.69,0.86426796,scalp_pingpong,ETHUSDT,okx_spot,2.2399146292524,-0.0,-1.6623344205330177,1768.5459482027115,10150.629080724204
2025-02-12 13:36:00+00:00,order,buy,2570.4185602527396,1.18004043,scalp_pingpong,ETHUSDT,okx_spot,2.4265582584964993,0.0,-2.4265582584964993,1766.119389944215,10148.202522465708
2025-02-12 13:48:00+00:00,order,sell,2610.12,1.18004043,scalp_pingpong,ETHUSDT,okx_spot,3.0800471271516,-0.0,43.7692569038245,1809.8886468480396,10191.97177936953
2025-02-13 05:06:00+00:00,order,buy,2705.078783060249,0.79969802,scalp_pingpong,ETHUSDT,okx_spot,1.7305969174058327,0.0,-1.7305969174058327,1808.1580499306338,10190.241182452124
2025-02-13 06:33:00+00:00,order,sell,2708.79,0.79969802,scalp_pingpong,ETHUSDT,okx_spot,2.1662139995958003,-0.0,0.8016388389135156,1808.9596887695473,10191.042821291037
2025-02-13 06:39:00+00:00,order,buy,2692.239999999,0.82483218,scalp_pingpong,ETHUSDT,okx_spot,1.7765169506259002,0.0,-1.7765169506259002,1807.1831718189214,10189.266304340412
2025-02-13 06:42:00+00:00,order,sell,2699.111253109242,0.79969802,scalp_pingpong,ETHUSDT,okx_spot,2.15847392487118,-2.1042079015797928,5.440661483888295,1812.6238333028098,10192.775461097794
2025-02-13 06:48:00+00:00,order,sell,2685.7214612955795,0.02513416,scalp_pingpong,ETHUSDT,okx_spot,0.06750335292363689,-0.08700092203689701,-0.14434042562479982,1812.479492877185,10192.371416575059
2025-02-14 11:36:00+00:00,order,buy,2694.0512569612815,0.7108633,scalp_pingpong,ETHUSDT,okx_spot,1.5320817335141157,0.0,-1.5320817335141157,1810.947411143671,10190.839334841545
2025-02-14 13:36:00+00:00,order,sell,2700.84,0.7108633,scalp_pingpong,ETHUSDT,okx_spot,1.9199280351720003,-0.0,2.905940244183518,1813.8533513878544,10193.745275085728
2025-02-15 14:42:00+00:00,order,buy,2678.789999999,0.83632708,scalp_pingpong,ETHUSDT,okx_spot,1.792275694905891,0.0,-1.792275694905891,1812.0610756929486,10191.952999390822
2025-02-15 16:45:00+00:00,order,sell,2686.290881233521,0.83632708,scalp_pingpong,ETHUSDT,okx_spot,2.246617808732657,-0.2349085818571076,4.261480873418183,1816.3225565663668,10195.979571682383
2025-02-16 21:21:00+00:00,order,buy,2664.8900753263956,0.68031616,scalp_pingpong,ETHUSDT,okx_spot,1.4503742262945314,0.0,-1.4503742262945314,1814.8721823400722,10194.529197456088
2025-02-16 22:12:00+00:00,order,sell,2686.3408493498705,0.68031616,scalp_pingpong,ETHUSDT,okx_spot,1.8275610910808424,-4.810413077642404,17.57616019923983,1832.448342539312,10207.294944577687
2025-02-16 22:33:00+00:00,order,buy,2671.2687983591704,0.801927,scalp_pingpong,ETHUSDT,okx_spot,1.7137300589294195,0.0,-1.7137300589294195,1830.7346124803826,10205.581214518757
2025-02-16 23:03:00+00:00,order,sell,2661.8612214184272,0.801927,scalp_pingpong,ETHUSDT,okx_spot,2.134618383708415,-0.5944054684151959,-9.084402868652582,1821.65020961173,10195.902406181689
2025-02-16 23:09:00+00:00,order,buy,2661.8890206821216,0.891025,scalp_pingpong,ETHUSDT,okx_spot,1.89744773172263,0.0,-1.89744773172263,1819.7527618800073,10194.004958449967
2025-02-16 23:27:00+00:00,order,sell,2664.3010226010374,0.891025,scalp_pingpong,ETHUSDT,okx_spot,2.3739588186630893,-2.52251191308953,2.297707104228473,1822.0504689842357,10193.780153641106
2025-02-17 15:09:00+00:00,order,buy,2819.6786233346647,0.72963731,scalp_pingpong,ETHUSDT,okx_spot,1.6458741806355266,0.0,-1.6458741806355266,1820.4045948036003,10192.13427946047
2025-02-17 15:30:00+00:00,order,sell,2820.29,0.72963731,scalp_pingpong,ETHUSDT,okx_spot,2.0577888090199,-0.0,-1.6117055835279248,1818.7928892200723,10190.522573876942
2025-02-17 15:36:00+00:00,order,buy,2791.878615639561,0.84084891,scalp_pingpong,ETHUSDT,okx_spot,1.8780384726502668,0.0,-1.8780384726502668,1816.914850747422,10188.644535404292
2025-02-17 15:45:00+00:00,order,sell,2776.3,0.84084891,scalp_pingpong,ETHUSDT,okx_spot,2.334448828833,-0.0,-15.4337108086665,1801.4811399387554,10173.210824595626
2025-02-17 15:48:00+00:00,order,buy,2762.269999999,0.92905778,scalp_pingpong,ETHUSDT,okx_spot,2.053046747167737,0.0,-2.053046747167737,1799.4280931915878,10171.157777848459
2025-02-17 15:51:00+00:00,order,sell,2762.27,0.84084891,scalp_pingpong,ETHUSDT,okx_spot,2.3226517186257,-0.0,-2.322651717784872,1797.105441473803,10168.835126130762
2025-02-17 15:54:00+00:00,order,sell,2762.39,0.08820887,scalp_pingpong,ETHUSDT,okx_spot,0.24366730039929996,-0.0,-0.23308223591113153,1796.872359237892,10168.602043894762
2025-02-17 18:09:00+00:00,order,buy,2717.409554212353,0.89932732,scalp_pingpong,ETHUSDT,okx_spot,1.9550725213857525,0.0,-1.9550725213857525,1794.9172867165062,10166.646971373377
2025-02-17 18:30:00+00:00,order,sell,2718.11,0.89932732,scalp_pingpong,ETHUSDT,okx_spot,2.4444705817652004,-0.0,-1.8145405487554864,1793.1027461677506,10164.832430824621
2025-02-18 14:45:00+00:00,order,buy,2679.698590706218,0.80125736,scalp_pingpong,ETHUSDT,okx_spot,1.717702574707988,0.0,-1.717702574707988,1791.3850435930426,10163.114728249913
2025-02-18 15:18:00+00:00,order,sell,2679.821335359973,0.80125736,scalp_pingpong,ETHUSDT,okx_spot,2.147226568442207,-2.044276235006703,-0.004600276213525767,1791.380443316829,10161.065851738693
2025-02-19 14:42:00+00:00,order,buy,2699.138583264809,0.84602182,scalp_pingpong,ETHUSDT,okx_spot,1.8268241093167323,0.0,-1.8268241093167323,1789.5536192075124,10159.239027629375
2025-02-19 15:00:00+00:00,order,sell,2690.61,0.84602182,scalp_pingpong,ETHUSDT,okx_spot,2.2763147691102006,-0.0,-9.491682304825332,1780.061936902687,10149.747345324551
2025-02-20 14:57:00+00:00,order,buy,2728.931976671372,0.77176811,scalp_pingpong,ETHUSDT,okx_spot,1.6848821391633833,0.0,-1.6848821391633833,1778.3770547635236,10148.062463185388
2025-02-20 15:00:00+00:00,order,sell,2727.5113239661987,0.77176811,scalp_pingpong,ETHUSDT,okx_spot,2.105006259500991,-30.385532285590966,27.18411157285206,1805.5611663363757,10144.86104247265
2025-02-21 14:36:00+00:00,order,buy,2785.188597198602,0.83866234,scalp_pingpong,ETHUSDT,okx_spot,1.8686662290143177,0.0,-1.8686662290143177,1803.6925001073614,10142.992376243637
2025-02-21 14:39:00+00:00,order,sell,2790.0014528306306,0.07425371,scalp_pingpong,ETHUSDT,okx_spot,0.20716795877806435,-7.563590778664331,7.713795206258884,1811.4062953136204,10146.821569051299
2025-02-21 15:24:00+00:00,order,sell,2794.1,0.76440863,scalp_pingpong,ETHUSDT,okx_spot,2.135834153083,-0.0,4.67611905371167,1816.0824143673321,10147.818699724943
2025-02-21 15:27:00+00:00,order,buy,2776.629999999,1.09641746,scalp_pingpong,ETHUSDT,okx_spot,2.4354764895669634,0.0,-2.4354764895669634,1813.6469378777651,10145.383223235376
2025-02-21 15:30:00+00:00,order,sell,2776.63,0.76440863,scalp_pingpong,ETHUSDT,okx_spot,2.1224799343169,-0.0,-2.1224799335524698,1811.5244579442126,10143.260743302155
2025-02-21 15:33:00+00:00,order,sell,2768.13,0.33200883,scalp_pingpong,ETHUSDT,okx_spot,0.9190436025879,-0.0,-3.741118657255848,1807.7833392869568,10139.519624644567
2025-02-21 15:36:00+00:00,order,buy,2732.98855256016,1.01121238,scalp_pingpong,ETHUSDT,okx_spot,2.2109054869976914,0.0,-2.2109054869976914,1805.572433799959,10137.308719157569
2025-02-21 15:45:00+00:00,order,sell,2733.041440514834,1.01121238,scalp_pingpong,ETHUSDT,okx_spot,2.7636853397016337,-8.333846677633524,5.623642292451163,1811.1960760924103,10134.598514772386
2025-02-21 19:21:00+00:00,order,buy,2653.959999999,0.90827969,scalp_pingpong,ETHUSDT,okx_spot,1.9284303728571934,0.0,-1.9284303728571934,1809.267645719553,10132.670084399528
2025-02-21 19:39:00+00:00,order,sell,2639.52,0.90827969,scalp_pingpong,ETHUSDT,okx_spot,2.3974224073487997,-0.0,-15.51298113004053,1793.7546645895125,10117.157103269488
2025-02-23 05:57:00+00:00,order,buy,2781.309795509239,0.77041225,scalp_pingpong,ETHUSDT,okx_spot,1.7142041100042502,0.0,-1.7142041100042502,1792.0404604795083,10115.442899159483
2025-02-23 06:48:00+00:00,order,sell,2786.201326869987,0.77041225,scalp_pingpong,ETHUSDT,okx_spot,2.1465236331868924,-0.9332210593923429,2.555193107784903,1794.595653587293,10117.064871207876
2025-02-23 23:27:00+00:00,order,buy,2817.178846094942,0.77351986,scalp_pingpong,ETHUSDT,okx_spot,1.7433150293010569,0.0,-1.7433150293010569,1792.852338557992,10115.321556178575
2025-02-23 23:36:00+00:00,order,sell,2824.3011649985824,0.77351986,scalp_pingpong,ETHUSDT,okx_spot,2.18465304174754,-6.3514992001402515,9.676101279611924,1802.5284398376039,10118.646158258047
2025-02-24 08:27:00+00:00,order,buy,2681.788571940346,0.80775036,scalp_pingpong,ETHUSDT,okx_spot,1.7329725475429605,0.0,-1.7329725475429605,1800.795467290061,10116.913185710504
2025-02-24 09:00:00+00:00,order,sell,2687.72138078762,0.80775036,scalp_pingpong,ETHUSDT,okx_spot,2.171007912910897,-5.106097606897139,7.727318176182848,1808.522785466244,10119.53440627979
2025-02-24 22:09:00+00:00,order,buy,2567.0885446646535,1.16840254,scalp_pingpong,ETHUSDT,okx_spot,2.3995142207928675,0.0,-2.3995142207928675,1806.123271245451,10117.134892058997
2025-02-24 22:21:00+00:00,order,sell,2566.591311041019,1.16840254,scalp_pingpong,ETHUSDT,okx_spot,2.9988118069622565,-0.34036856025619555,-3.2394122755341828,1802.8838589699167,10113.555111223208
2025-02-24 22:57:00+00:00,order,buy,2508.1985471684297,1.19308175,scalp_pingpong,ETHUSDT,okx_spot,2.393988729602534,0.0,-2.393988729602534,1800.489870240314,10111.161122493606
2025-02-24 23:36:00+00:00,order,sell,2509.841361464732,1.19308175,scalp_pingpong,ETHUSDT,okx_spot,2.994445923758725,-7.172045656225125,6.137611488023788,1806.627481728338,10110.126688325405
2025-02-25 04:39:00+00:00,order,buy,2486.0314006910776,1.18789554,scalp_pingpong,ETHUSDT,okx_spot,2.3625164905447074,0.0,-2.3625164905447074,1804.2649652377931,10107.76417183486
2025-02-25 05:03:00+00:00,order,sell,2499.3213374833526,1.18789554,scalp_pingpong,ETHUSDT,okx_spot,2.9689326698233094,-16.038178580509225,28.856302553111256,1833.1212677909043,10120.582295807462
2025-02-25 07:12:00+00:00,order,buy,2425.578564102544,1.25065379,scalp_pingpong,ETHUSDT,okx_spot,2.426847219310084,0.0,-2.426847219310084,1830.6944205715943,10118.155448588152
2025-02-25 07:24:00+00:00,order,sell,2413.06,1.25065379,scalp_pingpong,ETHUSDT,okx_spot,3.0179026344974,-0.0,-18.67429227470208,1812.0201282968922,10099.48115631345
2025-02-25 07:27:00+00:00,order,buy,2324.359999999,1.30351768,scalp_pingpong,ETHUSDT,okx_spot,2.4238754837467975,0.0,-2.4238754837467975,1809.5962528131454,10097.057280829704
2025-02-25 07:30:00+00:00,order,sell,2357.711436071218,1.25065379,scalp_pingpong,ETHUSDT,okx_spot,2.948680743248812,-41.711099924411386,80.47351910682455,1890.06977191997,10137.582786659981
2025-02-25 12:12:00+00:00,order,sell,2440.2114628919558,0.05286388,scalp_pingpong,ETHUSDT,okx_spot,0.1289990459489448,-0.25329531934479854,6.248654105593428,1896.3184260255634,10141.81505995688
2025-02-25 15:09:00+00:00,order,buy,2373.177831669754,0.75611538,scalp_pingpong,ETHUSDT,okx_spot,1.4355170064004419,0.0,-1.4355170064004419,1894.882909019163,10140.379542280143
2025-02-25 15:15:00+00:00,order,sell,2374.73,0.75611538,scalp_pingpong,ETHUSDT,okx_spot,1.7955698763474,-0.0,-0.6219510413214091,1894.2609579778416,10139.757590766165
2025-02-26 07:36:00+00:00,order,buy,2483.078841565516,0.72157843,scalp_pingpong,ETHUSDT,okx_spot,1.4333889056504512,0.0,-1.4333889056504512,1892.8275690721912,10138.324202944003
2025-02-26 07:39:00+00:00,order,sell,2476.91,0.72157843,scalp_pingpong,ETHUSDT,okx_spot,1.7872848290512997,-75.45545642509978,69.21686968329455,1962.0444387554858,10132.085615041498
2025-02-26 08:12:00+00:00,order,buy,2461.049999999,0.85468512,scalp_pingpong,ETHUSDT,okx_spot,1.6827382516601164,0.0,-1.6827382516601164,1960.3617005038257,10130.402876631239
2025-02-26 08:15:00+00:00,order,sell,2467.30145387567,0.03453696,scalp_pingpong,ETHUSDT,okx_spot,0.08521309162044587,-3.279679934045861,3.4103730460041124,1963.7720735498299,10135.660688208889
2025-02-26 08:27:00+00:00,order,sell,2466.701150624212,0.82014816,scalp_pingpong,ETHUSDT,okx_spot,2.0230604099543306,-1.304979256730223,3.916699422539563,1967.6887729723694,10133.145290185807
2025-03-02 16:54:00+00:00,order,buy,2452.900881714479,1.24108204,scalp_pingpong,ETHUSDT,okx_spot,2.4354009841568036,0.0,-2.4354009841568036,1965.2533719882126,10130.709889063648
2025-03-02 17:00:00+00:00,order,sell,2443.18,1.24108204,scalp_pingpong,ETHUSDT,okx_spot,3.0321868184871996,-0.0,-15.096598608782907,1950.1567733794298,10115.613290439147
2025-03-02 17:51:00+00:00,order,buy,2457.4920745497693,1.23077459,scalp_pingpong,ETHUSDT,okx_spot,2.4196950403857933,0.0,-2.4196950403857933,1947.737078339044,10113.193595541881
2025-03-02 17:54:00+00:00,order,sell,2463.621295212353,1.23077459,scalp_pingpong,ETHUSDT,okx_spot,3.0321624895302524,-58.488002631252634,62.999529235645305,2010.7366075746893,10117.705122161655
2025-05-09 08:42:00+00:00,order,buy,2378.738543011742,1.24751818,scalp_pingpong,ETHUSDT,okx_spot,2.374015662299088,0.0,-2.374015662299088,2008.3625919123901,10115.331105650528
2025-05-09 08:51:00+00:00,order,sell,2416.801402568569,1.24751818,scalp_pingpong,ETHUSDT,okx_spot,3.015003687153788,-9.632590079388423,54.10169488462744,2062.4642867970174,10159.800211623931
2025-05-09 09:12:00+00:00,order,buy,2345.929999999,1.29924595,scalp_pingpong,ETHUSDT,okx_spot,2.4383520411857607,0.0,-2.4383520411857607,2060.0259347558317,10157.361858874032
2025-05-09 09:18:00+00:00,order,sell,2354.21138969549,1.29924595,scalp_pingpong,ETHUSDT,okx_spot,3.0586996135057376,-7.966183229737466,15.667045311683069,2075.692980067515,10165.062721366878
2025-05-09 14:06:00+00:00,order,buy,2348.209999999,0.79758397,scalp_pingpong,ETHUSDT,okx_spot,1.4983157233543223,0.0,-1.4983157233543223,2074.1946643441606,10163.56440558351
2025-05-09 14:21:00+00:00,order,sell,2340.99,0.79758397,scalp_pingpong,ETHUSDT,okx_spot,1.8671360979303,-0.0,-7.625692337733356,2066.5689720064274,10155.938713150776
2025-05-09 14:24:00+00:00,order,buy,2320.6885462399364,1.06634473,scalp_pingpong,ETHUSDT,okx_spot,1.979723201003454,0.0,-1.979723201003454,2064.589248805424,10153.95898974676
2025-05-09 14:39:00+00:00,order,sell,2295.7414128140094,1.06634473,scalp_pingpong,ETHUSDT,okx_spot,2.4480517569969735,-5.706450852273568,-23.343845437282276,2041.245403368142,10124.908693482947
2025-05-09 14:54:00+00:00,order,buy,2299.197533305656,0.99902223,scalp_pingpong,ETHUSDT,okx_spot,1.8375595575468129,0.0,-1.8375595575468129,2039.407843810595,10123.07113395996
2025-05-09 14:57:00+00:00,order,sell,2305.851390489387,0.99902223,scalp_pingpong,ETHUSDT,okx_spot,2.3035967981753083,-9.911689651408441,14.255443880115822,2053.663287690711,10127.414888470117
2025-05-10 00:39:00+00:00,order,buy,2343.498643996128,0.83225958,scalp_pingpong,ETHUSDT,okx_spot,1.5603193577462298,0.0,-1.5603193577462298,2052.102968332965,10125.854569488843
2025-05-10 01:48:00+00:00,order,sell,2342.01,0.83225958,scalp_pingpong,ETHUSDT,okx_spot,1.9491602589558001,-0.0,-3.1880980429316708,2048.914870290033,10122.666470988013
2025-05-10 08:54:00+00:00,order,buy,2376.979999999,1.2775875,scalp_pingpong,ETHUSDT,okx_spot,2.4294399485989784,0.0,-2.4294399485989784,2046.485430341434,10120.237031389115
2025-05-10 09:03:00+00:00,order,sell,2377.6,1.2775875,scalp_pingpong,ETHUSDT,okx_spot,3.0375920400000003,-0.0,-2.2454874539092278,2044.2399428875249,10117.991543606591
2025-05-10 17:54:00+00:00,order,buy,2458.478571115985,1.22875164,scalp_pingpong,ETHUSDT,okx_spot,2.4166876609308985,0.0,-2.4166876609308985,2041.823255226594,10115.574856754445
2025-05-10 17:57:00+00:00,order,sell,2460.601339369866,1.22875164,scalp_pingpong,ETHUSDT,okx_spot,3.0234679311369193,-107.14878876091913,106.73367661806476,2148.5569318446587,10115.159743817834
2025-05-10 20:12:00+00:00,order,buy,2485.1389402727264,1.22201645,scalp_pingpong,ETHUSDT,okx_spot,2.429504532439071,0.0,-2.429504532439071,2146.1274273122194,10112.73023953077
2025-05-10 20:15:00+00:00,order,sell,2480.631406587033,0.04883587,scalp_pingpong,ETHUSDT,okx_spot,0.12114379289000149,-5.236739032001477,4.895465920670735,2151.02289323289,10107.100815379958
2025-05-10 22:24:00+00:00,order,sell,2544.911210979875,1.17318058,scalp_pingpong,ETHUSDT,okx_spot,2.985640410545872,-7.2868720998720935,74.42489916140475,2225.447792394295,10179.526993812091
2025-05-11 00:21:00+00:00,order,buy,2550.117175774032,1.19515423,scalp_pingpong,ETHUSDT,okx_spot,2.4382266636975904,0.0,-2.4382266636975904,2223.0095657305974,10177.088767200454
2025-05-11 00:27:00+00:00,order,sell,2546.9,1.19515423,scalp_pingpong,ETHUSDT,okx_spot,3.043938308387,-0.0,-6.888958893592475,2216.1206068370047,10170.199807624906
2025-05-11 06:06:00+00:00,order,buy,2525.999999999,0.90378194,scalp_pingpong,ETHUSDT,okx_spot,1.8263625443512772,0.0,-1.8263625443512772,2214.2942442926533,10168.373444871555
2025-05-11 06:09:00+00:00,order,sell,2532.4309318621913,0.90378194,scalp_pingpong,ETHUSDT,okx_spot,2.2887653405144195,-16.67561899321905,20.199013486855947,2234.4932577795093,10171.896839670673
2025-05-11 13:33:00+00:00,order,buy,2482.649999999,0.87972637,scalp_pingpong,ETHUSDT,okx_spot,1.7472421379836964,0.0,-1.7472421379836964,2232.7460156415254,10170.14959703488
2025-05-11 13:48:00+00:00,order,sell,2490.641382099442,0.87972637,scalp_pingpong,ETHUSDT,okx_spot,2.191082902046125,-6.115314140825152,10.95446037178395,2243.7004760133095,10174.988743779251
2025-05-11 16:03:00+00:00,order,buy,2444.988619685748,1.22073441,scalp_pingpong,ETHUSDT,okx_spot,2.3877453920870364,0.0,-2.3877453920870364,2241.3127306212223,10172.600997930638
2025-05-11 16:09:00+00:00,order,sell,2453.7913824436446,1.22073441,scalp_pingpong,ETHUSDT,okx_spot,2.9954275755104267,-7.0697398304268235,14.820147279934037,2256.1328779011565,10180.351405844785
2025-05-11 22:09:00+00:00,order,buy,2506.107449944771,0.88619178,scalp_pingpong,ETHUSDT,okx_spot,1.7767134575502541,0.0,-1.7767134575502541,2254.3561644436063,10178.574692910397
2025-05-11 22:18:00+00:00,order,sell,2509.0108982396305,0.88619178,scalp_pingpong,ETHUSDT,okx_spot,2.223464833950377,-3.9886590225768064,4.338206812374102,2258.6943712559805,10178.92424011804
2025-05-12 01:27:00+00:00,order,buy,2518.1286012276696,0.72871225,scalp_pingpong,ETHUSDT,okx_spot,1.4679929270319743,0.0,-1.4679929270319743,2257.2263783289486,10177.456247282185
2025-05-12 02:24:00+00:00,order,sell,2518.01,0.72871225,scalp_pingpong,ETHUSDT,okx_spot,1.8349047326225,-0.0,-1.921330779878782,2255.30504754907,10175.53491638091
2025-05-12 07:39:00+00:00,order,buy,2571.858557719512,1.17716534,scalp_pingpong,ETHUSDT,okx_spot,2.4220022028238395,0.0,-2.4220022028238395,2252.883045346246,10173.11291471657
2025-05-12 08:48:00+00:00,order,sell,2574.811364357558,1.17716534,scalp_pingpong,ETHUSDT,okx_spot,3.0309786951598285,-7.335346142628703,7.7803096147977415,2260.6633549610438,10173.557877680969
2025-05-13 19:57:00+00:00,order,buy,2689.790384726502,1.13438668,scalp_pingpong,ETHUSDT,okx_spot,2.4410099075406553,0.0,-2.4410099075406553,2258.222345053503,10171.116868923218
2025-05-13 20:54:00+00:00,order,sell,2690.6112452868742,1.13438668,scalp_pingpong,ETHUSDT,okx_spot,3.052193557711643,-5.684689903643016,3.563670811073167,2261.7860158645763,10168.995848659537
2025-05-14 01:57:00+00:00,order,buy,2671.888860789559,1.14241265,scalp_pingpong,ETHUSDT,okx_spot,2.4419197071680654,0.0,-2.4419197071680654,2259.3440961574083,10166.553928765146
2025-05-14 02:18:00+00:00,order,sell,2665.401395909128,1.14241265,scalp_pingpong,ETHUSDT,okx_spot,3.0449882720142463,-7.530094067746187,-2.9262563291183152,2256.41783982829,10156.097578482422
2025-05-14 07:21:00+00:00,order,buy,2652.6761907962455,0.81954172,scalp_pingpong,ETHUSDT,okx_spot,1.7391830464065625,0.0,-1.7391830464065625,2254.6786567818835,10154.358395308764
2025-05-14 07:48:00+00:00,order,sell,2651.22,0.81954172,scalp_pingpong,ETHUSDT,okx_spot,2.1727853988984,-0.0,-3.3661947008283324,2251.3124620810554,10150.9922007855
2025-05-14 08:15:00+00:00,order,buy,2620.8711200862344,0.81979624,scalp_pingpong,ETHUSDT,okx_spot,1.7188642318170269,0.0,-1.7188642318170269,2249.5935978492384,10149.273336250195
2025-05-14 08:36:00+00:00,order,sell,2633.661427788778,0.81979624,scalp_pingpong,ETHUSDT,okx_spot,2.1590657359342718,-7.584285715871778,15.910665824875164,2265.5042636741136,10157.59971680515
2025-05-14 09:03:00+00:00,order,buy,2582.4185474160276,0.89318607,scalp_pingpong,ETHUSDT,okx_spot,1.8452642187693045,0.0,-1.8452642187693045,2263.658999455344,10155.754452073954
2025-05-14 12:39:00+00:00,order,sell,2616.8811515102248,0.89318607,scalp_pingpong,ETHUSDT,okx_spot,2.3373617913744926,-2.1536069415923915,30.597762678554183,2294.2567621338985,10184.198608540068
2025-05-14 13:48:00+00:00,order,buy,2586.089999999,0.88016544,scalp_pingpong,ETHUSDT,okx_spot,1.820949634182976,0.0,-1.820949634182976,2292.4358124997157,10182.377658597972
2025-05-14 14:12:00+00:00,order,sell,2590.391400277569,0.88016544,scalp_pingpong,ETHUSDT,okx_spot,2.2799729865975227,-0.9430094967226014,2.448980415642421,2294.884792915358,10183.883629523192
2025-05-14 14:15:00+00:00,order,buy,2577.188547312514,0.62279516,scalp_pingpong,ETHUSDT,okx_spot,1.2840484429389318,0.0,-1.2840484429389318,2293.600744472419,10182.599580948225
2025-05-14 15:06:00+00:00,order,sell,2572.6113170138046,0.62279516,scalp_pingpong,ETHUSDT,okx_spot,1.6022098767974233,-5.356858605823045,0.9039717637693236,2294.5047162361884,10178.146694149415
2025-05-15 01:42:00+00:00,order,buy,2591.1060831076775,0.83764489,scalp_pingpong,ETHUSDT,okx_spot,1.736341415970449,0.0,-1.736341415970449,2292.768374820218,10176.410352918392
2025-05-15 02:27:00+00:00,order,sell,2590.6508101926074,0.83764489,scalp_pingpong,ETHUSDT,okx_spot,2.1700454129321973,-1.307404682097402,-1.2439976225232787,2291.524377197695,10173.858950470043
2025-05-15 05:54:00+00:00,order,buy,2569.398666107444,0.82818117,scalp_pingpong,ETHUSDT,okx_spot,1.702342074794642,0.0,-1.702342074794642,2289.8220351229,10172.156608182728
2025-05-15 06:36:00+00:00,order,sell,2570.08,0.82818117,scalp_pingpong,ETHUSDT,okx_spot,2.1284918613936004,-0.0,-1.5642241781700665,2288.25781094473,10170.592384228445
2025-05-15 18:45:00+00:00,order,buy,2528.3686679481684,1.02477433,scalp_pingpong,ETHUSDT,okx_spot,2.0728058461516614,0.0,-2.0728058461516614,2286.185005098578,10168.519577965179
2025-05-15 18:57:00+00:00,order,sell,2525.78,1.02477433,scalp_pingpong,ETHUSDT,okx_spot,2.588354507227401,-0.0,-5.241155379704146,2280.943849718874,10163.278422969888
2025-05-15 20:12:00+00:00,order,buy,2520.959999999,0.55681247,scalp_pingpong,ETHUSDT,okx_spot,1.1229615714965147,0.0,-1.1229615714965147,2279.8208881473774,10162.155461350192
2025-05-15 20:24:00+00:00,order,sell,2538.901094361036,0.55681247,scalp_pingpong,ETHUSDT,okx_spot,1.4136917894368717,-1.6766148885716146,10.252748091276365,2290.0736362386538,10170.731594806395
2025-05-16 07:06:00+00:00,order,buy,2585.2286605184113,0.77038037,scalp_pingpong,ETHUSDT,okx_spot,1.5932875296198226,0.0,-1.5932875296198226,2288.480348709034,10169.13830774005
2025-05-16 07:24:00+00:00,order,sell,2606.69,0.77038037,scalp_pingpong,ETHUSDT,okx_spot,2.0081428066753,-0.0,14.525252486533441,2303.0056011955676,10183.66355979851
2025-05-16 20:36:00+00:00,order,buy,2569.898734214094,0.84063676,scalp_pingpong,ETHUSDT,okx_spot,1.7282810763662697,0.0,-1.7282810763662697,2301.2773201192012,10181.93527835423
2025-05-16 21:30:00+00:00,order,sell,2568.76,0.84063676,scalp_pingpong,ETHUSDT,okx_spot,2.1593940836176,-0.0,-3.116656077153722,2298.1606640420473,10178.81862241899
2025-05-21 05:36:00+00:00,order,buy,2582.298616647803,0.80446242,scalp_pingpong,ETHUSDT,okx_spot,1.6618897554489152,0.0,-1.6618897554489152,2296.4987742865983,10177.156732798929
2025-05-21 05:48:00+00:00,order,sell,2585.211331003435,0.80446242,scalp_pingpong,ETHUSDT,okx_spot,2.0797053635504446,-2.575350486244281,2.8388144859930757,2299.3375887725915,10177.420196703804
2025-05-21 07:30:00+00:00,order,buy,2553.9076636001532,0.73319977,scalp_pingpong,ETHUSDT,okx_spot,1.498019609242296,0.0,-1.498019609242296,2297.839569163349,10175.922176781525
2025-05-21 07:39:00+00:00,order,sell,2551.4113862915888,0.73319977,scalp_pingpong,ETHUSDT,okx_spot,1.8706942416043741,-0.08900040107406532,-3.611964072935691,2294.2276050904134,10172.221212566463
2025-05-21 11:54:00+00:00,order,buy,2536.94889037733,0.85074511,scalp_pingpong,ETHUSDT,okx_spot,1.7266374902467516,0.0,-1.7266374902467516,2292.5009676001664,10170.49457493159
2025-05-21 12:48:00+00:00,order,sell,2542.610926692118,0.85074511,scalp_pingpong,ETHUSDT,okx_spot,2.163113812515888,-4.433170401887811,7.087006127232559,2299.587973727399,10173.148410883145
2025-05-21 17:21:00+00:00,order,buy,2515.748556672859,1.20706554,scalp_pingpong,ETHUSDT,okx_spot,2.4293387120516368,0.0,-2.4293387120516368,2297.1586350153475,10170.71907190247
2025-05-21 17:33:00+00:00,order,sell,2498.1414548754037,1.20706554,scalp_pingpong,ETHUSDT,okx_spot,3.015420464225565,-5.24042057356461,-19.027925941645524,2278.130709073702,10146.450725423192
2025-05-21 23:36:00+00:00,order,buy,2560.223754702372,1.1843645,scalp_pingpong,ETHUSDT,okx_spot,2.4257905017009582,0.0,-2.4257905017009582,2275.7049185720007,10144.024935542315
2025-05-21 23:48:00+00:00,order,sell,2559.12,1.1843645,scalp_pingpong,ETHUSDT,okx_spot,3.03093087924,-0.0,-4.338178320685724,2271.366740251315,10139.686756765841
2025-05-22 13:39:00+00:00,order,buy,2634.169999999,0.81748039,scalp_pingpong,ETHUSDT,okx_spot,1.7227058551403862,0.0,-1.7227058551403862,2269.644034396175,10137.9640516612
2025-05-22 13:48:00+00:00,order,sell,2643.311217435582,0.81748039,scalp_pingpong,ETHUSDT,okx_spot,2.160855084920614,-3.7777546315143007,9.08966628118742,2278.7337006773623,10143.275962662823
2025-05-22 16:27:00+00:00,order,buy,2651.8587111882684,0.69841713,scalp_pingpong,ETHUSDT,okx_spot,1.4816828401868876,0.0,-1.4816828401868876,2277.2520178371756,10141.79427990811
2025-05-22 16:42:00+00:00,order,sell,2657.1312812867745,0.69841713,scalp_pingpong,ETHUSDT,okx_spot,1.855786003509532,-2.6828166518318053,4.509484101131841,2281.7615019383074,10143.620947233248
2025-05-23 02:48:00+00:00,order,buy,2709.788665024365,1.03222004,scalp_pingpong,ETHUSDT,okx_spot,2.2376785313623975,0.0,-2.2376785313623975,2279.523823406945,10141.38326922846
2025-05-23 02:57:00+00:00,order,sell,2704.9114471575467,1.03222004,scalp_pingpong,ETHUSDT,okx_spot,2.7920638021814206,-3.831030133420947,-3.995395111036823,2275.5284282959083,10133.556843355931
2025-05-23 04:36:00+00:00,order,buy,2685.678572867868,0.69591149,scalp_pingpong,ETHUSDT,okx_spot,1.4951956618444413,0.0,-1.4951956618444413,2274.033232634064,10132.061647501758
2025-05-23 05:33:00+00:00,order,sell,2691.931337878521,0.69591149,scalp_pingpong,ETHUSDT,okx_spot,1.8733459483207349,-4.6078651088349805,7.085889934596871,2281.1191225686607,10134.539672631148
2025-05-23 06:18:00+00:00,order,buy,2671.198579649918,0.79970954,scalp_pingpong,ETHUSDT,okx_spot,1.7089463899043917,0.0,-1.7089463899043917,2279.4101761787565,10132.830726033915
2025-05-23 08:42:00+00:00,order,sell,2670.6113543722868,0.79970954,scalp_pingpong,ETHUSDT,okx_spot,2.135713377723839,-0.5128972100386008,-2.0924259691362805,2277.31775020962,10130.225402993668
2025-05-27 13:42:00+00:00,order,buy,2656.7585902921555,0.7974474,scalp_pingpong,ETHUSDT,okx_spot,1.6949001842049158,0.0,-1.6949001842049158,2275.622850025415,10128.530502670936
2025-05-27 13:51:00+00:00,order,sell,2653.8,0.7974474,scalp_pingpong,ETHUSDT,okx_spot,2.11626591012,-0.0,-4.47558619066458,2271.1472638347504,10124.054916595083
2025-05-28 13:48:00+00:00,order,buy,2661.3885830822096,0.85203693,scalp_pingpong,ETHUSDT,okx_spot,1.814081086293133,0.0,-1.814081086293133,2269.333182748457,10122.240835584676
2025-05-28 14:00:00+00:00,order,sell,2657.25,0.85203693,scalp_pingpong,ETHUSDT,okx_spot,2.2640751322425,-0.0,-5.79030070985856,2263.5428820385987,10116.450534787133
2025-05-29 12:51:00+00:00,order,buy,2690.006868914993,0.8596532,scalp_pingpong,ETHUSDT,okx_spot,1.8499784103078034,0.0,-1.8499784103078034,2261.692903628291,10114.600556704394
2025-05-29 13:18:00+00:00,order,sell,2690.83,0.8596532,scalp_pingpong,ETHUSDT,okx_spot,2.313180620156,-0.0,-1.6055730627268718,2260.087330565564,10112.994983363715
2025-05-29 13:39:00+00:00,order,buy,2662.1885518550866,0.68252876,scalp_pingpong,ETHUSDT,okx_spot,1.4536162009470783,0.0,-1.4536162009470783,2258.633714364617,10111.541366876352
2025-05-29 13:57:00+00:00,order,sell,2662.99,0.68252876,scalp_pingpong,ETHUSDT,okx_spot,1.8175672625923998,-0.0,-1.2705561322239536,2257.363158232393,10110.270811030327
2025-05-30 00:36:00+00:00,order,buy,2623.479999999,0.68984364,scalp_pingpong,ETHUSDT,okx_spot,1.4478327941332083,0.0,-1.4478327941332083,2255.9153254382595,10108.822977841093
2025-05-30 00:48:00+00:00,order,sell,2625.21,0.68984364,scalp_pingpong,ETHUSDT,okx_spot,1.8109844221644,-0.0,-0.6175553113598273,2255.2977701268996,10108.20542293412
2025-05-30 00:57:00+00:00,order,buy,2573.8185465936936,0.89466966,scalp_pingpong,ETHUSDT,okx_spot,1.8421738911861394,0.0,-1.8421738911861394,2253.4555962357135,10106.363248529018
2025-05-30 05:51:00+00:00,order,sell,2640.780615314394,0.89466966,scalp_pingpong,ETHUSDT,okx_spot,2.36262629523792,-1.5751691047195095,59.121473568112094,2312.5770698038255,10163.909554158648
2025-05-30 12:15:00+00:00,order,buy,2589.0124131321268,0.99323865,scalp_pingpong,ETHUSDT,okx_spot,2.0572057552420766,0.0,-2.0572057552420766,2310.5198640485833,10161.852347885724
2025-05-30 12:24:00+00:00,order,sell,2590.2114051963185,0.99323865,scalp_pingpong,ETHUSDT,okx_spot,2.572698079311795,-6.368055441794229,4.9862427736194945,2315.5061068222026,10160.4705350776
2025-05-30 16:36:00+00:00,order,buy,2543.2703764424755,0.99739412,scalp_pingpong,ETHUSDT,okx_spot,2.0293143352271295,0.0,-2.0293143352271295,2313.4767924869752,10158.441220272962
2025-05-30 16:48:00+00:00,order,sell,2547.74,0.99739412,scalp_pingpong,ETHUSDT,okx_spot,2.5411008952888,-0.0,1.9168749021791522,2315.3936673891544,10160.358095677258
2025-05-31 01:42:00+00:00,order,buy,2492.994465762792,1.11289266,scalp_pingpong,ETHUSDT,okx_spot,2.219548193894426,0.0,-2.219548193894426,2313.17411919526,10158.13854693591
2025-05-31 01:48:00+00:00,order,sell,2494.9712335692625,1.11289266,scalp_pingpong,ETHUSDT,okx_spot,2.776635172750378,-3.751821094377933,3.175115801213862,2316.349234996474,10157.561842165273
2025-06-01 01:57:00+00:00,order,buy,2505.129999999,0.90218073,scalp_pingpong,ETHUSDT,okx_spot,1.8080640097151983,0.0,-1.8080640097151983,2314.541170986759,10155.753778257145
2025-06-01 03:06:00+00:00,order,sell,2505.01,0.90218073,scalp_pingpong,ETHUSDT,okx_spot,2.2599717504573,-0.0,-2.368233315799973,2312.172937670959,10153.38554481879
2025-06-03 13:36:00+00:00,order,buy,2608.719999999,0.82837285,scalp_pingpong,ETHUSDT,okx_spot,1.7287942570009376,0.0,-1.7287942570009376,2310.444143413958,10151.656751598886
2025-06-03 13:45:00+00:00,order,sell,2627.6714281219524,0.82837285,scalp_pingpong,ETHUSDT,okx_spot,2.176691669776952,-0.5147741844517322,14.036932076354944,2324.481075490313,10165.178908644404
2025-06-03 20:21:00+00:00,order,buy,2608.775296275823,0.76010883,scalp_pingpong,ETHUSDT,okx_spot,1.5863625105480954,0.0,-1.5863625105480954,2322.894712979765,10163.592545944895
2025-06-03 20:30:00+00:00,order,sell,2604.39,0.76010883,scalp_pingpong,ETHUSDT,okx_spot,1.9796198357636998,-0.0,-5.312922256630102,2317.581790723135,10158.279623643859
2025-06-03 22:03:00+00:00,order,buy,2588.2486740057334,0.85693555,scalp_pingpong,ETHUSDT,okx_spot,1.774369840796699,0.0,-1.774369840796699,2315.807420882338,10156.50525364165
2025-06-03 23:27:00+00:00,order,sell,2593.5304093448276,0.85693555,scalp_pingpong,ETHUSDT,okx_spot,2.222488407773635,-1.5856815496351224,3.8892997143563695,2319.6967205966944,10158.808872064455
2025-06-04 14:09:00+00:00,order,buy,2596.8597660865566,0.81250975,scalp_pingpong,ETHUSDT,okx_spot,1.6879791034624374,0.0,-1.6879791034624374,2318.008741493232,10157.120892994286
2025-06-04 15:21:00+00:00,order,sell,2654.3213683691993,0.81250975,scalp_pingpong,ETHUSDT,okx_spot,2.156661991433316,-1.2442517308160304,45.775701930762956,2363.7844434239946,10201.65234368274
2025-06-05 13:51:00+00:00,order,buy,2592.6285840982996,0.84711941,scalp_pingpong,ETHUSDT,okx_spot,1.7570127972083898,0.0,-1.7570127972083898,2362.027430626786,10199.895330268602
2025-06-05 14:54:00+00:00,order,sell,2592.56,0.84711941,scalp_pingpong,ETHUSDT,okx_spot,2.1962078975896,-0.0,-2.2543068607890273,2359.7731237659973,10197.641023449441
2025-06-09 17:00:00+00:00,order,buy,2559.9779315805795,0.85769749,scalp_pingpong,ETHUSDT,okx_spot,1.756549317097644,0.0,-1.756549317097644,2358.0165744488995,10195.884473806522
2025-06-09 18:42:00+00:00,order,sell,2576.2106564698265,0.85769749,scalp_pingpong,ETHUSDT,okx_spot,2.2096094137654223,-0.3436420485225115,12.056799701618159,2370.073374150518,10207.59763194845
2025-06-10 05:27:00+00:00,order,buy,2676.488620425033,0.68919323,scalp_pingpong,ETHUSDT,okx_spot,1.475694269895178,0.0,-1.475694269895178,2368.5976798806228,10206.121938681335
2025-06-10 05:30:00+00:00,order,sell,2671.4613385979355,0.68919323,scalp_pingpong,ETHUSDT,okx_spot,1.841153068768435,-65.5156309964348,60.209710492235374,2428.807390372858,10200.816016961759
2025-06-10 13:33:00+00:00,order,buy,2739.248554375711,0.66515191,scalp_pingpong,ETHUSDT,okx_spot,1.4576131263261944,0.0,-1.4576131263261944,2427.349777246532,10199.358404513303
2025-06-10 13:36:00+00:00,order,sell,2737.821459247016,0.16850427,scalp_pingpong,ETHUSDT,okx_spot,0.4613346063807532,-27.200205152753135,26.49839908248181,2453.8481763290138,10197.947834842049
2025-06-10 14:03:00+00:00,order,sell,2738.7613494531274,0.49664764,scalp_pingpong,ETHUSDT,okx_spot,1.3601993607291112,-0.21422868791106126,-1.3879393792073933,2452.4602369498066,10197.054429743443
2025-06-10 15:36:00+00:00,order,buy,2708.159999999,0.83356237,scalp_pingpong,ETHUSDT,okx_spot,1.805936214350693,0.0,-1.805936214350693,2450.6543007354558,10195.248493223078
2025-06-10 19:45:00+00:00,order,sell,2782.17,0.83356237,scalp_pingpong,ETHUSDT,okx_spot,2.3191122189429003,-0.0,59.372838474705425,2510.0271392101613,10254.62133274877
2025-06-10 19:48:00+00:00,order,buy,2771.789999999,0.6275258,scalp_pingpong,ETHUSDT,okx_spot,1.3914957897450981,0.0,-1.3914957897450981,2508.6356434204163,10253.229836855224
2025-06-10 19:51:00+00:00,order,sell,2771.79,0.6275258,scalp_pingpong,ETHUSDT,okx_spot,1.739369737182,-0.0,-1.739369100254675,2506.8962743201614,10251.49046711867
2025-06-11 00:24:00+00:00,order,buy,2808.105843435503,0.86851471,scalp_pingpong,ETHUSDT,okx_spot,1.9511049858085532,0.0,-1.9511049858085532,2504.945169334353,10249.53936249602
2025-06-11 04:36:00+00:00,order,sell,2798.84,0.86851471,scalp_pingpong,ETHUSDT,okx_spot,2.4308337109364,-0.0,-10.478354672069106,2494.466814662284,10239.061007368135
2025-06-11 17:06:00+00:00,order,buy,2840.379999999,0.79100429,scalp_pingpong,ETHUSDT,okx_spot,1.7974022121835276,0.0,-1.7974022121835276,2492.6694124501005,10237.263605571352
2025-06-11 17:48:00+00:00,order,sell,2841.2,0.79100429,scalp_pingpong,ETHUSDT,okx_spot,2.247401388748,-0.0,-1.5987775474157901,2491.0706349026846,10235.664827709395
2025-06-11 21:36:00+00:00,order,buy,2790.3185802032554,0.76925033,scalp_pingpong,ETHUSDT,okx_spot,1.7171627909011884,0.0,-1.7171627909011884,2489.3534721117835,10233.94766440968
2025-06-11 21:57:00+00:00,order,sell,2787.19,0.76925033,scalp_pingpong,ETHUSDT,okx_spot,2.1440468272727,-0.0,-4.550708681672472,2484.802763430111,10229.396956197335
2025-07-09 20:00:00+00:00,order,buy,2764.9256150824694,0.82346407,scalp_pingpong,ETHUSDT,okx_spot,1.821453520194451,0.0,-1.821453520194451,2482.9813099099165,10227.575502454498
2025-07-09 22:27:00+00:00,order,sell,2764.88,0.82346407,scalp_pingpong,ETHUSDT,okx_spot,2.2767793378616004,-0.0,-2.314341973254588,2480.666967936662,10225.261160734717
2025-07-10 07:24:00+00:00,order,buy,2806.9486881745192,0.75996877,scalp_pingpong,ETHUSDT,okx_spot,1.7065546736040822,0.0,-1.7065546736040822,2478.960413263058,10223.5546064818
2025-07-10 07:39:00+00:00,order,sell,2807.65,0.75996877,scalp_pingpong,ETHUSDT,okx_spot,2.1337263170905,-0.0,-1.6007508114627536,2477.3596624515953,10221.953855257121
2025-07-10 07:48:00+00:00,order,buy,2791.098594004136,0.84277141,scalp_pingpong,ETHUSDT,okx_spot,1.8818064780143064,0.0,-1.8818064780143064,2475.477855973581,10220.07204861359
2025-07-10 07:51:00+00:00,order,sell,2791.1,0.75996878,scalp_pingpong,ETHUSDT,okx_spot,2.1211488618580003,-0.0,-2.120080491824592,2473.3577754817566,10217.952084684866
2025-07-10 16:30:00+00:00,order,sell,2806.5,0.08280263,scalp_pingpong,ETHUSDT,okx_spot,0.232385581095,-0.0,1.0428913254873486,2474.400666807244,10218.99485975977
2025-07-10 18:45:00+00:00,order,buy,2799.2181537147662,0.74832153,scalp_pingpong,ETHUSDT,okx_spot,1.6757721692732874,0.0,-1.6757721692732874,2472.7248946379705,10217.319087517679
2025-07-10 21:21:00+00:00,order,sell,2904.5414524546577,0.74832153,scalp_pingpong,ETHUSDT,okx_spot,2.173530903649292,-32.650355256991816,109.29251649222067,2582.0174111301912,10293.961249724945
2025-07-10 22:03:00+00:00,order,buy,2957.1885971357287,1.04353251,scalp_pingpong,ETHUSDT,okx_spot,2.4687379514499406,0.0,-2.4687379514499406,2579.5486731787414,10291.492512299967
2025-07-10 22:27:00+00:00,order,sell,2955.74,1.04353251,scalp_pingpong,ETHUSDT,okx_spot,3.0844107811073997,-0.0,-4.596067406429247,2574.9526057723124,10286.896443299349
2025-07-11 06:03:00+00:00,order,buy,3005.817137726155,0.75198998,scalp_pingpong,ETHUSDT,okx_spot,1.8082754954258788,0.0,-1.8082754954258788,2573.1443302768866,10285.088168304694
2025-07-11 06:12:00+00:00,order,sell,3012.1013946234884,0.75198998,scalp_pingpong,ETHUSDT,okx_spot,2.265070067500889,-4.189632931489022,6.650261568813979,2579.794591845701,10287.548796518577
2025-07-11 13:39:00+00:00,order,buy,2982.095647758479,0.74938144,scalp_pingpong,ETHUSDT,okx_spot,1.7877817045879854,0.0,-1.7877817045879854,2578.006810141113,10285.761014513932
2025-07-11 13:45:00+00:00,order,sell,2990.7013120436054,0.74938144,scalp_pingpong,ETHUSDT,okx_spot,2.241176055829126,-3.4031749587264755,7.6109237598267026,2585.6177339009396,10289.968763638304
2025-07-15 00:39:00+00:00,order,buy,2997.8986177462752,0.66957796,scalp_pingpong,ETHUSDT,okx_spot,1.6058614726058968,0.0,-1.6058614726058968,2584.011872428334,10288.36290223767
2025-07-15 03:12:00+00:00,order,sell,2946.6514153299245,0.66957796,scalp_pingpong,ETHUSDT,okx_spot,1.9730128435077237,-4.018415433723496,-32.26859450140192,2551.743277926932,10252.075891632045
2025-07-15 03:15:00+00:00,order,buy,2935.7394233456553,0.78979712,scalp_pingpong,ETHUSDT,okx_spot,1.8549108333030877,0.0,-1.8549108333030877,2549.888367093629,10250.22098068962
2025-07-15 06:21:00+00:00,order,sell,2980.8112435780163,0.78979712,scalp_pingpong,ETHUSDT,okx_spot,2.3542361354415355,-2.2913938223358636,35.53475087797912,2585.423117971608,10283.464338817574
2025-07-15 14:48:00+00:00,order,buy,3004.1486087249195,0.65811828,scalp_pingpong,ETHUSDT,okx_spot,1.58166809219075,0.0,-1.58166809219075,2583.8414498794173,10281.882670958757
2025-07-15 18:36:00+00:00,order,sell,3055.06,0.65811828,scalp_pingpong,ETHUSDT,okx_spot,2.0105908324968,-0.0,31.49512710995754,2615.336576989375,10313.377797893738
2025-07-16 12:57:00+00:00,order,buy,3165.478704702232,0.68233481,scalp_pingpong,ETHUSDT,okx_spot,1.727933048425635,0.0,-1.727933048425635,2613.608643940949,10311.6498659495
2025-07-16 13:09:00+00:00,order,sell,3184.5514287283027,0.68233481,scalp_pingpong,ETHUSDT,okx_spot,2.172930294056555,-3.897106636154833,14.738161479910419,2628.3468054208597,10322.49091937068
2025-07-16 14:12:00+00:00,order,buy,3180.3485743944166,0.61518722,scalp_pingpong,ETHUSDT,okx_spot,1.5652078384901316,0.0,-1.5652078384901316,2626.7815975823696,10320.925711490163
2025-07-16 14:36:00+00:00,order,sell,3234.061456888633,0.61518722,scalp_pingpong,ETHUSDT,okx_spot,1.9895532769724682,-2.547771350067986,33.60169708159786,2660.3832946639673,10351.979637610122
2025-07-16 20:39:00+00:00,order,buy,3396.4487824702737,0.6693842,scalp_pingpong,ETHUSDT,okx_spot,1.8188233208758706,0.0,-1.8188233208758706,2658.5644713430916,10350.16081591312
2025-07-16 20:48:00+00:00,order,sell,3386.44,0.6693842,scalp_pingpong,ETHUSDT,okx_spot,2.266829430248,-0.0,-8.96654811608416,2649.5979232270074,10341.194265535945
2025-07-17 07:06:00+00:00,order,buy,3414.6885580951457,0.6074031,scalp_pingpong,ETHUSDT,okx_spot,1.6592739325772172,0.0,-1.6592739325772172,2647.93864929443,10339.534991885854
2025-07-17 11:03:00+00:00,order,sell,3451.21,0.6074031,scalp_pingpong,ETHUSDT,okx_spot,2.0962756527510003,-0.0,20.086961559125076,2668.025610853555,10359.621953627797
2025-07-17 19:54:00+00:00,order,buy,3406.5685733736973,0.63589273,scalp_pingpong,ETHUSDT,okx_spot,1.7329697520438447,0.0,-1.7329697520438447,2666.292641101511,10357.888983429337
2025-07-17 20:00:00+00:00,order,sell,3412.01,0.63589273,scalp_pingpong,ETHUSDT,okx_spot,2.1696723536873,-0.0,1.2904911976067446,2667.5831322991176,10359.179474762557
2025-07-17 21:30:00+00:00,order,buy,3467.7986057571343,0.66698492,scalp_pingpong,ETHUSDT,okx_spot,1.8503755005096272,0.0,-1.8503755005096272,2665.732756798608,10357.329099819934
2025-07-17 22:00:00+00:00,order,sell,3473.811324154972,0.66698492,scalp_pingpong,ETHUSDT,okx_spot,2.3169797681365982,-4.076161052598339,5.769574396326428,2671.5023311949344,10359.02251261149
2025-07-18 14:21:00+00:00,order,buy,3605.6985741096473,0.85931811,scalp_pingpong,ETHUSDT,okx_spot,2.478753667146878,0.0,-2.478753667146878,2669.0235775277874,10356.543760263214
2025-07-18 15:21:00+00:00,order,sell,3536.4814211031767,0.85931811,scalp_pingpong,ETHUSDT,okx_spot,3.038962530832496,7.95606451890392,-70.47457877183827,2598.548998755949,10294.025243939108
2025-07-19 21:03:00+00:00,order,buy,3560.914023431184,0.61765148,scalp_pingpong,ETHUSDT,okx_spot,1.7595230533800206,0.0,-1.7595230533800206,2596.789475702569,10292.265721130054
2025-07-19 21:15:00+00:00,order,sell,3551.96,0.61765148,scalp_pingpong,ETHUSDT,okx_spot,2.1938733509008004,-0.0,-7.724339622971753,2589.065136079597,10284.541381865387
2025-07-20 09:09:00+00:00,order,buy,3702.70861327146,0.51527969,scalp_pingpong,ETHUSDT,okx_spot,1.5263444371254782,0.0,-1.5263444371254782,2587.5387916424716,10283.015038935748
2025-07-20 09:24:00+00:00,order,sell,3705.5913713426303,0.51527969,scalp_pingpong,ETHUSDT,okx_spot,1.9094159730921054,-2.6698554192054904,2.2458675493168885,2589.7846591917883,10282.591049676741
2025-07-20 17:06:00+00:00,order,buy,3776.6351722723152,0.60108003,scalp_pingpong,ETHUSDT,okx_spot,1.8160479861187986,0.0,-1.8160479861187986,2587.9686112056693,10280.77500240106
2025-07-20 17:27:00+00:00,order,sell,3773.471332796148,0.60108003,scalp_pingpong,ETHUSDT,okx_spot,2.268158261921249,-1.8641492101487434,-2.3057290397561028,2585.6628821659133,10276.60512338025
2025-07-20 17:45:00+00:00,order,buy,3746.203654536448,0.50035265,scalp_pingpong,ETHUSDT,okx_spot,1.499538340789597,0.0,-1.499538340789597,2584.163343825124,10275.105584766783
2025-07-20 17:54:00+00:00,order,sell,3739.93,0.50035265,scalp_pingpong,ETHUSDT,okx_spot,1.8712838863144998,-0.0,-5.010323863126046,2579.153019961998,10270.095261145236
2025-07-22 00:42:00+00:00,order,buy,3748.7687474158965,0.61410577,scalp_pingpong,ETHUSDT,okx_spot,1.8417124145470196,0.0,-1.8417124145470196,2577.3113075474507,10268.253548819075
2025-07-22 00:57:00+00:00,order,sell,3743.79,0.61410577,scalp_pingpong,ETHUSDT,okx_spot,2.2990830406683,-0.0,-5.356560530491969,2571.9547470169587,10262.896988213144
2025-07-23 00:33:00+00:00,order,buy,3730.0563996159217,0.62524383,scalp_pingpong,ETHUSDT,okx_spot,1.8657557995294953,0.0,-1.8657557995294953,2570.0889912174293,10261.031232276278
2025-07-23 00:57:00+00:00,order,sell,3729.89,0.62524383,scalp_pingpong,ETHUSDT,okx_spot,2.3320907090786998,-0.0,-2.4361312293712283,2567.652859988058,10258.595101232366
2025-07-24 15:39:00+00:00,order,buy,3721.148985094356,0.52822204,scalp_pingpong,ETHUSDT,okx_spot,1.572474326440376,0.0,-1.572474326440376,2566.0803856616176,10257.022626818516
2025-07-24 15:57:00+00:00,order,sell,3730.541254000822,0.52822204,scalp_pingpong,ETHUSDT,okx_spot,1.9705541114924723,-3.6401122464722766,6.630761487907701,2572.7111471495255,10260.013276242948
2025-07-24 21:33:00+00:00,order,buy,3715.167005392509,0.53400489,scalp_pingpong,ETHUSDT,okx_spot,1.5871338784370048,0.0,-1.5871338784370048,2571.1240132710886,10258.42614221077
2025-07-24 22:09:00+00:00,order,sell,3711.8111761236914,0.53400489,scalp_pingpong,ETHUSDT,okx_spot,1.9821253188067023,-1.0045572490025607,-2.7695973691776947,2568.354415901911,10254.651987618852
2025-07-25 13:42:00+00:00,order,buy,3680.8458153483507,0.62213737,scalp_pingpong,ETHUSDT,okx_spot,1.831993387949063,0.0,-1.831993387949063,2566.5224225139623,10252.819993921248
2025-07-25 13:51:00+00:00,order,sell,3700.651426841096,0.62213737,scalp_pingpong,ETHUSDT,okx_spot,2.3023135459816673,-10.850963423966885,20.87046058011186,2587.392883094074,10262.83949161866
2025-07-26 02:39:00+00:00,order,buy,3734.9067446401295,0.6141482,scalp_pingpong,ETHUSDT,okx_spot,1.8350290035108763,0.0,-1.8350290035108763,2585.557854090563,10261.004462957704
2025-07-26 03:09:00+00:00,order,sell,3736.5109679862308,0.6141482,scalp_pingpong,ETHUSDT,okx_spot,2.2947714852690013,-1.830756123001119,0.5212160587477868,2586.079070149311,10259.694922368883
2025-07-26 09:03:00+00:00,order,buy,3753.8385859706755,0.5726854,scalp_pingpong,ETHUSDT,okx_spot,1.7198148417136407,0.0,-1.7198148417136407,2584.3592553075973,10257.975107700446
2025-07-26 09:09:00+00:00,order,sell,3757.8112578802547,0.5726854,scalp_pingpong,ETHUSDT,okx_spot,2.152043643343657,-0.7223039736567356,0.8453517212375232,2585.2046070288347,10258.098155298436
2025-07-26 16:15:00+00:00,order,buy,3725.7742233160916,0.52152099,scalp_pingpong,ETHUSDT,okx_spot,1.5544555691682311,0.0,-1.5544555691682311,2583.6501514596666,10256.543699408896
2025-07-26 16:36:00+00:00,order,sell,3728.9411609899425,0.52152099,scalp_pingpong,ETHUSDT,okx_spot,1.944721085931224,-1.043647460624188,0.75055056498435,2584.400702024651,10256.25060282557
2025-07-26 22:36:00+00:00,order,buy,3747.8685979564066,0.66000576,scalp_pingpong,ETHUSDT,okx_spot,1.978891889899482,0.0,-1.978891889899482,2582.4218101347515,10254.271711124946
2025-07-26 23:09:00+00:00,order,sell,3749.0907028658803,0.66000576,scalp_pingpong,ETHUSDT,okx_spot,2.47442145865393,-0.1786654507293993,-1.4891595074033215,2580.9326506273483,10252.60388595809
2025-07-27 23:09:00+00:00,order,buy,3843.838659351849,0.5562502,scalp_pingpong,ETHUSDT,okx_spot,1.7105088184257584,0.0,-1.7105088184257584,2579.2221418089225,10250.893378087143
2025-07-28 00:18:00+00:00,order,sell,3881.3714136274757,0.5562502,scalp_pingpong,ETHUSDT,okx_spot,2.159013625104566,-0.6627240685661768,19.381313475530302,2598.6034552844526,10269.611966909733
2025-07-28 07:12:00+00:00,order,buy,3883.389999999,0.48098851,scalp_pingpong,ETHUSDT,okx_spot,1.4942927758787352,0.0,-1.4942927758787352,2597.1091625085737,10268.11767415404
2025-07-28 08:12:00+00:00,order,sell,3888.59,0.48098851,scalp_pingpong,ETHUSDT,okx_spot,1.8703671101009,-0.0,0.6307735378934616,2597.7399360464674,10268.748447348422
2025-07-28 14:21:00+00:00,order,buy,3804.188555997491,0.55435899,scalp_pingpong,ETHUSDT,okx_spot,1.687108900537862,0.0,-1.687108900537862,2596.0528271459293,10267.06133760387
2025-07-28 15:27:00+00:00,order,sell,3814.3813777676505,0.55435899,scalp_pingpong,ETHUSDT,okx_spot,2.114536608054083,-5.156302384883237,8.692247366570204,2604.7450745124997,10270.597283479497
2025-07-29 00:39:00+00:00,order,buy,3758.1985534247947,0.60025506,scalp_pingpong,ETHUSDT,okx_spot,1.8047021585423308,0.0,-1.8047021585423308,2602.9403723539576,10268.792580759127
2025-07-29 02:00:00+00:00,order,sell,3765.791292251296,0.60025506,scalp_pingpong,ETHUSDT,okx_spot,2.260435278077779,-4.046494784779106,6.343638946666919,2609.2840113006246,10271.089725456844
2025-07-29 14:09:00+00:00,order,buy,3797.129999999,0.54813089,scalp_pingpong,ETHUSDT,okx_spot,1.6650593970761216,0.0,-1.6650593970761216,2607.6189519035483,10269.424666373154
2025-07-29 14:39:00+00:00,order,sell,3809.3812919726392,0.54813089,scalp_pingpong,ETHUSDT,okx_spot,2.0880395579183126,-3.804736546712576,8.432008951269689,2616.050960854818,10274.05193851091
2025-07-29 19:27:00+00:00,order,buy,3760.5352027706463,0.59178901,scalp_pingpong,ETHUSDT,okx_spot,1.7803547237742319,0.0,-1.7803547237742319,2614.270606131044,10272.271583298674
2025-07-29 20:03:00+00:00,order,sell,3762.2,0.59178901,scalp_pingpong,ETHUSDT,okx_spot,2.2264286134219997,-0.0,-1.2412202751603996,2613.029385855884,10271.03036340611
2025-07-30 19:09:00+00:00,order,buy,3684.797174646332,0.75236092,scalp_pingpong,ETHUSDT,okx_spot,2.217837913864252,0.0,-2.217837913864252,2610.81154794202,10268.812524718218
2025-07-30 19:18:00+00:00,order,sell,3717.35,0.75236092,scalp_pingpong,ETHUSDT,okx_spot,2.7967888659619997,-0.0,21.69468400834269,2632.5062319503627,10290.50720980947
2025-08-05 12:30:00+00:00,order,buy,3646.3886136580986,0.60196423,scalp_pingpong,ETHUSDT,okx_spot,1.755996411281172,0.0,-1.755996411281172,2630.7502355390816,10288.751212688574
2025-08-05 13:57:00+00:00,order,sell,3646.711247861816,0.60196423,scalp_pingpong,ETHUSDT,okx_spot,2.1951897283514774,-3.281456221677078,1.2804803592520861,2632.0307158983337,10286.750237213462
2025-08-05 14:21:00+00:00,order,buy,3579.774926412434,0.62874352,scalp_pingpong,ETHUSDT,okx_spot,1.8006082304322357,0.0,-1.8006082304322357,2630.2301076679014,10284.949628313667
2025-08-05 14:36:00+00:00,order,sell,3575.79,0.62874352,scalp_pingpong,ETHUSDT,okx_spot,2.2482547913807998,-0.0,-4.753752117012295,2625.476355550889,10280.195876822941
2025-08-06 12:18:00+00:00,order,buy,3589.209999999,0.62862164,scalp_pingpong,ETHUSDT,okx_spot,1.8050040612030172,0.0,-1.8050040612030172,2623.671351489686,10278.39087289594
2025-08-06 12:45:00+00:00,order,sell,3594.2110378174516,0.62862164,scalp_pingpong,ETHUSDT,okx_spot,2.2593988370989084,-0.8115743101083979,1.6959361624973521,2625.367287652183,10279.275234703988
2025-08-07 01:39:00+00:00,order,buy,3691.8087675018937,0.58498658,scalp_pingpong,ETHUSDT,okx_spot,1.7277268679319586,0.0,-1.7277268679319586,2623.6395607842514,10277.547508812033
2025-08-07 06:21:00+00:00,order,sell,3694.6812800106904,0.58498658,scalp_pingpong,ETHUSDT,okx_spot,2.161338966183476,-0.7495316114761127,0.2685749398079481,2623.9081357240593,10277.066551143103
2025-08-09 05:45:00+00:00,order,buy,4179.187709478621,0.44722995,scalp_pingpong,ETHUSDT,okx_spot,1.4952463282805906,0.0,-1.4952463282805906,2622.4128893957786,10275.571309659887
2025-08-09 05:57:00+00:00,order,sell,4181.411192024115,0.44722995,scalp_pingpong,ETHUSDT,okx_spot,1.8700523183383853,-4.088214851885077,3.212575394982795,2625.6254647907613,10274.69566535143
2025-08-09 20:33:00+00:00,order,buy,4267.06107364138,0.47352665,scalp_pingpong,ETHUSDT,okx_spot,1.6164537084374448,0.0,-1.6164537084374448,2624.009011082324,10273.079212499491
2025-08-09 21:18:00+00:00,order,sell,4281.281356424129,0.47352665,scalp_pingpong,ETHUSDT,okx_spot,2.027300818414974,-7.11774785247365,11.82413078096021,2635.8331418632843,10277.785594691448
2025-08-09 21:24:00+00:00,order,buy,4268.9389304224405,0.54839884,scalp_pingpong,ETHUSDT,okx_spot,1.8728649259796057,0.0,-1.8728649259796057,2633.9602769373046,10275.912729642045
2025-08-09 22:27:00+00:00,order,sell,4307.35,0.54839884,scalp_pingpong,ETHUSDT,okx_spot,2.3621457434740005,-0.0,18.70244027479771,2652.6627172121025,10294.615170282173
2025-08-10 20:18:00+00:00,order,buy,4222.228727904645,0.51659199,scalp_pingpong,ETHUSDT,okx_spot,1.7449356326267433,0.0,-1.7449356326267433,2650.9177815794756,10292.870233798334
2025-08-10 21:00:00+00:00,order,sell,4216.66,0.51659199,scalp_pingpong,ETHUSDT,okx_spot,2.1782927805534,-0.0,-5.0550534776843765,2645.862728101791,10287.815180732065
2025-08-11 14:48:00+00:00,order,buy,4280.69860200448,0.68325446,scalp_pingpong,ETHUSDT,okx_spot,2.3398451293882605,0.0,-2.3398451293882605,2643.522882972403,10285.475336243064
2025-08-11 14:57:00+00:00,order,sell,4280.5,0.68325446,scalp_pingpong,ETHUSDT,okx_spot,2.92467071603,-0.0,-3.0603658366571334,2640.4625171357457,10282.414969819722
2025-08-12 05:09:00+00:00,order,buy,4297.8663137062695,0.50395876,scalp_pingpong,ETHUSDT,okx_spot,1.732757902480946,0.0,-1.732757902480946,2638.7297592332648,10280.682212090906
2025-08-12 05:18:00+00:00,order,sell,4297.141190109997,0.50395876,scalp_pingpong,ETHUSDT,okx_spot,2.1655819457127583,-0.8018941947584094,-1.7291199677015436,2637.000639265563,10278.151197749516
2025-08-12 13:48:00+00:00,order,buy,4356.5385563473255,0.62294561,scalp_pingpong,ETHUSDT,okx_spot,2.1711092547778432,0.0,-2.1711092547778432,2634.829530010785,10275.980089088713
2025-08-12 18:12:00+00:00,order,sell,4503.101298407554,0.62294561,scalp_pingpong,ETHUSDT,okx_spot,2.805187185228286,-2.311937050385656,90.80736720786166,2725.636897218647,10364.475520125094
2025-08-13 13:45:00+00:00,order,buy,4675.051847694014,0.51366719,scalp_pingpong,ETHUSDT,okx_spot,1.921136596567434,0.0,-1.921136596567434,2723.7157606220794,10362.554385248031
2025-08-13 13:57:00+00:00,order,sell,4670.351421510432,0.51366719,scalp_pingpong,ETHUSDT,okx_spot,2.3990062909997696,-6.1493264475692975,1.3358686321793396,2725.051629254259,10357.740924200503
2025-08-13 15:00:00+00:00,order,buy,4651.088638395783,0.48023076,scalp_pingpong,ETHUSDT,okx_spot,1.7868766653153376,0.0,-1.7868766653153376,2723.2647525889433,10355.95404734256
2025-08-13 15:54:00+00:00,order,sell,4655.461422702267,0.48023076,scalp_pingpong,ETHUSDT,okx_spot,2.235695777174991,-1.2204693557907298,1.0847188698022254,2724.3494714587455,10355.818297139933
2025-08-13 23:03:00+00:00,order,buy,4743.4155014684275,0.5050848,scalp_pingpong,ETHUSDT,okx_spot,1.9166616559008642,0.0,-1.9166616559008642,2722.4328098028445,10353.901636363571
2025-08-13 23:15:00+00:00,order,sell,4745.401241668913,0.5050848,scalp_pingpong,ETHUSDT,okx_spot,2.3968300370680944,-1.6270002040943998,0.23313828230908884,2722.6659480851536,10352.507773538375
2025-08-14 00:42:00+00:00,order,buy,4732.807726583667,0.49552243,scalp_pingpong,ETHUSDT,okx_spot,1.8761699083196117,0.0,-1.8761699083196117,2720.789778176834,10350.63160350412
2025-08-14 01:51:00+00:00,order,sell,4725.631224663425,0.49552243,scalp_pingpong,ETHUSDT,okx_spot,2.341656267729096,-1.5862786241962434,-4.311495420028592,2716.478282756805,10344.733829494207
2025-08-14 10:48:00+00:00,order,buy,4693.9885704192175,0.40284427,scalp_pingpong,ETHUSDT,okx_spot,1.5127571192310987,0.0,-1.5127571192310987,2714.965525637574,10343.22107205855
2025-08-14 11:33:00+00:00,order,sell,4702.62137507867,0.40284427,scalp_pingpong,ETHUSDT,okx_spot,1.8944240749299632,-1.9704624228632244,3.5537138508316257,2718.5192394884057,10344.804323961038
2025-08-15 12:27:00+00:00,order,buy,4613.398623811204,0.48957036,scalp_pingpong,ETHUSDT,okx_spot,1.8068665800662047,0.0,-1.8068665800662047,2716.7123729083396,10342.997456488745
2025-08-15 12:36:00+00:00,order,sell,4641.07,0.48957036,scalp_pingpong,ETHUSDT,okx_spot,2.2721303106851996,-0.0,11.274954485859624,2727.9873273941994,10354.272412057218
2025-08-17 16:18:00+00:00,order,buy,4542.888721036308,0.48690571,scalp_pingpong,ETHUSDT,okx_spot,1.7695667665337407,0.0,-1.7695667665337407,2726.2177606276655,10352.502844308872
2025-08-17 16:30:00+00:00,order,sell,4538.82,0.48690571,scalp_pingpong,ETHUSDT,okx_spot,2.2099773746622,-0.0,-4.191061584737296,2722.026699042928,10348.311783388548
2025-08-17 19:03:00+00:00,order,buy,4453.991047406849,0.60769698,scalp_pingpong,ETHUSDT,okx_spot,2.1653415267649434,0.0,-2.1653415267649434,2719.861357516163,10346.146441013492
2025-08-17 19:36:00+00:00,order,sell,4456.3,0.60769698,scalp_pingpong,ETHUSDT,okx_spot,2.7080800519740005,-0.0,-1.3049374231292385,2718.556420093034,10344.841504502429
2025-08-18 01:36:00+00:00,order,buy,4410.918559230392,0.5328704,scalp_pingpong,ETHUSDT,okx_spot,1.8803583496196181,0.0,-1.8803583496196181,2716.6760617434143,10342.961145698995
2025-08-18 02:51:00+00:00,order,sell,4316.521446879582,0.5328704,scalp_pingpong,ETHUSDT,okx_spot,2.3001465100073015,3.4948588246983103,-56.09643278265164,2660.5796289607624,10290.359571227795
2025-08-23 02:30:00+00:00,order,buy,4685.898551078333,0.46710237,scalp_pingpong,ETHUSDT,okx_spot,1.7510354550306046,0.0,-1.7510354550306046,2658.828593505732,10288.608539466535
2025-08-23 03:39:00+00:00,order,sell,4694.97,0.46710237,scalp_pingpong,ETHUSDT,okx_spot,2.1930316140789,-0.0,2.044266426364975,2660.872859932097,10290.652803233816
2025-08-24 19:36:00+00:00,order,buy,4817.908537207855,0.41686201,scalp_pingpong,ETHUSDT,okx_spot,1.6067224294533011,0.0,-1.6067224294533011,2659.2661375026437,10289.046082033747
2025-08-24 19:39:00+00:00,order,sell,4805.291457659881,0.41686201,scalp_pingpong,ETHUSDT,okx_spot,2.003143455675928,-47.04765409162794,39.78493081535356,2699.0510683179973,10281.783357311202
2025-08-24 19:51:00+00:00,order,buy,4800.38854611479,0.61610166,scalp_pingpong,ETHUSDT,okx_spot,2.366021881525047,0.0,-2.366021881525047,2696.6850464364725,10279.417335380647
2025-08-24 19:54:00+00:00,order,sell,4780.76146311287,0.05024037,scalp_pingpong,ETHUSDT,okx_spot,0.24018722478853194,-4.437805389431922,3.211546238319588,2699.896592674792,10267.084869541146
2025-08-24 20:03:00+00:00,order,sell,4773.611419822922,0.56586129,scalp_pingpong,ETHUSDT,okx_spot,2.7012019159797296,-0.9627676158300488,-16.890573687072635,2683.0060189877195,10260.33773483406
2025-08-24 20:15:00+00:00,order,buy,4736.2018966056885,0.64781675,scalp_pingpong,ETHUSDT,okx_spot,2.454552736002347,0.0,-2.454552736002347,2680.551466251717,10257.883181723962
2025-08-24 20:21:00+00:00,order,sell,4810.691427989517,0.64781675,scalp_pingpong,ETHUSDT,okx_spot,3.1164464861330283,-24.481920058028336,69.62103906012337,2750.1725053118403,10303.022302112819
2025-08-25 00:36:00+00:00,order,buy,4710.2185526145895,0.45732486,scalp_pingpong,ETHUSDT,okx_spot,1.7232800321150958,0.0,-1.7232800321150958,2748.4492252797254,10301.299021075976
2025-08-25 01:06:00+00:00,order,sell,4717.621230087727,0.45732486,scalp_pingpong,ETHUSDT,okx_spot,2.1574854685828972,-2.465543545097679,3.693486255708932,2752.1427115354345,10302.526964120447
